code,name,oldRating,oldHeadline,oldAsOf,oldPrice,bear,base,displayScenarioRatio,FCFMissing,reviewStatus,currentQuote,conclusion
603596,伯特利,逢低增持,逢低增持：买的是“国产线控制动/EMB 卡位 + 底盘平台化”的期权，价格是 18 倍 PE 的零部件估值；现价不追高，等回调分批,数据截止 2026-09-14 收盘；westock、公司年报/半年报、neodata 一致预期；部分为第三方需核实原文。,28.54,22.7,33.4,0.8321917808219177,False,算术核实，实施口径待核,28.14,保留智能制动研究；撤回逢低增持认证
002284,亚太股份,观察,观察：TTM PE 12.4×（行业中位 17.8×），基准 +25% ÷ 悲观 −33% ≈ 0.77:1；最新单季营收 +4.2%、累计毛利率 21.2%,价格 2026-09-30 收盘；财务截至 2026-06-30（同花顺财务摘要，累计口径，已还原为单季）；TTM = 上年年报 + 本期累计 − 上年同期累计；程序化情景规则见「研究标准」页，不是目标价。,9.29,6.2,11.6,0.747572815533981,True,仅字段与算术审计，未完成一手深研,,保留历史筛选；模型未获本轮认证
002906,华阳集团,观察,观察：TTM PE 16.6×（行业中位 17.8×），基准 +24% ÷ 悲观 −50% ≈ 0.49:1；最新单季营收 +35.6%、累计毛利率 16.8%,价格 2026-09-30 收盘；财务截至 2026-06-30（同花顺财务摘要，累计口径，已还原为单季）；TTM = 上年年报 + 本期累计 − 上年同期累计；程序化情景规则见「研究标准」页，不是目标价。,26.62,13.3,33.1,0.4864864864864865,True,仅字段与算术审计，未完成一手深研,,保留历史筛选；模型未获本轮认证
600176,中国巨石,观察,观察：TTM PE 34.8×（行业中位 19.4×），基准 -7% ÷ 悲观 −77%，不成立；最新单季营收 +26.9%、累计毛利率 42.1%,价格 2026-09-30 收盘；财务截至 2026-06-30（同花顺财务摘要，累计口径，已还原为单季）；TTM = 上年年报 + 本期累计 − 上年同期累计；程序化情景规则见「研究标准」页，不是目标价。,39.41,9.3,36.5,-0.0966456326801726,True,仅字段与算术审计，未完成一手深研,,保留历史筛选；模型未获本轮认证
688019,安集科技,观察,观察：TTM PE 37.8×（行业中位 42.5×），基准 +27% ÷ 悲观 −49% ≈ 0.55:1；最新单季营收 +34.6%、累计毛利率 55.6%,价格 2026-09-30 收盘；财务截至 2026-06-30（同花顺财务摘要，累计口径，已还原为单季）；TTM = 上年年报 + 本期累计 − 上年同期累计；程序化情景规则见「研究标准」页，不是目标价。,211.0,106.8,268.2,0.5489443378119001,True,仅字段与算术审计，未完成一手深研,,保留历史筛选；模型未获本轮认证
603799,华友钴业,条件关注,条件关注：TTM PE 9.3×（行业中位 19.4×），基准 +50% ÷ 悲观 −30% ≈ 1.67:1；最新单季营收 +53.8%、累计毛利率 19.6%,价格 2026-09-30 收盘；财务截至 2026-06-30（同花顺财务摘要，累计口径，已还原为单季）；TTM = 上年年报 + 本期累计 − 上年同期累计；程序化情景规则见「研究标准」页，不是目标价。,35.0,24.5,52.5,1.6666666666666667,True,仅字段与算术审计，未完成一手深研,,保留历史筛选；模型未获本轮认证
603659,璞泰来,观察,观察：TTM PE 16.4×（行业中位 19.7×），基准 +32% ÷ 悲观 −46% ≈ 0.70:1；最新单季营收 +48.8%、累计毛利率 26.3%,价格 2026-09-30 收盘；财务截至 2026-06-30（同花顺财务摘要，累计口径，已还原为单季）；TTM = 上年年报 + 本期累计 − 上年同期累计；程序化情景规则见「研究标准」页，不是目标价。,21.45,11.6,28.4,0.7055837563451777,True,仅字段与算术审计，未完成一手深研,,保留历史筛选；模型未获本轮认证
002080,中材科技,观察,观察：TTM PE 44.8×（行业中位 19.4×），基准 -18% ÷ 悲观 −82%，不成立；最新单季营收 +20.2%、累计毛利率 21.3%,价格 2026-09-30 收盘；财务截至 2026-06-30（同花顺财务摘要，累计口径，已还原为单季）；TTM = 上年年报 + 本期累计 − 上年同期累计；程序化情景规则见「研究标准」页，不是目标价。,54.15,9.9,44.3,-0.2225988700564972,True,仅字段与算术审计，未完成一手深研,,保留历史筛选；模型未获本轮认证
002812,恩捷股份,观察,观察：TTM PE 42.3×（行业中位 19.7×），基准 -12% ÷ 悲观 −79%，不成立；最新单季营收 +57.0%、累计毛利率 29.9%,价格 2026-09-30 收盘；财务截至 2026-06-30（同花顺财务摘要，累计口径，已还原为单季）；TTM = 上年年报 + 本期累计 − 上年同期累计；程序化情景规则见「研究标准」页，不是目标价。,45.51,9.6,40.0,-0.1534391534391534,True,仅字段与算术审计，未完成一手深研,,保留历史筛选；模型未获本轮认证
600426,华鲁恒升,条件关注,条件关注：TTM PE 10.1×（行业中位 19.4×），基准 +34% ÷ 悲观 −30% ≈ 1.13:1；最新单季营收 +10.3%、累计毛利率 24.1%,价格 2026-09-30 收盘；财务截至 2026-06-30（同花顺财务摘要，累计口径，已还原为单季）；TTM = 上年年报 + 本期累计 − 上年同期累计；程序化情景规则见「研究标准」页，不是目标价。,19.43,13.6,26.0,1.1269296740994854,True,仅字段与算术审计，未完成一手深研,,保留历史筛选；模型未获本轮认证
600486,扬农化工,观察,观察：TTM PE 16.3×（行业中位 19.4×），基准 +14% ÷ 悲观 −50% ≈ 0.27:1；最新单季营收 +4.9%、累计毛利率 23.0%,价格 2026-09-30 收盘；财务截至 2026-06-30（同花顺财务摘要，累计口径，已还原为单季）；TTM = 上年年报 + 本期累计 − 上年同期累计；程序化情景规则见「研究标准」页，不是目标价。,51.18,25.7,58.1,0.2715855572998431,True,仅字段与算术审计，未完成一手深研,,保留历史筛选；模型未获本轮认证
600989,宝丰能源,条件关注,条件关注：TTM PE 10.6×（行业中位 19.4×），基准 +50% ÷ 悲观 −30% ≈ 1.67:1；最新单季营收 +40.8%、累计毛利率 43.6%,价格 2026-09-30 收盘；财务截至 2026-06-30（同花顺财务摘要，累计口径，已还原为单季）；TTM = 上年年报 + 本期累计 − 上年同期累计；程序化情景规则见「研究标准」页，不是目标价。,22.46,15.7,33.7,1.662721893491124,True,仅字段与算术审计，未完成一手深研,,保留历史筛选；模型未获本轮认证
000792,盐湖股份,观察,观察：TTM PE 10.5×（行业中位 19.4×），基准 +50% ÷ 悲观 −30% ≈ 1.67:1（数据稳定性存疑，见劣势）；最新单季营收 +67.3%、累计毛利率 71.4%,价格 2026-09-30 收盘；财务截至 2026-06-30（同花顺财务摘要，累计口径，已还原为单季）；TTM = 上年年报 + 本期累计 − 上年同期累计；程序化情景规则见「研究标准」页，不是目标价。,23.83,16.7,35.7,1.664796633941095,True,仅字段与算术审计，未完成一手深研,,保留历史筛选；模型未获本轮认证
600096,云天化,观察,观察：TTM PE 9.5×（行业中位 19.4×），基准 +19% ÷ 悲观 −30% ≈ 0.62:1；最新单季营收 -9.9%、累计毛利率 20.9%,价格 2026-09-30 收盘；财务截至 2026-06-30（同花顺财务摘要，累计口径，已还原为单季）；TTM = 上年年报 + 本期累计 − 上年同期累计；程序化情景规则见「研究标准」页，不是目标价。,27.86,19.5,33.1,0.626794258373206,True,仅字段与算术审计，未完成一手深研,,保留历史筛选；模型未获本轮认证
600309,万华化学,条件关注,条件关注：TTM PE 13.1×（行业中位 19.4×），基准 +49% ÷ 悲观 −38% ≈ 1.29:1；最新单季营收 +36.4%、累计毛利率 17.1%,价格 2026-09-30 收盘；财务截至 2026-06-30（同花顺财务摘要，累计口径，已还原为单季）；TTM = 上年年报 + 本期累计 − 上年同期累计；程序化情景规则见「研究标准」页，不是目标价。,68.9,42.8,102.5,1.2873563218390798,True,仅字段与算术审计，未完成一手深研,,保留历史筛选；模型未获本轮认证
000408,藏格矿业,观察,观察：TTM PE 19.4×（行业中位 19.4×），基准 +14% ÷ 悲观 −58% ≈ 0.24:1；最新单季营收 +19.8%、累计毛利率 66.7%,价格 2026-09-30 收盘；财务截至 2026-06-30（同花顺财务摘要，累计口径，已还原为单季）；TTM = 上年年报 + 本期累计 − 上年同期累计；程序化情景规则见「研究标准」页，不是目标价。,70.66,29.7,80.5,0.2402343750000001,True,仅字段与算术审计，未完成一手深研,,保留历史筛选；模型未获本轮认证
002064,华峰化学,观察,观察：TTM PE 22.4×（行业中位 19.4×），基准 +11% ÷ 悲观 −64% ≈ 0.18:1；最新单季营收 +27.1%、累计毛利率 21.8%,价格 2026-09-30 收盘；财务截至 2026-06-30（同花顺财务摘要，累计口径，已还原为单季）；TTM = 上年年报 + 本期累计 − 上年同期累计；程序化情景规则见「研究标准」页，不是目标价。,9.65,3.5,10.7,0.170731707317073,True,仅字段与算术审计，未完成一手深研,,保留历史筛选；模型未获本轮认证
600160,巨化股份,观察,观察：TTM PE 20.4×（行业中位 19.4×），基准 -4% ÷ 悲观 −60%，不成立；最新单季营收 -2.8%、累计毛利率 34.0%,价格 2026-09-30 收盘；财务截至 2026-06-30（同花顺财务摘要，累计口径，已还原为单季）；TTM = 上年年报 + 本期累计 − 上年同期累计；程序化情景规则见「研究标准」页，不是目标价。,33.13,13.2,31.7,-0.0717511289513298,True,仅字段与算术审计，未完成一手深研,,保留历史筛选；模型未获本轮认证
603929,亚翔集成,观察,观察：TTM PE 24.4×（行业中位 19.7×），基准 +9% ÷ 悲观 −64% ≈ 0.13:1（数据稳定性存疑，见劣势）；最新单季营收 +67.2%、累计毛利率 24.2%,价格 2026-09-30 收盘；财务截至 2026-06-30（同花顺财务摘要，累计口径，已还原为单季）；TTM = 上年年报 + 本期累计 − 上年同期累计；程序化情景规则见「研究标准」页，不是目标价。,139.46,50.8,151.4,0.1346717798330701,True,仅字段与算术审计，未完成一手深研,,保留历史筛选；模型未获本轮认证
000426,兴业银锡,观察,观察：TTM PE 17.6×（行业中位 19.4×），基准 +26% ÷ 悲观 −54% ≈ 0.49:1；最新单季营收 +62.5%、累计毛利率 68.8%,价格 2026-09-30 收盘；财务截至 2026-06-30（同花顺财务摘要，累计口径，已还原为单季）；TTM = 上年年报 + 本期累计 − 上年同期累计；程序化情景规则见「研究标准」页，不是目标价。,31.5,14.6,39.7,0.4852071005917162,True,仅字段与算术审计，未完成一手深研,,保留历史筛选；模型未获本轮认证
688372,伟测科技,观察,观察：TTM PE 41.1×（行业中位 42.5×），基准 +17% ÷ 悲观 −53% ≈ 0.31:1；最新单季营收 +66.8%、累计毛利率 33.6%,价格 2026-09-30 收盘；财务截至 2026-06-30（同花顺财务摘要，累计口径，已还原为单季）；TTM = 上年年报 + 本期累计 − 上年同期累计；程序化情景规则见「研究标准」页，不是目标价。,99.85,46.5,116.7,0.31583880037488304,True,仅字段与算术审计，未完成一手深研,,保留历史筛选；模型未获本轮认证
688110,东芯股份,观察,观察：TTM PE 87.0×（行业中位 42.5×），基准 -45% ÷ 悲观 −78%，不成立（数据稳定性存疑，见劣势）；最新单季营收 +406.5%、累计毛利率 67.7%,价格 2026-09-30 收盘；财务截至 2026-06-30（同花顺财务摘要，累计口径，已还原为单季）；TTM = 上年年报 + 本期累计 − 上年同期累计；程序化情景规则见「研究标准」页，不是目标价。,113.81,25.0,62.8,-0.5743722553766468,True,仅字段与算术审计，未完成一手深研,,保留历史筛选；模型未获本轮认证
300655,晶瑞电材,观察,观察：TTM PE 102.1×（行业中位 42.5×），基准 -53% ÷ 悲观 −81%，不成立；最新单季营收 +33.2%、累计毛利率 23.6%,价格 2026-09-30 收盘；财务截至 2026-06-30（同花顺财务摘要，累计口径，已还原为单季）；TTM = 上年年报 + 本期累计 − 上年同期累计；程序化情景规则见「研究标准」页，不是目标价。,12.32,2.3,5.8,-0.6506986027944113,True,仅字段与算术审计，未完成一手深研,,保留历史筛选；模型未获本轮认证
002585,双星新材,回避,回避：TTM 亏损，PE 不适用；最新单季营收 +15.6%、累计毛利率 10.2%,价格 2026-09-30 收盘；财务截至 2026-06-30（同花顺财务摘要，累计口径，已还原为单季）；TTM = 上年年报 + 本期累计 − 上年同期累计；程序化情景规则见「研究标准」页，不是目标价。,10.35,,,,True,仅字段与算术审计，未完成一手深研,,保留历史筛选；模型未获本轮认证
603690,至纯科技,回避,回避：TTM 亏损，PE 不适用；最新单季营收 -54.7%、累计毛利率 21.8%,价格 2026-09-30 收盘；财务截至 2026-06-30（同花顺财务摘要，累计口径，已还原为单季）；TTM = 上年年报 + 本期累计 − 上年同期累计；程序化情景规则见「研究标准」页，不是目标价。,22.22,,,,True,仅字段与算术审计，未完成一手深研,,保留历史筛选；模型未获本轮认证
002050,三花智控,观察,观察：TTM PE 35.2×（行业中位 17.8×），基准 -22% ÷ 悲观 −76%，不成立；最新单季营收 +6.2%、累计毛利率 28.1%,价格 2026-09-30 收盘；财务截至 2026-06-30（同花顺财务摘要，累计口径，已还原为单季）；TTM = 上年年报 + 本期累计 − 上年同期累计；程序化情景规则见「研究标准」页，不是目标价。,35.71,8.4,28.0,-0.2823141706334676,True,仅字段与算术审计，未完成一手深研,,保留历史筛选；模型未获本轮认证
002472,双环传动,观察,观察：TTM PE 25.2×（行业中位 17.8×），基准 -6% ÷ 悲观 −67%，不成立；最新单季营收 +13.9%、累计毛利率 26.8%,价格 2026-09-30 收盘；财务截至 2026-06-30（同花顺财务摘要，累计口径，已还原为单季）；TTM = 上年年报 + 本期累计 − 上年同期累计；程序化情景规则见「研究标准」页，不是目标价。,38.09,12.6,35.6,-0.097685366810514,True,仅字段与算术审计，未完成一手深研,,保留历史筛选；模型未获本轮认证
601100,恒立液压,观察,观察：TTM PE 44.2×（行业中位 19.7×），基准 -13% ÷ 悲观 −80%，不成立；最新单季营收 +31.8%、累计毛利率 39.3%,价格 2026-09-30 收盘；财务截至 2026-06-30（同花顺财务摘要，累计口径，已还原为单季）；TTM = 上年年报 + 本期累计 − 上年同期累计；程序化情景规则见「研究标准」页，不是目标价。,90.31,18.2,78.4,-0.1651643322701428,True,仅字段与算术审计，未完成一手深研,,保留历史筛选；模型未获本轮认证
000425,徐工机械,条件关注,条件关注：TTM PE 13.4×（行业中位 19.7×），基准 +36% ÷ 悲观 −34% ≈ 1.05:1；最新单季营收 +14.2%、累计毛利率 22.1%,价格 2026-09-30 收盘；财务截至 2026-06-30（同花顺财务摘要，累计口径，已还原为单季）；TTM = 上年年报 + 本期累计 − 上年同期累计；程序化情景规则见「研究标准」页，不是目标价。,7.2,4.8,9.8,1.0833333333333335,True,仅字段与算术审计，未完成一手深研,,保留历史筛选；模型未获本轮认证
002594,比亚迪,观察,观察：TTM PE 25.8×（行业中位 17.8×），基准 -17% ÷ 悲观 −68%，不成立；最新单季营收 -3.2%、累计毛利率 18.9%,价格 2026-09-30 收盘；财务截至 2026-06-30（同花顺财务摘要，累计口径，已还原为单季）；TTM = 上年年报 + 本期累计 − 上年同期累计；程序化情景规则见「研究标准」页，不是目标价。,83.31,26.9,68.8,-0.25722389647225674,True,仅字段与算术审计，未完成一手深研,,保留历史筛选；模型未获本轮认证
601127,赛力斯,观察（盈利未验证）,问界放量叙事撞上 H1 转亏：2026H1 净利 −17.17 亿（Q1 +7.54 亿，Q2 约 −24.7 亿），毛利率 28.9%→23.3%，当前 57× TTM PE 没有安全边际,沪深产业分类页（2026-09）；产业链标的仅有环节定位与竞争优势描述，未做估值研究。,46.94,32.0,44.0,-0.19678714859437738,False,仅字段与算术审计，未完成一手深研,,保留历史筛选；模型未获本轮认证
601633,长城汽车,观察（盈利下行期）,营收还在长（H1 +10.6%）但利润已被腰斩：2026H1 净利 24.65 亿（−61.1%），净利率 2.4%；19× PE 对应的是下滑中的 EPS,沪深产业分类页（2026-09）；产业链标的仅有环节定位与竞争优势描述，未做估值研究。,13.73,8.8,14.5,0.15618661257606484,False,仅字段与算术审计，未完成一手深研,,保留历史筛选；模型未获本轮认证
000625,长安汽车,回避（盈利萎缩、无估值缓冲）,2026H1 净利 8.17 亿（−64.3%），净利率 0.28% 的汽车制造，TTM PE 约 27× 的隐含是盈利大幅回升，不是现在的盈利,沪深产业分类页（2026-09）；产业链标的仅有环节定位与竞争优势描述，未做估值研究。,7.06,6.1,7.0,-0.0624999999999996,False,仅字段与算术审计，未完成一手深研,,保留历史筛选；模型未获本轮认证
600418,江淮汽车,回避,回避：TTM 亏损，PE 不适用；最新单季营收 +11.7%、累计毛利率 11.1%,价格 2026-09-30 收盘；财务截至 2026-06-30（同花顺财务摘要，累计口径，已还原为单季）；TTM = 上年年报 + 本期累计 − 上年同期累计；程序化情景规则见「研究标准」页，不是目标价。,27.47,,,,True,仅字段与算术审计，未完成一手深研,,保留历史筛选；模型未获本轮认证
300750,宁德时代,观察,观察：TTM PE 15.3×（行业中位 19.7×），基准 +37% ÷ 悲观 −42% ≈ 0.89:1；最新单季营收 +56.9%、累计毛利率 23.9%,价格 2026-09-30 收盘；财务截至 2026-06-30（同花顺财务摘要，累计口径，已还原为单季）；TTM = 上年年报 + 本期累计 − 上年同期累计；程序化情景规则见「研究标准」页，不是目标价。,291.11,168.7,399.6,0.8862838003431092,True,仅字段与算术审计，未完成一手深研,,保留历史筛选；模型未获本轮认证
300014,亿纬锂能,条件关注（增长强、现金流弱）,2026H1 营收 +62%、净利 +106%，但毛利率降到 14.3%、经营现金流/股 H1 为 −0.18，增长是否有现金含量是核心问题,沪深产业分类页（2026-09）；产业链标的仅有环节定位与竞争优势描述，未做估值研究。,48.59,29.9,54.0,0.28945960406634536,False,仅字段与算术审计，未完成一手深研,,保留历史筛选；模型未获本轮认证
002074,国轩高科,观察,观察：TTM PE 15.7×（行业中位 19.7×），基准 +35% ÷ 悲观 −43% ≈ 0.82:1（数据稳定性存疑，见劣势）；最新单季营收 +55.4%、累计毛利率 15.6%,价格 2026-09-30 收盘；财务截至 2026-06-30（同花顺财务摘要，累计口径，已还原为单季）；TTM = 上年年报 + 本期累计 − 上年同期累计；程序化情景规则见「研究标准」页，不是目标价。,29.5,16.7,40.0,0.8203125,True,仅字段与算术审计，未完成一手深研,,保留历史筛选；模型未获本轮认证
300207,欣旺达,观察,观察：TTM PE 49.9×（行业中位 19.7×），基准 -16% ÷ 悲观 −82%，不成立（数据稳定性存疑，见劣势）；最新单季营收 +50.1%、累计毛利率 15.3%,价格 2026-09-30 收盘；财务截至 2026-06-30（同花顺财务摘要，累计口径，已还原为单季）；TTM = 上年年报 + 本期累计 − 上年同期累计；程序化情景规则见「研究标准」页，不是目标价。,22.0,3.9,18.4,-0.19889502762430947,True,仅字段与算术审计，未完成一手深研,,保留历史筛选；模型未获本轮认证
301358,湖南裕能,条件关注（周期反转，只给低倍数）,2026H1 营收 +143%、净利 +854%，毛利率 7.4%→14.9%；周期反转型，当前 10× TTM PE 已含大部分反转，现金流仍为负,沪深产业分类页（2026-09）；产业链标的仅有环节定位与竞争优势描述，未做估值研究。,50.57,24.0,60.0,0.35491155438464433,False,仅字段与算术审计，未完成一手深研,,保留历史筛选；模型未获本轮认证
300073,当升科技,观察,观察：TTM PE 24.1×（行业中位 19.7×），基准 +9% ÷ 悲观 −63% ≈ 0.14:1（数据稳定性存疑，见劣势）；最新单季营收 +135.7%、累计毛利率 13.2%,价格 2026-09-30 收盘；财务截至 2026-06-30（同花顺财务摘要，累计口径，已还原为单季）；TTM = 上年年报 + 本期累计 − 上年同期累计；程序化情景规则见「研究标准」页，不是目标价。,38.88,14.3,42.4,0.1432058584214807,True,仅字段与算术审计，未完成一手深研,,保留历史筛选；模型未获本轮认证
600884,杉杉股份,条件关注,条件关注：TTM PE 22.8×（行业中位 42.5×），基准 +50% ÷ 悲观 −25% ≈ 2.00:1；最新单季营收 +33.6%、累计毛利率 20.1%,价格 2026-09-30 收盘；财务截至 2026-06-30（同花顺财务摘要，累计口径，已还原为单季）；TTM = 上年年报 + 本期累计 − 上年同期累计；程序化情景规则见「研究标准」页，不是目标价。,11.51,8.6,17.3,1.9896907216494848,True,仅字段与算术审计，未完成一手深研,,保留历史筛选；模型未获本轮认证
300568,星源材质,观察,观察：TTM PE 152.5×（行业中位 19.7×），基准 -69% ÷ 悲观 −94%，不成立（数据稳定性存疑，见劣势）；最新单季营收 +55.7%、累计毛利率 29.4%,价格 2026-09-30 收盘；财务截至 2026-06-30（同花顺财务摘要，累计口径，已还原为单季）；TTM = 上年年报 + 本期累计 − 上年同期累计；程序化情景规则见「研究标准」页，不是目标价。,15.74,0.9,5.0,-0.7237196765498652,True,仅字段与算术审计，未完成一手深研,,保留历史筛选；模型未获本轮认证
002709,天赐材料,条件关注（质地较好，盈亏比偏低）,2026H1 营收 +109%、净利 +968%，毛利率 33.6%、资产负债率 36%；财务质地在锂电链里较好，但 15.7× TTM PE 的基准上行只有 +44%,沪深产业分类页（2026-09）；产业链标的仅有环节定位与竞争优势描述，未做估值研究。,31.08,21.6,44.8,1.447257383966245,False,仅字段与算术审计，未完成一手深研,,保留历史筛选；模型未获本轮认证
300037,新宙邦,观察,观察：TTM PE 31.3×（行业中位 19.7×），基准 -2% ÷ 悲观 −72%，不成立；最新单季营收 +82.6%、累计毛利率 23.9%,价格 2026-09-30 收盘；财务截至 2026-06-30（同花顺财务摘要，累计口径，已还原为单季）；TTM = 上年年报 + 本期累计 − 上年同期累计；程序化情景规则见「研究标准」页，不是目标价。,66.52,18.9,65.1,-0.029819403611927798,True,仅字段与算术审计，未完成一手深研,,保留历史筛选；模型未获本轮认证
002850,科达利,观察,观察：TTM PE 22.0×（行业中位 19.7×），基准 +14% ÷ 悲观 −60% ≈ 0.23:1；最新单季营收 +39.8%、累计毛利率 20.7%,价格 2026-09-30 收盘；财务截至 2026-06-30（同花顺财务摘要，累计口径，已还原为单季）；TTM = 上年年报 + 本期累计 − 上年同期累计；程序化情景规则见「研究标准」页，不是目标价。,155.8,62.9,177.4,0.23250807319698594,True,仅字段与算术审计，未完成一手深研,,保留历史筛选；模型未获本轮认证
603348,文灿股份,回避,回避：TTM 亏损，PE 不适用；最新单季营收 -2.9%、累计毛利率 6.9%,价格 2026-09-30 收盘；财务截至 2026-06-30（同花顺财务摘要，累计口径，已还原为单季）；TTM = 上年年报 + 本期累计 − 上年同期累计；程序化情景规则见「研究标准」页，不是目标价。,14.6,,,,True,仅字段与算术审计，未完成一手深研,,保留历史筛选；模型未获本轮认证
002101,广东鸿图,观察,观察：TTM PE 19.6×（行业中位 17.8×），基准 -3% ÷ 悲观 −58%，不成立（数据稳定性存疑，见劣势）；最新单季营收 +2.5%、累计毛利率 10.9%,价格 2026-09-30 收盘；财务截至 2026-06-30（同花顺财务摘要，累计口径，已还原为单季）；TTM = 上年年报 + 本期累计 − 上年同期累计；程序化情景规则见「研究标准」页，不是目标价。,8.57,3.6,8.3,-0.05432595573440634,True,仅字段与算术审计，未完成一手深研,,保留历史筛选；模型未获本轮认证
601689,拓普集团,观察（量增利降）,2026H1 营收 +9.8% 但净利 −21%，净利率 10.0%→7.2%；32× TTM PE 对应的是下滑中的盈利,沪深产业分类页（2026-09）；产业链标的仅有环节定位与竞争优势描述，未做估值研究。,46.52,26.4,42.9,-0.17992047713717713,False,仅字段与算术审计，未完成一手深研,,保留历史筛选；模型未获本轮认证
002126,银轮股份,观察,观察：TTM PE 29.2×（行业中位 17.8×），基准 -4% ÷ 悲观 −72%，不成立；最新单季营收 +27.4%、累计毛利率 18.1%,价格 2026-09-30 收盘；财务截至 2026-06-30（同花顺财务摘要，累计口径，已还原为单季）；TTM = 上年年报 + 本期累计 − 上年同期累计；程序化情景规则见「研究标准」页，不是目标价。,33.95,9.7,32.5,-0.0597938144329898,True,仅字段与算术审计，未完成一手深研,,保留历史筛选；模型未获本轮认证
300124,汇川技术,观察,观察：TTM PE 28.7×（行业中位 19.7×），基准 -0% ÷ 悲观 −69%，不成立；最新单季营收 +26.0%、累计毛利率 29.7%,价格 2026-09-30 收盘；财务截至 2026-06-30（同花顺财务摘要，累计口径，已还原为单季）；TTM = 上年年报 + 本期累计 − 上年同期累计；程序化情景规则见「研究标准」页，不是目标价。,51.9,16.1,51.8,-0.002793296089385515,True,仅字段与算术审计，未完成一手深研,,保留历史筛选；模型未获本轮认证
600580,卧龙电驱,观察,观察：TTM PE 43.9×（行业中位 19.7×），基准 -31% ÷ 悲观 −80%，不成立；最新单季营收 -12.8%、累计毛利率 23.3%,价格 2026-09-30 收盘；财务截至 2026-06-30（同花顺财务摘要，累计口径，已还原为单季）；TTM = 上年年报 + 本期累计 − 上年同期累计；程序化情景规则见「研究标准」页，不是目标价。,26.39,5.3,18.2,-0.38833570412517787,True,仅字段与算术审计，未完成一手深研,,保留历史筛选；模型未获本轮认证
002179,中航光电,观察（盈利下滑、回款慢）,营收持平（H1 +0.5%）、净利 −22%，应收账款周转天数 208 天；38× TTM PE 没有增长支撑,沪深产业分类页（2026-09）；产业链标的仅有环节定位与竞争优势描述，未做估值研究。,32.9,21.0,31.5,-0.11764705882352931,False,仅字段与算术审计，未完成一手深研,,保留历史筛选；模型未获本轮认证
688041,海光信息,观察,观察：TTM PE 167.0×（行业中位 42.5×），基准 -71% ÷ 悲观 −89%，不成立；最新单季营收 +65.3%、累计毛利率 55.2%,价格 2026-09-30 收盘；财务截至 2026-06-30（同花顺财务摘要，累计口径，已还原为单季）；TTM = 上年年报 + 本期累计 − 上年同期累计；程序化情景规则见「研究标准」页，不是目标价。,226.8,26.0,65.2,-0.804780876494024,True,仅字段与算术审计，未完成一手深研,,保留历史筛选；模型未获本轮认证
688256,寒武纪,观察,观察：TTM PE 190.2×（行业中位 42.5×），基准 -75% ÷ 悲观 −90%，不成立（数据稳定性存疑，见劣势）；最新单季营收 +75.8%、累计毛利率 55.2%,价格 2026-09-30 收盘；财务截至 2026-06-30（同花顺财务摘要，累计口径，已还原为单季）；TTM = 上年年报 + 本期累计 − 上年同期累计；程序化情景规则见「研究标准」页，不是目标价。,1009.01,101.4,254.7,-0.8310948535163781,True,仅字段与算术审计，未完成一手深研,,保留历史筛选；模型未获本轮认证
688047,龙芯中科,回避,回避：TTM 亏损，PE 不适用；最新单季营收 +15.1%、累计毛利率 52.1%,价格 2026-09-30 收盘；财务截至 2026-06-30（同花顺财务摘要，累计口径，已还原为单季）；TTM = 上年年报 + 本期累计 − 上年同期累计；程序化情景规则见「研究标准」页，不是目标价。,98.1,,,,True,仅字段与算术审计，未完成一手深研,,保留历史筛选；模型未获本轮认证
300308,中际旭创,观察,观察：TTM PE 43.8×（行业中位 29.4×），基准 +0% ÷ 悲观 −68% ≈ 0.00:1（数据稳定性存疑，见劣势）；最新单季营收 +174.6%、累计毛利率 46.2%,价格 2026-09-30 收盘；财务截至 2026-06-30（同花顺财务摘要，累计口径，已还原为单季）；TTM = 上年年报 + 本期累计 − 上年同期累计；程序化情景规则见「研究标准」页，不是目标价。,808.44,260.4,810.6,0.003941318151959652,True,仅字段与算术审计，未完成一手深研,,保留历史筛选；模型未获本轮认证
300502,新易盛,观察,观察：TTM PE 29.4×（行业中位 29.4×），基准 +20% ÷ 悲观 −52% ≈ 0.39:1（数据稳定性存疑，见劣势）；最新单季营收 +96.9%、累计毛利率 48.4%,价格 2026-09-30 收盘；财务截至 2026-06-30（同花顺财务摘要，累计口径，已还原为单季）；TTM = 上年年报 + 本期累计 − 上年同期累计；程序化情景规则见「研究标准」页，不是目标价。,389.0,186.8,466.9,0.38526211671612254,True,仅字段与算术审计，未完成一手深研,,保留历史筛选；模型未获本轮认证
300394,天孚通信,观察,观察：TTM PE 87.3×（行业中位 29.4×），基准 -54% ÷ 悲观 −84%，不成立；最新单季营收 -0.9%、累计毛利率 60.9%,价格 2026-09-30 收盘；财务截至 2026-06-30（同花顺财务摘要，累计口径，已还原为单季）；TTM = 上年年报 + 本期累计 − 上年同期累计；程序化情景规则见「研究标准」页，不是目标价。,260.77,42.2,118.8,-0.6495401930731572,True,仅字段与算术审计，未完成一手深研,,保留历史筛选；模型未获本轮认证
601138,工业富联,优先关注,优先关注：TTM PE 24.6×（行业中位 42.5×），基准 +50% ÷ 悲观 −25% ≈ 2.00:1；最新单季营收 +53.1%、累计毛利率 7.2%,价格 2026-09-30 收盘；财务截至 2026-06-30（同花顺财务摘要，累计口径，已还原为单季）；TTM = 上年年报 + 本期累计 − 上年同期累计；程序化情景规则见「研究标准」页，不是目标价。,58.2,43.6,87.3,1.9931506849315062,True,算术核实，财报待核,58.2,观察：展示三价赔率1.993，低于2，经营待核
000977,浪潮信息,条件关注,条件关注：TTM PE 21.2×（行业中位 42.5×），基准 +50% ÷ 悲观 −25% ≈ 2.00:1；最新单季营收 +46.7%、累计毛利率 8.8%,价格 2026-09-30 收盘；财务截至 2026-06-30（同花顺财务摘要，累计口径，已还原为单季）；TTM = 上年年报 + 本期累计 − 上年同期累计；程序化情景规则见「研究标准」页，不是目标价。,65.93,49.4,98.9,1.9945553539019953,True,仅字段与算术审计，未完成一手深研,,保留历史筛选；模型未获本轮认证
603019,中科曙光,观察,观察：TTM PE 48.0×（行业中位 42.5×），基准 -0% ÷ 悲观 −60%，不成立；最新单季营收 +30.7%、累计毛利率 27.2%,价格 2026-09-30 收盘；财务截至 2026-06-30（同花顺财务摘要，累计口径，已还原为单季）；TTM = 上年年报 + 本期累计 − 上年同期累计；程序化情景规则见「研究标准」页，不是目标价。,79.52,31.7,79.5,-0.00041823504809694736,True,仅字段与算术审计，未完成一手深研,,保留历史筛选；模型未获本轮认证
688008,澜起科技,观察,观察：TTM PE 74.7×（行业中位 42.5×），基准 -36% ÷ 悲观 −74%，不成立；最新单季营收 +32.8%、累计毛利率 65.3%,价格 2026-09-30 收盘；财务截至 2026-06-30（同花顺财务摘要，累计口径，已还原为单季）；TTM = 上年年报 + 本期累计 − 上年同期累计；程序化情景规则见「研究标准」页，不是目标价。,202.31,51.8,130.0,-0.4804331938077205,True,仅字段与算术审计，未完成一手深研,,保留历史筛选；模型未获本轮认证
300476,胜宏科技,观察,观察：TTM PE 36.0×（行业中位 42.5×），基准 +31% ÷ 悲观 −47% ≈ 0.66:1；最新单季营收 +29.5%、累计毛利率 33.2%,价格 2026-09-30 收盘；财务截至 2026-06-30（同花顺财务摘要，累计口径，已还原为单季）；TTM = 上年年报 + 本期累计 − 上年同期累计；程序化情景规则见「研究标准」页，不是目标价。,210.3,111.6,275.0,0.6555217831813575,True,仅字段与算术审计，未完成一手深研,,保留历史筛选；模型未获本轮认证
002463,沪电股份,观察,观察：TTM PE 44.0×（行业中位 42.5×），基准 +9% ÷ 悲观 −57% ≈ 0.16:1；最新单季营收 +67.8%、累计毛利率 38.7%,价格 2026-09-30 收盘；财务截至 2026-06-30（同花顺财务摘要，累计口径，已还原为单季）；TTM = 上年年报 + 本期累计 − 上年同期累计；程序化情景规则见「研究标准」页，不是目标价。,115.93,50.3,126.4,0.1595307024226725,True,仅字段与算术审计，未完成一手深研,,保留历史筛选；模型未获本轮认证
688183,生益电子,观察,观察：TTM PE 43.0×（行业中位 42.5×），基准 +12% ÷ 悲观 −56% ≈ 0.21:1（数据稳定性存疑，见劣势）；最新单季营收 +54.0%、累计毛利率 34.3%,价格 2026-09-30 收盘；财务截至 2026-06-30（同花顺财务摘要，累计口径，已还原为单季）；TTM = 上年年报 + 本期累计 − 上年同期累计；程序化情景规则见「研究标准」页，不是目标价。,108.0,48.0,120.4,0.20666666666666675,True,仅字段与算术审计，未完成一手深研,,保留历史筛选；模型未获本轮认证
002837,英维克,观察,观察：TTM PE 106.2×（行业中位 19.7×），基准 -59% ÷ 悲观 −92%，不成立；最新单季营收 +12.3%、累计毛利率 24.9%,价格 2026-09-30 收盘；财务截至 2026-06-30（同花顺财务摘要，累计口径，已还原为单季）；TTM = 上年年报 + 本期累计 − 上年同期累计；程序化情景规则见「研究标准」页，不是目标价。,53.95,4.5,22.1,-0.6440849342770475,True,仅字段与算术审计，未完成一手深研,,保留历史筛选；模型未获本轮认证
300499,高澜股份,观察,观察：TTM PE 153.5×（行业中位 19.7×），基准 -69% ÷ 悲观 −94%，不成立（数据稳定性存疑，见劣势）；最新单季营收 +41.0%、累计毛利率 26.1%,价格 2026-09-30 收盘；财务截至 2026-06-30（同花顺财务摘要，累计口径，已还原为单季）；TTM = 上年年报 + 本期累计 − 上年同期累计；程序化情景规则见「研究标准」页，不是目标价。,31.41,1.8,9.8,-0.7298210064167511,True,仅字段与算术审计，未完成一手深研,,保留历史筛选；模型未获本轮认证
002851,麦格米特,观察,观察：TTM PE 166.8×（行业中位 17.8×），基准 -71% ÷ 悲观 −95%，不成立；最新单季营收 +38.8%、累计毛利率 21.2%,价格 2026-09-30 收盘；财务截至 2026-06-30（同花顺财务摘要，累计口径，已还原为单季）；TTM = 上年年报 + 本期累计 − 上年同期累计；程序化情景规则见「研究标准」页，不是目标价。,115.72,5.8,33.3,-0.7498180494905385,True,仅字段与算术审计，未完成一手深研,,保留历史筛选；模型未获本轮认证
002230,科大讯飞,观察,观察：TTM PE 99.2×（行业中位 42.5×），基准 -59% ÷ 悲观 −81%，不成立（数据稳定性存疑，见劣势）；最新单季营收 +1.5%、累计毛利率 39.8%,价格 2026-09-30 收盘；财务截至 2026-06-30（同花顺财务摘要，累计口径，已还原为单季）；TTM = 上年年报 + 本期累计 − 上年同期累计；程序化情景规则见「研究标准」页，不是目标价。,37.22,7.2,15.2,-0.7335109926715523,True,仅字段与算术审计，未完成一手深研,,保留历史筛选；模型未获本轮认证
688111,金山办公,观察,观察：TTM PE 28.1×（行业中位 42.5×），基准 +47% ÷ 悲观 −32% ≈ 1.48:1（数据稳定性存疑，见劣势）；最新单季营收 +25.4%、累计毛利率 84.9%,价格 2026-09-30 收盘；财务截至 2026-06-30（同花顺财务摘要，累计口径，已还原为单季）；TTM = 上年年报 + 本期累计 − 上年同期累计；程序化情景规则见「研究标准」页，不是目标价。,218.8,149.0,322.1,1.479942693409742,True,仅字段与算术审计，未完成一手深研,,保留历史筛选；模型未获本轮认证
300496,中科创达,观察,观察：TTM PE 45.2×（行业中位 42.5×），基准 +6% ÷ 悲观 −58% ≈ 0.11:1；最新单季营收 +39.7%、累计毛利率 29.1%,价格 2026-09-30 收盘；财务截至 2026-06-30（同花顺财务摘要，累计口径，已还原为单季）；TTM = 上年年报 + 本期累计 − 上年同期累计；程序化情景规则见「研究标准」页，不是目标价。,52.9,22.4,56.2,0.10819672131147555,True,仅字段与算术审计，未完成一手深研,,保留历史筛选；模型未获本轮认证
002920,德赛西威,观察（增长停滞，估值不高）,2025 年营收 +17.9%、净利 +22.4%，2026H1 营收 +1.75%、净利 +1.8%，增速骤降；18.7× TTM PE 估值合理，但增长没了,沪深产业分类页（2026-09）；产业链标的仅有环节定位与竞争优势描述，未做估值研究。,79.25,54.6,89.0,0.3955375253549696,False,仅字段与算术审计，未完成一手深研,,保留历史筛选；模型未获本轮认证
688326,经纬恒润,回避（亏损扩大、流动比率<1）,2025 年首次盈利 1.0 亿，2026H1 又亏 3.82 亿（−339%），毛利率 23.2%→16.1%，流动比率 0.97、每股经营现金流 −5.47,沪深产业分类页（2026-09）；产业链标的仅有环节定位与竞争优势描述，未做估值研究。,56.5,37.0,46.5,-0.5128205128205128,False,仅字段与算术审计，未完成一手深研,,保留历史筛选；模型未获本轮认证
600699,均胜电子,观察,观察：TTM PE 24.1×（行业中位 17.8×），基准 -18% ÷ 悲观 −66%，不成立；最新单季营收 -9.5%、累计毛利率 17.7%,价格 2026-09-30 收盘；财务截至 2026-06-30（同花顺财务摘要，累计口径，已还原为单季）；TTM = 上年年报 + 本期累计 − 上年同期累计；程序化情景规则见「研究标准」页，不是目标价。,23.46,8.1,19.3,-0.2708333333333333,True,仅字段与算术审计，未完成一手深研,,保留历史筛选；模型未获本轮认证
002036,联创电子,回避,回避：TTM 亏损，PE 不适用；最新单季营收 -24.5%、累计毛利率 7.5%,价格 2026-09-30 收盘；财务截至 2026-06-30（同花顺财务摘要，累计口径，已还原为单季）；TTM = 上年年报 + 本期累计 − 上年同期累计；程序化情景规则见「研究标准」页，不是目标价。,5.97,,,,True,仅字段与算术审计，未完成一手深研,,保留历史筛选；模型未获本轮认证
603501,韦尔股份,观察（营收持平、净利 −40%）,2026H1 营收 +0.5% 而净利 −39.9%，净利率 14.5%→8.6%；31× TTM PE 对应的是盈利回落,沪深产业分类页（2026-09）；产业链标的仅有环节定位与竞争优势描述，未做估值研究。,82.21,48.0,84.0,0.05232388190587567,False,仅字段与算术审计，未完成一手深研,,保留历史筛选；模型未获本轮认证
002456,欧菲光,回避,回避：TTM 亏损，PE 不适用；最新单季营收 -17.0%、累计毛利率 7.8%,价格 2026-09-30 收盘；财务截至 2026-06-30（同花顺财务摘要，累计口径，已还原为单季）；TTM = 上年年报 + 本期累计 − 上年同期累计；程序化情景规则见「研究标准」页，不是目标价。,6.49,,,,True,仅字段与算术审计，未完成一手深研,,保留历史筛选；模型未获本轮认证
300790,宇瞳光学,条件关注,条件关注：TTM PE 26.5×（行业中位 42.5×），基准 +43% ÷ 悲观 −28% ≈ 1.53:1；最新单季营收 +20.2%、累计毛利率 20.8%,价格 2026-09-30 收盘；财务截至 2026-06-30（同花顺财务摘要，累计口径，已还原为单季）；TTM = 上年年报 + 本期累计 − 上年同期累计；程序化情景规则见「研究标准」页，不是目标价。,18.49,13.3,26.4,1.5240847784200393,True,仅字段与算术审计，未完成一手深研,,保留历史筛选；模型未获本轮认证
688048,长光华芯,回避（估值极端）,"激光芯片，2026H1 营收 +82.7%、净利首次转正 0.30 亿（扣非仍 −0.10 亿），TTM EPS 0.25，289.7 元对应 PE 约 1,180×、PB 约 16.8×",沪深产业分类页（2026-09）；产业链标的仅有环节定位与竞争优势描述，未做估值研究。,289.7,103.0,172.0,-0.6304231387252276,False,仅字段与算术审计，未完成一手深研,,保留历史筛选；模型未获本轮认证
603297,永新光学,观察,观察：TTM PE 57.2×（行业中位 42.5×），基准 -16% ÷ 悲观 −67%，不成立；最新单季营收 +35.7%、累计毛利率 35.7%,价格 2026-09-30 收盘；财务截至 2026-06-30（同花顺财务摘要，累计口径，已还原为单季）；TTM = 上年年报 + 本期累计 − 上年同期累计；程序化情景规则见「研究标准」页，不是目标价。,106.92,35.7,89.7,-0.2417860151642797,True,仅字段与算术审计，未完成一手深研,,保留历史筛选；模型未获本轮认证
688167,炬光科技,回避,回避：TTM 亏损，PE 不适用；最新单季营收 -4.0%、累计毛利率 43.3%,价格 2026-09-30 收盘；财务截至 2026-06-30（同花顺财务摘要，累计口径，已还原为单季）；TTM = 上年年报 + 本期累计 − 上年同期累计；程序化情景规则见「研究标准」页，不是目标价。,282.88,,,,True,仅字段与算术审计，未完成一手深研,,保留历史筛选；模型未获本轮认证
300620,光库科技,观察,观察：TTM PE 247.2×（行业中位 29.4×），基准 -81% ÷ 悲观 −94%，不成立；最新单季营收 +82.5%、累计毛利率 38.8%,价格 2026-09-30 收盘；财务截至 2026-06-30（同花顺财务摘要，累计口径，已还原为单季）；TTM = 上年年报 + 本期累计 − 上年同期累计；程序化情景规则见「研究标准」页，不是目标价。,270.48,15.4,52.5,-0.8545554335894622,True,仅字段与算术审计，未完成一手深研,,保留历史筛选；模型未获本轮认证
002703,浙江世宝,观察,观察：TTM PE 67.3×（行业中位 17.8×），基准 -32% ÷ 悲观 −88%，不成立；最新单季营收 +20.1%、累计毛利率 18.9%,价格 2026-09-30 收盘；财务截至 2026-06-30（同花顺财务摘要，累计口径，已还原为单季）；TTM = 上年年报 + 本期累计 − 上年同期累计；程序化情景规则见「研究标准」页，不是目标价。,15.65,1.9,10.6,-0.3672727272727273,True,仅字段与算术审计，未完成一手深研,,保留历史筛选；模型未获本轮认证
603197,保隆科技,观察,观察：TTM PE 18.1×（行业中位 17.8×），基准 +13% ÷ 悲观 −54% ≈ 0.23:1；最新单季营收 +19.5%、累计毛利率 22.5%,价格 2026-09-30 收盘；财务截至 2026-06-30（同花顺财务摘要，累计口径，已还原为单季）；TTM = 上年年报 + 本期累计 − 上年同期累计；程序化情景规则见「研究标准」页，不是目标价。,29.1,13.4,32.8,0.23566878980891692,True,仅字段与算术审计，未完成一手深研,,保留历史筛选；模型未获本轮认证
002405,四维图新,回避,回避：TTM 亏损，PE 不适用；最新单季营收 -9.5%、累计毛利率 22.4%,价格 2026-09-30 收盘；财务截至 2026-06-30（同花顺财务摘要，累计口径，已还原为单季）；TTM = 上年年报 + 本期累计 − 上年同期累计；程序化情景规则见「研究标准」页，不是目标价。,5.91,,,,True,仅字段与算术审计，未完成一手深研,,保留历史筛选；模型未获本轮认证
300458,全志科技,观察,观察：TTM PE 54.5×（行业中位 42.5×），基准 -12% ÷ 悲观 −65%，不成立（数据稳定性存疑，见劣势）；最新单季营收 +36.1%、累计毛利率 43.1%,价格 2026-09-30 收盘；财务截至 2026-06-30（同花顺财务摘要，累计口径，已还原为单季）；TTM = 上年年报 + 本期累计 − 上年同期累计；程序化情景规则见「研究标准」页，不是目标价。,32.18,11.3,28.4,-0.18103448275862075,True,仅字段与算术审计，未完成一手深研,,保留历史筛选；模型未获本轮认证
688052,纳芯微,回避（估值透支）,2026H1 营收 +66.7%、净利首次半年转正（0.68 亿，但扣非仍 −0.48 亿），价格 236 元对应 PB 约 5×，TTM 仍亏损,沪深产业分类页（2026-09）；产业链标的仅有环节定位与竞争优势描述，未做估值研究。,236.32,136.0,195.0,-0.4118819776714513,False,仅字段与算术审计，未完成一手深研,,保留历史筛选；模型未获本轮认证
300177,中海达,回避,回避：TTM 亏损，PE 不适用；最新单季营收 -44.0%、累计毛利率 37.6%,价格 2026-09-30 收盘；财务截至 2026-06-30（同花顺财务摘要，累计口径，已还原为单季）；TTM = 上年年报 + 本期累计 − 上年同期累计；程序化情景规则见「研究标准」页，不是目标价。,6.0,,,,True,仅字段与算术审计，未完成一手深研,,保留历史筛选；模型未获本轮认证
300627,华测导航,观察（增速放缓，估值偏高）,毛利率 60.6% 的高质量公司，但 2026H1 营收 +5.2%、净利 +2.05%，TTM PE 约 30× 对应个位数增长,沪深产业分类页（2026-09）；产业链标的仅有环节定位与竞争优势描述，未做估值研究。,26.25,18.7,27.0,0.09933774834437085,False,仅字段与算术审计，未完成一手深研,,保留历史筛选；模型未获本轮认证
002493,荣盛石化,条件关注（周期反转，杠杆极高）,2026H1 净利 51.1 亿（+749%）而营收 −12.9%，利润率从 13% 提升到 15.3%；周期复苏，但流动比率 0.45、资产负债率 74%,沪深产业分类页（2026-09）；产业链标的仅有环节定位与竞争优势描述，未做估值研究。,13.25,6.8,14.4,0.1782945736434109,False,仅字段与算术审计，未完成一手深研,,保留历史筛选；模型未获本轮认证
600346,恒力石化,条件关注（周期复苏，杠杆偏高）,2026H1 净利 72.1 亿（+136%），TTM PE 约 10×，PB 1.57×；周期复苏但资产负债率 73%、流动比率 0.63,沪深产业分类页（2026-09）；产业链标的仅有环节定位与竞争优势描述，未做估值研究。,16.07,9.9,19.0,0.4748784440842787,False,仅字段与算术审计，未完成一手深研,,保留历史筛选；模型未获本轮认证
000301,东方盛虹,观察,观察：TTM PE 20.1×（行业中位 19.4×），基准 +15% ÷ 悲观 −59% ≈ 0.25:1（数据稳定性存疑，见劣势）；最新单季营收 +23.8%、累计毛利率 20.3%,价格 2026-09-30 收盘；财务截至 2026-06-30（同花顺财务摘要，累计口径，已还原为单季）；TTM = 上年年报 + 本期累计 − 上年同期累计；程序化情景规则见「研究标准」页，不是目标价。,12.89,5.2,14.8,0.2483745123537061,True,仅字段与算术审计，未完成一手深研,,保留历史筛选；模型未获本轮认证
000703,恒逸石化,观察,观察：TTM PE 8.9×（行业中位 19.4×），基准 +50% ÷ 悲观 −30% ≈ 1.67:1（数据稳定性存疑，见劣势）；最新单季营收 +29.8%、累计毛利率 15.3%,价格 2026-09-30 收盘；财务截至 2026-06-30（同花顺财务摘要，累计口径，已还原为单季）；TTM = 上年年报 + 本期累计 − 上年同期累计；程序化情景规则见「研究标准」页，不是目标价。,15.63,10.9,23.4,1.6427061310782234,True,仅字段与算术审计，未完成一手深研,,保留历史筛选；模型未获本轮认证
000422,湖北宜化,观察,观察：TTM PE 17.1×（行业中位 19.4×），基准 +13% ÷ 悲观 −52% ≈ 0.25:1（数据稳定性存疑，见劣势）；最新单季营收 +8.2%、累计毛利率 14.3%,价格 2026-09-30 收盘；财务截至 2026-06-30（同花顺财务摘要，累计口径，已还原为单季）；TTM = 上年年报 + 本期累计 − 上年同期累计；程序化情景规则见「研究标准」页，不是目标价。,11.52,5.5,13.0,0.2458471760797343,True,仅字段与算术审计，未完成一手深研,,保留历史筛选；模型未获本轮认证
600596,新安股份,观察,观察：TTM PE 42.7×（行业中位 19.4×），基准 -27% ÷ 悲观 −81%，不成立；最新单季营收 +1.0%、累计毛利率 14.4%,价格 2026-09-30 收盘；财务截至 2026-06-30（同花顺财务摘要，累计口径，已还原为单季）；TTM = 上年年报 + 本期累计 − 上年同期累计；程序化情景规则见「研究标准」页，不是目标价。,10.59,2.0,7.8,-0.32479627473806755,True,仅字段与算术审计，未完成一手深研,,保留历史筛选；模型未获本轮认证
002466,天齐锂业,条件关注（资源周期，弹性大）,2026H1 营收 +153%、净利 42.4 亿（2025H1 0.84 亿），毛利率 64.4%，资产负债率 28.5%；资源价格反转，TTM PE 约 15×,沪深产业分类页（2026-09）；产业链标的仅有环节定位与竞争优势描述，未做估值研究。,40.55,24.0,63.0,1.356495468277946,False,仅字段与算术审计，未完成一手深研,,保留历史筛选；模型未获本轮认证
002460,赣锋锂业,条件关注（周期反转，利润质量待验证）,2026H1 营收 +176%、净利 42.6 亿（2025H1 −5.3 亿），毛利率 11.1%→31.5%；但 2025 年净利 +16.1 亿而扣非 −3.9 亿，利润质量差,沪深产业分类页（2026-09）；产业链标的仅有环节定位与竞争优势描述，未做估值研究。,43.38,24.0,56.0,0.6511867905056757,False,仅字段与算术审计，未完成一手深研,,保留历史筛选；模型未获本轮认证
603260,合盛硅业,回避（TTM 亏损、流动比率 0.27）,2025 年净利 −29.9 亿，2026H1 净利 +3.24 亿但扣非 −0.30 亿，毛利率 7.9%→18.4%；流动比率仅 0.27、资产负债率 62.5%,沪深产业分类页（2026-09）；产业链标的仅有环节定位与竞争优势描述，未做估值研究。,31.55,22.6,30.0,-0.17318435754189954,False,仅字段与算术审计，未完成一手深研,,保留历史筛选；模型未获本轮认证
002597,金禾实业,观察,观察：TTM PE 43.5×（行业中位 19.4×），基准 -13% ÷ 悲观 −77%，不成立（数据稳定性存疑，见劣势）；最新单季营收 +33.2%、累计毛利率 19.6%,价格 2026-09-30 收盘；财务截至 2026-06-30（同花顺财务摘要，累计口径，已还原为单季）；TTM = 上年年报 + 本期累计 − 上年同期累计；程序化情景规则见「研究标准」页，不是目标价。,21.23,4.8,18.4,-0.17224589166159476,True,仅字段与算术审计，未完成一手深研,,保留历史筛选；模型未获本轮认证
002068,黑猫股份,回避,回避：TTM 亏损，PE 不适用；最新单季营收 +19.4%、累计毛利率 3.9%,价格 2026-09-30 收盘；财务截至 2026-06-30（同花顺财务摘要，累计口径，已还原为单季）；TTM = 上年年报 + 本期累计 − 上年同期累计；程序化情景规则见「研究标准」页，不是目标价。,8.97,,,,True,仅字段与算术审计，未完成一手深研,,保留历史筛选；模型未获本轮认证
688126,沪硅产业,回避（负毛利）,2026H1 营收 +36.5% 但毛利率 −8.3%、净利 −9.65 亿，TTM 亏损，PB 约 4×，估值建立在国产替代预期上,沪深产业分类页（2026-09）；产业链标的仅有环节定位与竞争优势描述，未做估值研究。,23.38,14.7,20.5,-0.33179723502304137,False,仅字段与算术审计，未完成一手深研,,保留历史筛选；模型未获本轮认证
300346,南大光电,回避（估值过高）,毛利率 40.6% 的稳健增长公司（H1 营收 +11.4%、净利 +23.1%），但 TTM PE 约 97×、PB 约 10×，价格已远超盈利,沪深产业分类页（2026-09）；产业链标的仅有环节定位与竞争优势描述，未做估值研究。,51.39,22.5,41.0,-0.35964001384562133,False,仅字段与算术审计，未完成一手深研,,保留历史筛选；模型未获本轮认证
688772,珠海冠宇,观察,观察：TTM PE 106.0×（行业中位 19.7×），基准 -62% ÷ 悲观 −92%，不成立（数据稳定性存疑，见劣势）；最新单季营收 +2.6%、累计毛利率 19.7%,价格 2026-09-30 收盘；财务截至 2026-06-30（同花顺财务摘要，累计口径，已还原为单季）；TTM = 上年年报 + 本期累计 − 上年同期累计；程序化情景规则见「研究标准」页，不是目标价。,14.34,1.2,5.5,-0.6727549467275494,True,仅字段与算术审计，未完成一手深研,,保留历史筛选；模型未获本轮认证
688779,长远锂科,观察,观察：TTM PE 22.3×（行业中位 19.7×），基准 +13% ÷ 悲观 −60% ≈ 0.22:1（数据稳定性存疑，见劣势）；最新单季营收 +221.0%、累计毛利率 11.2%,价格 2026-09-30 收盘；财务截至 2026-06-30（同花顺财务摘要，累计口径，已还原为单季）；TTM = 上年年报 + 本期累计 − 上年同期累计；程序化情景规则见「研究标准」页，不是目标价。,7.45,3.0,8.4,0.21348314606741575,True,仅字段与算术审计，未完成一手深研,,保留历史筛选；模型未获本轮认证
600392,盛和资源,观察,观察：TTM PE 20.4×（行业中位 19.4×），基准 +17% ÷ 悲观 −60% ≈ 0.29:1；最新单季营收 +68.7%、累计毛利率 12.6%,价格 2026-09-30 收盘；财务截至 2026-06-30（同花顺财务摘要，累计口径，已还原为单季）；TTM = 上年年报 + 本期累计 − 上年同期累计；程序化情景规则见「研究标准」页，不是目标价。,20.17,8.1,23.7,0.29246064623032286,True,仅字段与算术审计，未完成一手深研,,保留历史筛选；模型未获本轮认证
300748,金力永磁,条件关注（高增，估值中等偏高）,2026H1 营收 +32.6%、净利 +51.6%，毛利率 21.7%，经营现金流/股 0.88 高于 EPS 0.34，增长有现金支撑；TTM PE 约 37.5×,沪深产业分类页（2026-09）；产业链标的仅有环节定位与竞争优势描述，未做估值研究。,23.99,13.2,26.6,0.24189063948100123,False,仅字段与算术审计，未完成一手深研,,保留历史筛选；模型未获本轮认证
688295,中复神鹰,回避（盈利极薄、估值无意义）,碳纤维龙头之一，2026H1 营收 +26.1%、净利 0.70 亿（+488%），但净利率仅 6.0%、TTM EPS 0.18，对应 PE 约 200×,沪深产业分类页（2026-09）；产业链标的仅有环节定位与竞争优势描述，未做估值研究。,35.6,18.5,26.5,-0.5321637426900585,False,仅字段与算术审计，未完成一手深研,,保留历史筛选；模型未获本轮认证
688233,神工股份,观察,观察：TTM PE 158.6×（行业中位 42.5×），基准 -75% ÷ 悲观 −88%，不成立；最新单季营收 +1.0%、累计毛利率 37.1%,价格 2026-09-30 收盘；财务截至 2026-06-30（同花顺财务摘要，累计口径，已还原为单季）；TTM = 上年年报 + 本期累计 − 上年同期累计；程序化情景规则见「研究标准」页，不是目标价。,87.92,10.6,22.3,-0.8486808070356958,True,仅字段与算术审计，未完成一手深研,,保留历史筛选；模型未获本轮认证
600516,方大炭素,观察,观察：TTM PE 96.2×（行业中位 19.4×），基准 -54% ÷ 悲观 −92%，不成立（数据稳定性存疑，见劣势）；最新单季营收 +16.4%、累计毛利率 12.1%,价格 2026-09-30 收盘；财务截至 2026-06-30（同花顺财务摘要，累计口径，已还原为单季）；TTM = 上年年报 + 本期累计 − 上年同期累计；程序化情景规则见「研究标准」页，不是目标价。,5.29,0.4,2.5,-0.5705521472392638,True,仅字段与算术审计，未完成一手深研,,保留历史筛选；模型未获本轮认证
603663,三祥新材,观察,观察：TTM PE 121.4×（行业中位 19.4×），基准 -69% ÷ 悲观 −93%，不成立；最新单季营收 -9.7%、累计毛利率 28.8%,价格 2026-09-30 收盘；财务截至 2026-06-30（同花顺财务摘要，累计口径，已还原为单季）；TTM = 上年年报 + 本期累计 − 上年同期累计；程序化情景规则见「研究标准」页，不是目标价。,43.24,2.9,13.5,-0.7372335151214675,True,仅字段与算术审计，未完成一手深研,,保留历史筛选；模型未获本轮认证
300285,国瓷材料,回避（价格远超盈利）,毛利率 37.7% 的稳健公司（H1 营收 +16.6%、净利 +9.4%），但 64.4 元对应 TTM PE 约 98×、PB 约 8.8×，而 ROE 仅约 10%/年,沪深产业分类页（2026-09）；产业链标的仅有环节定位与竞争优势描述，未做估值研究。,64.4,19.5,28.0,-0.8106904231625836,False,仅字段与算术审计，未完成一手深研,,保留历史筛选；模型未获本轮认证
300034,钢研高纳,回避（估值 96×，增长不连续）,高温合金，2025 年净利 0.87 亿（−64.8%），2026H1 净利 1.03 亿（+61.2%）属低基数回升；15.28 元对应 TTM PE 约 96×、PB 约 3.2×,沪深产业分类页（2026-09）；产业链标的仅有环节定位与竞争优势描述，未做估值研究。,15.28,10.7,13.5,-0.38864628820960684,False,仅字段与算术审计，未完成一手深研,,保留历史筛选；模型未获本轮认证
000012,南玻A,回避,回避：TTM 亏损，PE 不适用；最新单季营收 -8.4%、累计毛利率 8.2%,价格 2026-09-30 收盘；财务截至 2026-06-30（同花顺财务摘要，累计口径，已还原为单季）；TTM = 上年年报 + 本期累计 − 上年同期累计；程序化情景规则见「研究标准」页，不是目标价。,3.69,,,,True,仅字段与算术审计，未完成一手深研,,保留历史筛选；模型未获本轮认证
000001,平安银行,条件关注,条件关注：TTM PE 5.5×（行业中位 9.7×），基准 +27% ÷ 悲观 −20% ≈ 1.34:1；最新单季营收 -0.9%,价格 2026-09-30 收盘；财务截至 2026-06-30（同花顺财务摘要，累计口径，已还原为单季）；TTM = 上年年报 + 本期累计 − 上年同期累计；程序化情景规则见「研究标准」页，不是目标价。,11.57,9.3,14.7,1.3788546255506606,True,仅字段与算术审计，未完成一手深研,,保留历史筛选；模型未获本轮认证
000002,万科A,回避,回避：TTM 亏损，PE 不适用；最新单季营收 -38.7%、累计毛利率 7.9%,价格 2026-09-30 收盘；财务截至 2026-06-30（同花顺财务摘要，累计口径，已还原为单季）；TTM = 上年年报 + 本期累计 − 上年同期累计；程序化情景规则见「研究标准」页，不是目标价。,4.26,,,,True,仅字段与算术审计，未完成一手深研,,保留历史筛选；模型未获本轮认证
000009,中国宝安,回避,回避：TTM 亏损，PE 不适用；最新单季营收 +26.0%、累计毛利率 23.8%,价格 2026-09-30 收盘；财务截至 2026-06-30（同花顺财务摘要，累计口径，已还原为单季）；TTM = 上年年报 + 本期累计 − 上年同期累计；程序化情景规则见「研究标准」页，不是目标价。,6.93,,,,True,仅字段与算术审计，未完成一手深研,,保留历史筛选；模型未获本轮认证
000021,深科技,观察,观察：TTM PE 41.9×（行业中位 42.5×），基准 -2% ÷ 悲观 −54%，不成立；最新单季营收 +4.1%、累计毛利率 18.9%,价格 2026-09-30 收盘；财务截至 2026-06-30（同花顺财务摘要，累计口径，已还原为单季）；TTM = 上年年报 + 本期累计 − 上年同期累计；程序化情景规则见「研究标准」页，不是目标价。,32.83,15.0,32.2,-0.035333707234996944,True,仅字段与算术审计，未完成一手深研,,保留历史筛选；模型未获本轮认证
000027,深圳能源,观察,观察：TTM PE 18.5×（行业中位 17.0×），基准 -2% ÷ 悲观 −53%，不成立；最新单季营收 +3.8%、累计毛利率 23.7%,价格 2026-09-30 收盘；财务截至 2026-06-30（同花顺财务摘要，累计口径，已还原为单季）；TTM = 上年年报 + 本期累计 − 上年同期累计；程序化情景规则见「研究标准」页，不是目标价。,6.28,2.9,6.2,-0.023668639053254458,True,仅字段与算术审计，未完成一手深研,,保留历史筛选；模型未获本轮认证
000032,深桑达A,回避,回避：TTM 亏损，PE 不适用；最新单季营收 +5.2%、累计毛利率 7.6%,价格 2026-09-30 收盘；财务截至 2026-06-30（同花顺财务摘要，累计口径，已还原为单季）；TTM = 上年年报 + 本期累计 − 上年同期累计；程序化情景规则见「研究标准」页，不是目标价。,13.09,,,,True,仅字段与算术审计，未完成一手深研,,保留历史筛选；模型未获本轮认证
000034,神州数码,观察,观察：TTM PE 26.4×（行业中位 17.8×），基准 -7% ÷ 悲观 −68%，不成立（数据稳定性存疑，见劣势）；最新单季营收 +16.5%、累计毛利率 3.2%,价格 2026-09-30 收盘；财务截至 2026-06-30（同花顺财务摘要，累计口径，已还原为单季）；TTM = 上年年报 + 本期累计 − 上年同期累计；程序化情景规则见「研究标准」页，不是目标价。,23.21,7.3,21.7,-0.09490886235072292,True,仅字段与算术审计，未完成一手深研,,保留历史筛选；模型未获本轮认证
000039,中集集团,回避,回避：TTM 亏损，PE 不适用；最新单季营收 +15.4%、累计毛利率 11.9%,价格 2026-09-30 收盘；财务截至 2026-06-30（同花顺财务摘要，累计口径，已还原为单季）；TTM = 上年年报 + 本期累计 − 上年同期累计；程序化情景规则见「研究标准」页，不是目标价。,8.6,,,,True,仅字段与算术审计，未完成一手深研,,保留历史筛选；模型未获本轮认证
000050,深天马A,回避,回避：TTM 亏损，PE 不适用；最新单季营收 -2.2%、累计毛利率 15.6%,价格 2026-09-30 收盘；财务截至 2026-06-30（同花顺财务摘要，累计口径，已还原为单季）；TTM = 上年年报 + 本期累计 − 上年同期累计；程序化情景规则见「研究标准」页，不是目标价。,6.31,,,,True,仅字段与算术审计，未完成一手深研,,保留历史筛选；模型未获本轮认证
000060,中金岭南,观察,观察：TTM PE 18.5×（行业中位 19.4×），基准 +23% ÷ 悲观 −56% ≈ 0.41:1（数据稳定性存疑，见劣势）；最新单季营收 +50.0%、累计毛利率 6.0%,价格 2026-09-30 收盘；财务截至 2026-06-30（同花顺财务摘要，累计口径，已还原为单季）；TTM = 上年年报 + 本期累计 − 上年同期累计；程序化情景规则见「研究标准」页，不是目标价。,5.84,2.6,7.2,0.41975308641975323,True,仅字段与算术审计，未完成一手深研,,保留历史筛选；模型未获本轮认证
000062,深圳华强,观察,观察：TTM PE 36.1×（行业中位 19.7×），基准 -7% ÷ 悲观 −75%，不成立；最新单季营收 +72.7%、累计毛利率 7.7%,价格 2026-09-30 收盘；财务截至 2026-06-30（同花顺财务摘要，累计口径，已还原为单季）；TTM = 上年年报 + 本期累计 − 上年同期累计；程序化情景规则见「研究标准」页，不是目标价。,21.32,5.2,19.8,-0.0942928039702233,True,仅字段与算术审计，未完成一手深研,,保留历史筛选；模型未获本轮认证
000063,中兴通讯,观察,观察：TTM PE 44.3×（行业中位 29.4×），基准 -10% ÷ 悲观 −68%，不成立；最新单季营收 +11.5%、累计毛利率 25.5%,价格 2026-09-30 收盘；财务截至 2026-06-30（同花顺财务摘要，累计口径，已还原为单季）；TTM = 上年年报 + 本期累计 − 上年同期累计；程序化情景规则见「研究标准」页，不是目标价。,30.58,9.7,27.5,-0.14750957854406122,True,仅字段与算术审计，未完成一手深研,,保留历史筛选；模型未获本轮认证
000088,盐田港,观察,观察：TTM PE 16.2×（行业中位 19.7×），基准 +20% ÷ 悲观 −45% ≈ 0.44:1；最新单季营收 +11.5%、累计毛利率 27.5%,价格 2026-09-30 收盘；财务截至 2026-06-30（同花顺财务摘要，累计口径，已还原为单季）；TTM = 上年年报 + 本期累计 − 上年同期累计；程序化情景规则见「研究标准」页，不是目标价。,4.66,2.6,5.6,0.4563106796116502,True,仅字段与算术审计，未完成一手深研,,保留历史筛选；模型未获本轮认证
000100,TCL科技,观察,观察：TTM PE 14.4×（行业中位 42.5×），基准 +24% ÷ 悲观 −25% ≈ 0.97:1；最新单季营收 -0.7%、累计毛利率 12.9%,价格 2026-09-30 收盘；财务截至 2026-06-30（同花顺财务摘要，累计口径，已还原为单季）；TTM = 上年年报 + 本期累计 − 上年同期累计；程序化情景规则见「研究标准」页，不是目标价。,4.79,3.6,6.0,1.0168067226890756,True,仅字段与算术审计，未完成一手深研,,保留历史筛选；模型未获本轮认证
000155,川能动力,观察,观察：TTM PE 22.4×（行业中位 17.0×），基准 +6% ÷ 悲观 −61% ≈ 0.09:1（数据稳定性存疑，见劣势）；最新单季营收 +226.0%、累计毛利率 53.6%,价格 2026-09-30 收盘；财务截至 2026-06-30（同花顺财务摘要，累计口径，已还原为单季）；TTM = 上年年报 + 本期累计 − 上年同期累计；程序化情景规则见「研究标准」页，不是目标价。,10.88,4.2,11.5,0.0928143712574849,True,仅字段与算术审计，未完成一手深研,,保留历史筛选；模型未获本轮认证
000157,中联重科,条件关注,条件关注：TTM PE 12.3×（行业中位 19.7×），基准 +35% ÷ 悲观 −28% ≈ 1.24:1；最新单季营收 +11.3%、累计毛利率 26.8%,价格 2026-09-30 收盘；财务截至 2026-06-30（同花顺财务摘要，累计口径，已还原为单季）；TTM = 上年年报 + 本期累计 − 上年同期累计；程序化情景规则见「研究标准」页，不是目标价。,5.97,4.3,8.1,1.2754491017964071,True,仅字段与算术审计，未完成一手深研,,保留历史筛选；模型未获本轮认证
000166,申万宏源,观察,观察：TTM PE 10.0×（行业中位 9.7×），基准 +15% ÷ 悲观 −53% ≈ 0.28:1（数据稳定性存疑，见劣势）；最新单季营收 +23.8%,价格 2026-09-30 收盘；财务截至 2026-06-30（同花顺财务摘要，累计口径，已还原为单季）；TTM = 上年年报 + 本期累计 − 上年同期累计；程序化情景规则见「研究标准」页，不是目标价。,4.38,2.0,5.0,0.26050420168067234,True,仅字段与算术审计，未完成一手深研,,保留历史筛选；模型未获本轮认证
000333,美的集团,观察,观察：TTM PE 13.7×（行业中位 17.8×），基准 +19% ÷ 悲观 −39% ≈ 0.47:1；最新单季营收 +4.5%、累计毛利率 25.3%,价格 2026-09-30 收盘；财务截至 2026-06-30（同花顺财务摘要，累计口径，已还原为单季）；TTM = 上年年报 + 本期累计 − 上年同期累计；程序化情景规则见「研究标准」页，不是目标价。,80.1,48.7,95.0,0.47452229299363086,True,仅字段与算术审计，未完成一手深研,,保留历史筛选；模型未获本轮认证
000338,潍柴动力,观察,观察：TTM PE 16.6×（行业中位 19.7×），基准 +16% ÷ 悲观 −47% ≈ 0.34:1；最新单季营收 +8.8%、累计毛利率 21.5%,价格 2026-09-30 收盘；财务截至 2026-06-30（同花顺财务摘要，累计口径，已还原为单季）；TTM = 上年年报 + 本期累计 − 上年同期累计；程序化情景规则见「研究标准」页，不是目标价。,25.1,13.4,29.1,0.34188034188034183,True,仅字段与算术审计，未完成一手深研,,保留历史筛选；模型未获本轮认证
000400,许继电气,观察,观察：TTM PE 23.0×（行业中位 19.7×），基准 -6% ÷ 悲观 −61%，不成立；最新单季营收 +1.2%、累计毛利率 19.9%,价格 2026-09-30 收盘；财务截至 2026-06-30（同花顺财务摘要，累计口径，已还原为单季）；TTM = 上年年报 + 本期累计 − 上年同期累计；程序化情景规则见「研究标准」页，不是目标价。,21.61,8.3,20.2,-0.10593538692712248,True,仅字段与算术审计，未完成一手深研,,保留历史筛选；模型未获本轮认证
000415,渤海租赁,条件关注,条件关注：TTM PE 5.3×（行业中位 19.7×），基准 +59% ÷ 悲观 −25% ≈ 2.37:1；最新单季营收 +29.7%、累计毛利率 33.6%,价格 2026-09-30 收盘；财务截至 2026-06-30（同花顺财务摘要，累计口径，已还原为单季）；TTM = 上年年报 + 本期累计 − 上年同期累计；程序化情景规则见「研究标准」页，不是目标价。,4.13,3.1,6.6,2.3980582524271847,True,公告转载，原件待补,4.13,观察：债务重组收益不能外推，改正常化租赁模型
000423,东阿阿胶,观察,观察：TTM PE 16.6×（行业中位 20.2×），基准 +11% ÷ 悲观 −40% ≈ 0.28:1；最新单季营收 +0.6%、累计毛利率 74.8%,价格 2026-09-30 收盘；财务截至 2026-06-30（同花顺财务摘要，累计口径，已还原为单季）；TTM = 上年年报 + 本期累计 − 上年同期累计；程序化情景规则见「研究标准」页，不是目标价。,45.95,27.5,51.1,0.27913279132791313,True,仅字段与算术审计，未完成一手深研,,保留历史筛选；模型未获本轮认证
000429,粤高速A,观察,观察：TTM PE 16.4×（行业中位 19.7×），基准 +8% ÷ 悲观 −46% ≈ 0.18:1；最新单季营收 -2.5%、累计毛利率 67.9%,价格 2026-09-30 收盘；财务截至 2026-06-30（同花顺财务摘要，累计口径，已还原为单季）；TTM = 上年年报 + 本期累计 − 上年同期累计；程序化情景规则见「研究标准」页，不是目标价。,12.46,6.8,13.5,0.18374558303886906,True,仅字段与算术审计，未完成一手深研,,保留历史筛选；模型未获本轮认证
000513,丽珠集团,观察,观察：TTM PE 17.5×（行业中位 20.2×），基准 +2% ÷ 悲观 −43% ≈ 0.05:1；最新单季营收 -31.1%、累计毛利率 61.3%,价格 2026-09-30 收盘；财务截至 2026-06-30（同花顺财务摘要，累计口径，已还原为单季）；TTM = 上年年报 + 本期累计 − 上年同期累计；程序化情景规则见「研究标准」页，不是目标价。,32.9,18.6,33.6,0.04895104895104916,True,仅字段与算术审计，未完成一手深研,,保留历史筛选；模型未获本轮认证
000519,中兵红箭,观察,观察：TTM PE 166.6×（行业中位 19.7×），基准 -77% ÷ 悲观 −95%，不成立（数据稳定性存疑，见劣势）；最新单季营收 -18.2%、累计毛利率 18.5%,价格 2026-09-30 收盘；财务截至 2026-06-30（同花顺财务摘要，累计口径，已还原为单季）；TTM = 上年年报 + 本期累计 − 上年同期累计；程序化情景规则见「研究标准」页，不是目标价。,14.3,0.8,3.3,-0.8148148148148148,True,仅字段与算术审计，未完成一手深研,,保留历史筛选；模型未获本轮认证
000528,柳工,条件关注,条件关注：TTM PE 10.5×（行业中位 19.7×），基准 +40% ÷ 悲观 −25% ≈ 1.61:1；最新单季营收 +17.5%、累计毛利率 20.7%,价格 2026-09-30 收盘；财务截至 2026-06-30（同花顺财务摘要，累计口径，已还原为单季）；TTM = 上年年报 + 本期累计 − 上年同期累计；程序化情景规则见「研究标准」页，不是目标价。,7.52,5.6,10.6,1.6041666666666667,True,仅字段与算术审计，未完成一手深研,,保留历史筛选；模型未获本轮认证
000537,绿发电力,观察,观察：TTM PE 23.7×（行业中位 17.0×），基准 -6% ÷ 悲观 −63%，不成立；最新单季营收 +13.8%、累计毛利率 41.7%,价格 2026-09-30 收盘；财务截至 2026-06-30（同花顺财务摘要，累计口径，已还原为单季）；TTM = 上年年报 + 本期累计 − 上年同期累计；程序化情景规则见「研究标准」页，不是目标价。,7.38,2.7,6.9,-0.10256410256410248,True,仅字段与算术审计，未完成一手深研,,保留历史筛选；模型未获本轮认证
000538,云南白药,观察,观察：TTM PE 13.7×（行业中位 20.2×），基准 +22% ÷ 悲观 −28% ≈ 0.80:1；最新单季营收 -1.3%、累计毛利率 30.1%,价格 2026-09-30 收盘；财务截至 2026-06-30（同花顺财务摘要，累计口径，已还原为单季）；TTM = 上年年报 + 本期累计 − 上年同期累计；程序化情景规则见「研究标准」页，不是目标价。,50.44,36.4,61.7,0.8019943019943024,True,仅字段与算术审计，未完成一手深研,,保留历史筛选；模型未获本轮认证
000539,粤电力A,观察,观察：TTM PE 1289.8×（行业中位 17.0×），基准 -96% ÷ 悲观 −99%，不成立（数据稳定性存疑，见劣势）；最新单季营收 +19.2%、累计毛利率 3.8%,价格 2026-09-30 收盘；财务截至 2026-06-30（同花顺财务摘要，累计口径，已还原为单季）；TTM = 上年年报 + 本期累计 − 上年同期累计；程序化情景规则见「研究标准」页，不是目标价。,5.09,0.0,0.2,-0.9607072691552062,True,仅字段与算术审计，未完成一手深研,,保留历史筛选；模型未获本轮认证
000559,万向钱潮,观察,观察：TTM PE 34.5×（行业中位 17.8×），基准 -27% ÷ 悲观 −76%，不成立；最新单季营收 -5.5%、累计毛利率 20.5%,价格 2026-09-30 收盘；财务截至 2026-06-30（同花顺财务摘要，累计口径，已还原为单季）；TTM = 上年年报 + 本期累计 − 上年同期累计；程序化情景规则见「研究标准」页，不是目标价。,10.87,2.6,7.9,-0.35912938331318006,True,仅字段与算术审计，未完成一手深研,,保留历史筛选；模型未获本轮认证
000568,泸州老窖,观察,观察：TTM PE 14.2×（行业中位 19.4×），基准 +12% ÷ 悲观 −30% ≈ 0.41:1；最新单季营收 -65.5%、累计毛利率 85.3%,价格 2026-09-30 收盘；财务截至 2026-06-30（同花顺财务摘要，累计口径，已还原为单季）；TTM = 上年年报 + 本期累计 − 上年同期累计；程序化情景规则见「研究标准」页，不是目标价。,72.28,50.4,81.3,0.4122486288848261,True,仅字段与算术审计，未完成一手深研,,保留历史筛选；模型未获本轮认证
000582,北部湾港,观察,观察：TTM PE 19.6×（行业中位 19.7×），基准 -2% ÷ 悲观 −55%，不成立；最新单季营收 -2.8%、累计毛利率 31.6%,价格 2026-09-30 收盘；财务截至 2026-06-30（同花顺财务摘要，累计口径，已还原为单季）；TTM = 上年年报 + 本期累计 − 上年同期累计；程序化情景规则见「研究标准」页，不是目标价。,8.97,4.1,8.8,-0.03490759753593427,True,仅字段与算术审计，未完成一手深研,,保留历史筛选；模型未获本轮认证
000591,太阳能,观察,观察：TTM PE 25.6×（行业中位 17.0×），基准 -20% ÷ 悲观 −66%，不成立（数据稳定性存疑，见劣势）；最新单季营收 -5.9%、累计毛利率 45.4%,价格 2026-09-30 收盘；财务截至 2026-06-30（同花顺财务摘要，累计口径，已还原为单季）；TTM = 上年年报 + 本期累计 − 上年同期累计；程序化情景规则见「研究标准」页，不是目标价。,4.17,1.4,3.3,-0.3140794223826715,True,仅字段与算术审计，未完成一手深研,,保留历史筛选；模型未获本轮认证
000596,古井贡酒,观察,观察：TTM PE 16.7×（行业中位 19.4×），基准 +3% ÷ 悲观 −41% ≈ 0.06:1（数据稳定性存疑，见劣势）；最新单季营收 -43.3%、累计毛利率 80.3%,价格 2026-09-30 收盘；财务截至 2026-06-30（同花顺财务摘要，累计口径，已还原为单季）；TTM = 上年年报 + 本期累计 − 上年同期累计；程序化情景规则见「研究标准」页，不是目标价。,93.55,55.4,96.0,0.0642201834862386,True,仅字段与算术审计，未完成一手深研,,保留历史筛选；模型未获本轮认证
000598,兴蓉环境,条件关注,条件关注：TTM PE 10.3×（行业中位 17.0×），基准 +30% ÷ 悲观 −15% ≈ 1.96:1；最新单季营收 +6.1%、累计毛利率 45.4%,价格 2026-09-30 收盘；财务截至 2026-06-30（同花顺财务摘要，累计口径，已还原为单季）；TTM = 上年年报 + 本期累计 − 上年同期累计；程序化情景规则见「研究标准」页，不是目标价。,7.06,6.0,9.2,2.0188679245283025,True,原件核实,7.06,稳态经营研究保留；现金回收走弱，2.02未认证
000617,中油资本,观察,观察：TTM PE 16.4×（行业中位 9.7×），基准 -24% ÷ 悲观 −72%，不成立；最新单季营收 -13.2%、累计毛利率 39.0%,价格 2026-09-30 收盘；财务截至 2026-06-30（同花顺财务摘要，累计口径，已还原为单季）；TTM = 上年年报 + 本期累计 − 上年同期累计；程序化情景规则见「研究标准」页，不是目标价。,6.56,1.9,5.0,-0.33476394849785396,True,仅字段与算术审计，未完成一手深研,,保留历史筛选；模型未获本轮认证
000623,吉林敖东,条件关注,条件关注：TTM PE 4.7×（行业中位 20.2×），基准 +52% ÷ 悲观 −13% ≈ 4.11:1；最新单季营收 +2.8%、累计毛利率 47.1%,价格 2026-09-30 收盘；财务截至 2026-06-30（同花顺财务摘要，累计口径，已还原为单季）；TTM = 上年年报 + 本期累计 − 上年同期累计；程序化情景规则见「研究标准」页，不是目标价。,17.41,15.2,26.5,4.1131221719457,True,公告转载，原件待补,17.41,观察：证券投资影响利润，改药业+广发持股SOTP
000629,钒钛股份,观察,观察：TTM PE 80.1×（行业中位 19.4×），基准 -44% ÷ 悲观 −90%，不成立；最新单季营收 +18.2%、累计毛利率 11.4%,价格 2026-09-30 收盘；财务截至 2026-06-30（同花顺财务摘要，累计口径，已还原为单季）；TTM = 上年年报 + 本期累计 − 上年同期累计；程序化情景规则见「研究标准」页，不是目标价。,2.83,0.3,1.6,-0.4861660079051383,True,仅字段与算术审计，未完成一手深研,,保留历史筛选；模型未获本轮认证
000630,铜陵有色,观察,观察：TTM PE 19.8×（行业中位 19.4×），基准 +19% ÷ 悲观 −59% ≈ 0.32:1；最新单季营收 +39.6%、累计毛利率 9.3%,价格 2026-09-30 收盘；财务截至 2026-06-30（同花顺财务摘要，累计口径，已还原为单季）；TTM = 上年年报 + 本期累计 − 上年同期累计；程序化情景规则见「研究标准」页，不是目标价。,5.78,2.4,6.9,0.3313609467455621,True,仅字段与算术审计，未完成一手深研,,保留历史筛选；模型未获本轮认证
000651,格力电器,观察,观察：TTM PE 7.7×（行业中位 17.8×），基准 +19% ÷ 悲观 −22% ≈ 0.85:1；最新单季营收 -16.8%、累计毛利率 28.8%,价格 2026-09-30 收盘；财务截至 2026-06-30（同花顺财务摘要，累计口径，已还原为单季）；TTM = 上年年报 + 本期累计 − 上年同期累计；程序化情景规则见「研究标准」页，不是目标价。,38.28,29.9,45.5,0.8615751789976129,True,仅字段与算术审计，未完成一手深研,,保留历史筛选；模型未获本轮认证
000657,中钨高新,观察,观察：TTM PE 42.7×（行业中位 19.4×），基准 -13% ÷ 悲观 −81%，不成立（数据稳定性存疑，见劣势）；最新单季营收 +110.1%、累计毛利率 30.4%,价格 2026-09-30 收盘；财务截至 2026-06-30（同花顺财务摘要，累计口径，已还原为单季）；TTM = 上年年报 + 本期累计 − 上年同期累计；程序化情景规则见「研究标准」页，不是目标价。,52.74,10.1,46.0,-0.15806754221388372,True,仅字段与算术审计，未完成一手深研,,保留历史筛选；模型未获本轮认证
000661,长春高新,回避,回避：TTM 亏损，PE 不适用；最新单季营收 -18.0%、累计毛利率 78.8%,价格 2026-09-30 收盘；财务截至 2026-06-30（同花顺财务摘要，累计口径，已还原为单季）；TTM = 上年年报 + 本期累计 − 上年同期累计；程序化情景规则见「研究标准」页，不是目标价。,71.83,,,,True,仅字段与算术审计，未完成一手深研,,保留历史筛选；模型未获本轮认证
000683,博源化工,观察,观察：TTM PE 13.4×（行业中位 19.4×），基准 +30% ÷ 悲观 −39% ≈ 0.77:1；最新单季营收 +8.7%、累计毛利率 29.2%,价格 2026-09-30 收盘；财务截至 2026-06-30（同花顺财务摘要，累计口径，已还原为单季）；TTM = 上年年报 + 本期累计 − 上年同期累计；程序化情景规则见「研究标准」页，不是目标价。,5.79,3.5,7.5,0.7467248908296943,True,仅字段与算术审计，未完成一手深研,,保留历史筛选；模型未获本轮认证
000708,中信特钢,观察,观察：TTM PE 10.9×（行业中位 19.4×），基准 +23% ÷ 悲观 −30% ≈ 0.76:1；最新单季营收 -2.5%、累计毛利率 14.8%,价格 2026-09-30 收盘；财务截至 2026-06-30（同花顺财务摘要，累计口径，已还原为单季）；TTM = 上年年报 + 本期累计 − 上年同期累计；程序化情景规则见「研究标准」页，不是目标价。,13.11,9.2,16.1,0.7647058823529417,True,仅字段与算术审计，未完成一手深研,,保留历史筛选；模型未获本轮认证
000709,河钢股份,观察,观察：TTM PE 25.2×（行业中位 19.4×），基准 -10% ÷ 悲观 −68%，不成立；最新单季营收 +2.4%、累计毛利率 8.9%,价格 2026-09-30 收盘；财务截至 2026-06-30（同花顺财务摘要，累计口径，已还原为单季）；TTM = 上年年报 + 本期累计 − 上年同期累计；程序化情景规则见「研究标准」页，不是目标价。,2.04,0.7,1.8,-0.1791044776119403,True,仅字段与算术审计，未完成一手深研,,保留历史筛选；模型未获本轮认证
000723,美锦能源,回避,回避：TTM 亏损，PE 不适用；最新单季营收 +5.4%、累计毛利率 1.7%,价格 2026-09-30 收盘；财务截至 2026-06-30（同花顺财务摘要，累计口径，已还原为单季）；TTM = 上年年报 + 本期累计 − 上年同期累计；程序化情景规则见「研究标准」页，不是目标价。,3.51,,,,True,仅字段与算术审计，未完成一手深研,,保留历史筛选；模型未获本轮认证
000725,京东方A,观察,观察：TTM PE 26.6×（行业中位 42.5×），基准 +28% ÷ 悲观 −28% ≈ 0.97:1；最新单季营收 +2.9%、累计毛利率 15.0%,价格 2026-09-30 收盘；财务截至 2026-06-30（同花顺财务摘要，累计口径，已还原为单季）；TTM = 上年年报 + 本期累计 − 上年同期累计；程序化情景规则见「研究标准」页，不是目标价。,5.72,4.1,7.3,0.9753086419753086,True,仅字段与算术审计，未完成一手深研,,保留历史筛选；模型未获本轮认证
000728,国元证券,观察,观察：TTM PE 11.5×（行业中位 9.7×），基准 +10% ÷ 悲观 −60% ≈ 0.18:1；最新单季营收 +39.4%,价格 2026-09-30 收盘；财务截至 2026-06-30（同花顺财务摘要，累计口径，已还原为单季）；TTM = 上年年报 + 本期累计 − 上年同期累计；程序化情景规则见「研究标准」页，不是目标价。,7.25,2.9,8.0,0.1724137931034483,True,仅字段与算术审计，未完成一手深研,,保留历史筛选；模型未获本轮认证
000729,燕京啤酒,观察,观察：TTM PE 15.7×（行业中位 19.4×），基准 +15% ÷ 悲观 −37% ≈ 0.41:1（数据稳定性存疑，见劣势）；最新单季营收 +4.3%、累计毛利率 49.5%,价格 2026-09-30 收盘；财务截至 2026-06-30（同花顺财务摘要，累计口径，已还原为单季）；TTM = 上年年报 + 本期累计 − 上年同期累计；程序化情景规则见「研究标准」页，不是目标价。,11.0,6.9,12.7,0.4146341463414633,True,仅字段与算术审计，未完成一手深研,,保留历史筛选；模型未获本轮认证
000733,振华科技,观察,观察：TTM PE 22.6×（行业中位 19.7×），基准 -11% ÷ 悲观 −61%，不成立；最新单季营收 -6.5%、累计毛利率 44.7%,价格 2026-09-30 收盘；财务截至 2026-06-30（同花顺财务摘要，累计口径，已还原为单季）；TTM = 上年年报 + 本期累计 − 上年同期累计；程序化情景规则见「研究标准」页，不是目标价。,39.13,15.4,35.0,-0.1740412979351033,True,仅字段与算术审计，未完成一手深研,,保留历史筛选；模型未获本轮认证
000737,北方铜业,观察,观察：TTM PE 15.1×（行业中位 19.4×），基准 +37% ÷ 悲观 −46% ≈ 0.82:1；最新单季营收 +95.0%、累计毛利率 12.7%,价格 2026-09-30 收盘；财务截至 2026-06-30（同花顺财务摘要，累计口径，已还原为单季）；TTM = 上年年报 + 本期累计 − 上年同期累计；程序化情景规则见「研究标准」页，不是目标价。,13.44,7.3,18.5,0.8241042345276874,True,仅字段与算术审计，未完成一手深研,,保留历史筛选；模型未获本轮认证
000738,航发控制,观察,观察：TTM PE 61.8×（行业中位 19.7×），基准 -35% ÷ 悲观 −86%，不成立；最新单季营收 +1.7%、累计毛利率 24.3%,价格 2026-09-30 收盘；财务截至 2026-06-30（同花顺财务摘要，累计口径，已还原为单季）；TTM = 上年年报 + 本期累计 − 上年同期累计；程序化情景规则见「研究标准」页，不是目标价。,18.75,2.7,12.3,-0.4018691588785046,True,仅字段与算术审计，未完成一手深研,,保留历史筛选；模型未获本轮认证
000739,普洛药业,观察,观察：TTM PE 37.7×（行业中位 20.2×），基准 -27% ÷ 悲观 −74%，不成立；最新单季营收 -12.5%、累计毛利率 29.6%,价格 2026-09-30 收盘；财务截至 2026-06-30（同花顺财务摘要，累计口径，已还原为单季）；TTM = 上年年报 + 本期累计 − 上年同期累计；程序化情景规则见「研究标准」页，不是目标价。,27.74,7.3,20.2,-0.36888454011741684,True,仅字段与算术审计，未完成一手深研,,保留历史筛选；模型未获本轮认证
000750,国海证券,观察,观察：TTM PE 24.4×（行业中位 9.7×），基准 -16% ÷ 悲观 −81%，不成立；最新单季营收 +47.7%,价格 2026-09-30 收盘；财务截至 2026-06-30（同花顺财务摘要，累计口径，已还原为单季）；TTM = 上年年报 + 本期累计 − 上年同期累计；程序化情景规则见「研究标准」页，不是目标价。,3.61,0.7,3.0,-0.20962199312714772,True,仅字段与算术审计，未完成一手深研,,保留历史筛选；模型未获本轮认证
000768,中航西飞,观察,观察：TTM PE 67.4×（行业中位 19.7×），基准 -44% ÷ 悲观 −87%，不成立；最新单季营收 -34.6%、累计毛利率 8.1%,价格 2026-09-30 收盘；财务截至 2026-06-30（同花顺财务摘要，累计口径，已还原为单季）；TTM = 上年年报 + 本期累计 − 上年同期累计；程序化情景规则见「研究标准」页，不是目标价。,23.12,3.0,13.0,-0.5029821073558648,True,仅字段与算术审计，未完成一手深研,,保留历史筛选；模型未获本轮认证
000776,广发证券,观察,观察：TTM PE 8.6×（行业中位 9.7×），基准 +28% ÷ 悲观 −46% ≈ 0.61:1；最新单季营收 +83.4%,价格 2026-09-30 收盘；财务截至 2026-06-30（同花顺财务摘要，累计口径，已还原为单季）；TTM = 上年年报 + 本期累计 − 上年同期累计；程序化情景规则见「研究标准」页，不是目标价。,19.88,10.8,25.4,0.6079295154185023,True,仅字段与算术审计，未完成一手深研,,保留历史筛选；模型未获本轮认证
000783,长江证券,观察,观察：TTM PE 9.0×（行业中位 9.7×），基准 +24% ÷ 悲观 −49% ≈ 0.50:1；最新单季营收 +86.1%,价格 2026-09-30 收盘；财务截至 2026-06-30（同花顺财务摘要，累计口径，已还原为单季）；TTM = 上年年报 + 本期累计 − 上年同期累计；程序化情景规则见「研究标准」页，不是目标价。,7.94,4.1,9.9,0.5104166666666665,True,仅字段与算术审计，未完成一手深研,,保留历史筛选；模型未获本轮认证
000785,居然智家,回避,回避：TTM 亏损，PE 不适用；最新单季营收 -6.4%、累计毛利率 21.4%,价格 2026-09-30 收盘；财务截至 2026-06-30（同花顺财务摘要，累计口径，已还原为单季）；TTM = 上年年报 + 本期累计 − 上年同期累计；程序化情景规则见「研究标准」页，不是目标价。,2.3,,,,True,仅字段与算术审计，未完成一手深研,,保留历史筛选；模型未获本轮认证
000786,北新建材,观察,观察：TTM PE 12.0×（行业中位 19.7×），基准 +19% ÷ 悲观 −26% ≈ 0.73:1；最新单季营收 -11.6%、累计毛利率 28.8%,价格 2026-09-30 收盘；财务截至 2026-06-30（同花顺财务摘要，累计口径，已还原为单季）；TTM = 上年年报 + 本期累计 − 上年同期累计；程序化情景规则见「研究标准」页，不是目标价。,16.6,12.3,19.7,0.7209302325581389,True,仅字段与算术审计，未完成一手深研,,保留历史筛选；模型未获本轮认证
000800,一汽解放,观察,观察：TTM PE 28.6×（行业中位 19.7×），基准 +1% ÷ 悲观 −69% ≈ 0.02:1；最新单季营收 +36.8%、累计毛利率 5.5%,价格 2026-09-30 收盘；财务截至 2026-06-30（同花顺财务摘要，累计口径，已还原为单季）；TTM = 上年年报 + 本期累计 − 上年同期累计；程序化情景规则见「研究标准」页，不是目标价。,5.88,1.8,6.0,0.029411764705882377,True,仅字段与算术审计，未完成一手深研,,保留历史筛选；模型未获本轮认证
000807,云铝股份,条件关注,条件关注：TTM PE 8.3×（行业中位 19.4×），基准 +48% ÷ 悲观 −30% ≈ 1.62:1；最新单季营收 +26.8%、累计毛利率 31.8%,价格 2026-09-30 收盘；财务截至 2026-06-30（同花顺财务摘要，累计口径，已还原为单季）；TTM = 上年年报 + 本期累计 − 上年同期累计；程序化情景规则见「研究标准」页，不是目标价。,26.2,18.3,38.9,1.6075949367088609,True,仅字段与算术审计，未完成一手深研,,保留历史筛选；模型未获本轮认证
000825,太钢不锈,回避,回避：TTM 亏损，PE 不适用；最新单季营收 +11.3%、累计毛利率 1.6%,价格 2026-09-30 收盘；财务截至 2026-06-30（同花顺财务摘要，累计口径，已还原为单季）；TTM = 上年年报 + 本期累计 − 上年同期累计；程序化情景规则见「研究标准」页，不是目标价。,3.39,,,,True,仅字段与算术审计，未完成一手深研,,保留历史筛选；模型未获本轮认证
000830,鲁西化工,观察,观察：TTM PE 13.0×（行业中位 19.4×），基准 +34% ÷ 悲观 −37% ≈ 0.93:1；最新单季营收 +10.6%、累计毛利率 14.8%,价格 2026-09-30 收盘；财务截至 2026-06-30（同花顺财务摘要，累计口径，已还原为单季）；TTM = 上年年报 + 本期累计 − 上年同期累计；程序化情景规则见「研究标准」页，不是目标价。,11.43,7.2,15.3,0.9148936170212769,True,仅字段与算术审计，未完成一手深研,,保留历史筛选；模型未获本轮认证
000831,中国稀土,观察,观察：TTM PE 225.7×（行业中位 19.4×），基准 -83% ÷ 悲观 −96%，不成立（数据稳定性存疑，见劣势）；最新单季营收 -28.0%、累计毛利率 22.4%,价格 2026-09-30 收盘；财务截至 2026-06-30（同花顺财务摘要，累计口径，已还原为单季）；TTM = 上年年报 + 本期累计 − 上年同期累计；程序化情景规则见「研究标准」页，不是目标价。,52.73,1.9,8.9,-0.8622860515443636,True,仅字段与算术审计，未完成一手深研,,保留历史筛选；模型未获本轮认证
000858,五 粮 液,观察,观察：TTM PE 20.8×（行业中位 19.4×），基准 -8% ÷ 悲观 −52%，不成立（数据稳定性存疑，见劣势）；最新单季营收 -13.2%、累计毛利率 80.3%,价格 2026-09-30 收盘；财务截至 2026-06-30（同花顺财务摘要，累计口径，已还原为单季）；TTM = 上年年报 + 本期累计 − 上年同期累计；程序化情景规则见「研究标准」页，不是目标价。,70.06,33.3,64.3,-0.15669205658324278,True,仅字段与算术审计，未完成一手深研,,保留历史筛选；模型未获本轮认证
000878,云南铜业,观察,观察：TTM PE 22.2×（行业中位 19.4×），基准 +7% ÷ 悲观 −63% ≈ 0.12:1（数据稳定性存疑，见劣势）；最新单季营收 +20.5%、累计毛利率 5.5%,价格 2026-09-30 收盘；财务截至 2026-06-30（同花顺财务摘要，累计口径，已还原为单季）；TTM = 上年年报 + 本期累计 − 上年同期累计；程序化情景规则见「研究标准」页，不是目标价。,16.04,5.9,17.2,0.11439842209072981,True,仅字段与算术审计，未完成一手深研,,保留历史筛选；模型未获本轮认证
000883,湖北能源,观察,观察：TTM PE 13.9×（行业中位 17.0×），基准 +11% ÷ 悲观 −38% ≈ 0.29:1（数据稳定性存疑，见劣势）；最新单季营收 -0.1%、累计毛利率 29.9%,价格 2026-09-30 收盘；财务截至 2026-06-30（同花顺财务摘要，累计口径，已还原为单季）；TTM = 上年年报 + 本期累计 − 上年同期累计；程序化情景规则见「研究标准」页，不是目标价。,4.39,2.7,4.9,0.30177514792899457,True,仅字段与算术审计，未完成一手深研,,保留历史筛选；模型未获本轮认证
000887,中鼎股份,观察,观察：TTM PE 16.6×（行业中位 17.8×），基准 +14% ÷ 悲观 −50% ≈ 0.28:1；最新单季营收 +14.4%、累计毛利率 24.3%,价格 2026-09-30 收盘；财务截至 2026-06-30（同花顺财务摘要，累计口径，已还原为单季）；TTM = 上年年报 + 本期累计 − 上年同期累计；程序化情景规则见「研究标准」页，不是目标价。,18.32,9.2,20.9,0.28289473684210503,True,仅字段与算术审计，未完成一手深研,,保留历史筛选；模型未获本轮认证
000893,亚钾国际,观察,观察：TTM PE 15.5×（行业中位 19.4×），基准 +35% ÷ 悲观 −47% ≈ 0.74:1；最新单季营收 +78.3%、累计毛利率 59.9%,价格 2026-09-30 收盘；财务截至 2026-06-30（同花顺财务摘要，累计口径，已还原为单季）；TTM = 上年年报 + 本期累计 − 上年同期累计；程序化情景规则见「研究标准」页，不是目标价。,36.84,19.4,49.8,0.7431192660550453,True,仅字段与算术审计，未完成一手深研,,保留历史筛选；模型未获本轮认证
000895,双汇发展,观察,观察：TTM PE 16.1×（行业中位 19.4×），基准 +7% ÷ 悲观 −39% ≈ 0.17:1；最新单季营收 -4.4%、累计毛利率 19.1%,价格 2026-09-30 收盘；财务截至 2026-06-30（同花顺财务摘要，累计口径，已还原为单季）；TTM = 上年年报 + 本期累计 − 上年同期累计；程序化情景规则见「研究标准」页，不是目标价。,23.66,14.5,25.3,0.17903930131004372,True,仅字段与算术审计，未完成一手深研,,保留历史筛选；模型未获本轮认证
000898,鞍钢股份,回避,回避：TTM 亏损，PE 不适用；最新单季营收 +1.5%、累计毛利率 -1.8%,价格 2026-09-30 收盘；财务截至 2026-06-30（同花顺财务摘要，累计口径，已还原为单季）；TTM = 上年年报 + 本期累计 − 上年同期累计；程序化情景规则见「研究标准」页，不是目标价。,2.06,,,,True,仅字段与算术审计，未完成一手深研,,保留历史筛选；模型未获本轮认证
000921,海信家电,观察,观察：TTM PE 13.2×（行业中位 17.8×），基准 +14% ÷ 悲观 −37% ≈ 0.39:1；最新单季营收 -3.2%、累计毛利率 20.5%,价格 2026-09-30 收盘；财务截至 2026-06-30（同花顺财务摘要，累计口径，已还原为单季）；TTM = 上年年报 + 本期累计 − 上年同期累计；程序化情景规则见「研究标准」页，不是目标价。,26.78,16.8,30.6,0.38276553106212424,True,仅字段与算术审计，未完成一手深研,,保留历史筛选；模型未获本轮认证
000932,华菱钢铁,观察,观察：TTM PE 22.4×（行业中位 19.4×），基准 -9% ÷ 悲观 −64%，不成立（数据稳定性存疑，见劣势）；最新单季营收 -3.3%、累计毛利率 7.2%,价格 2026-09-30 收盘；财务截至 2026-06-30（同花顺财务摘要，累计口径，已还原为单季）；TTM = 上年年报 + 本期累计 − 上年同期累计；程序化情景规则见「研究标准」页，不是目标价。,3.54,1.3,3.2,-0.15178571428571422,True,仅字段与算术审计，未完成一手深研,,保留历史筛选；模型未获本轮认证
000937,冀中能源,观察,观察：TTM PE 29.4×（行业中位 17.7×），基准 -10% ÷ 悲观 −75%，不成立；最新单季营收 +18.0%、累计毛利率 30.5%,价格 2026-09-30 收盘；财务截至 2026-06-30（同花顺财务摘要，累计口径，已还原为单季）；TTM = 上年年报 + 本期累计 − 上年同期累计；程序化情景规则见「研究标准」页，不是目标价。,4.4,1.1,4.0,-0.12121212121212131,True,仅字段与算术审计，未完成一手深研,,保留历史筛选；模型未获本轮认证
000938,紫光股份,观察,观察：TTM PE 31.5×（行业中位 29.4×），基准 +16% ÷ 悲观 −55% ≈ 0.29:1；最新单季营收 +33.4%、累计毛利率 13.4%,价格 2026-09-30 收盘；财务截至 2026-06-30（同花顺财务摘要，累计口径，已还原为单季）；TTM = 上年年报 + 本期累计 − 上年同期累计；程序化情景规则见「研究标准」页，不是目标价。,31.02,13.9,36.0,0.29088785046728977,True,仅字段与算术审计，未完成一手深研,,保留历史筛选；模型未获本轮认证
000951,中国重汽,条件关注,条件关注：TTM PE 12.0×（行业中位 19.7×），基准 +50% ÷ 悲观 −26% ≈ 1.90:1；最新单季营收 +41.5%、累计毛利率 6.9%,价格 2026-09-30 收盘；财务截至 2026-06-30（同花顺财务摘要，累计口径，已还原为单季）；TTM = 上年年报 + 本期累计 − 上年同期累计；程序化情景规则见「研究标准」页，不是目标价。,20.23,14.9,30.3,1.8893058161350844,True,仅字段与算术审计，未完成一手深研,,保留历史筛选；模型未获本轮认证
000959,首钢股份,观察,观察：TTM PE 30.7×（行业中位 19.4×），基准 -19% ÷ 悲观 −73%，不成立；最新单季营收 -0.6%、累计毛利率 5.3%,价格 2026-09-30 收盘；财务截至 2026-06-30（同花顺财务摘要，累计口径，已还原为单季）；TTM = 上年年报 + 本期累计 − 上年同期累计；程序化情景规则见「研究标准」页，不是目标价。,3.51,0.9,2.9,-0.23371647509578541,True,仅字段与算术审计，未完成一手深研,,保留历史筛选；模型未获本轮认证
000960,锡业股份,观察,观察：TTM PE 21.5×（行业中位 19.4×），基准 +14% ÷ 悲观 −62% ≈ 0.23:1；最新单季营收 +41.0%、累计毛利率 11.2%,价格 2026-09-30 收盘；财务截至 2026-06-30（同花顺财务摘要，累计口径，已还原为单季）；TTM = 上年年报 + 本期累计 − 上年同期累计；程序化情景规则见「研究标准」页，不是目标价。,30.46,11.6,34.8,0.2301166489925767,True,仅字段与算术审计，未完成一手深研,,保留历史筛选；模型未获本轮认证
000963,华东医药,观察,观察：TTM PE 14.0×（行业中位 20.2×），基准 +21% ÷ 悲观 −29% ≈ 0.73:1；最新单季营收 -0.5%、累计毛利率 32.8%,价格 2026-09-30 收盘；财务截至 2026-06-30（同花顺财务摘要，累计口径，已还原为单季）；TTM = 上年年报 + 本期累计 − 上年同期累计；程序化情景规则见「研究标准」页，不是目标价。,27.69,19.6,33.6,0.7305315203955501,True,仅字段与算术审计，未完成一手深研,,保留历史筛选；模型未获本轮认证
000967,盈峰环境,观察,观察：TTM PE 39.1×（行业中位 17.0×），基准 -18% ÷ 悲观 −78%，不成立；最新单季营收 +20.4%、累计毛利率 22.2%,价格 2026-09-30 收盘；财务截至 2026-06-30（同花顺财务摘要，累计口径，已还原为单季）；TTM = 上年年报 + 本期累计 − 上年同期累计；程序化情景规则见「研究标准」页，不是目标价。,7.79,1.7,6.4,-0.22824302134646957,True,仅字段与算术审计，未完成一手深研,,保留历史筛选；模型未获本轮认证
000975,山金国际,观察,观察：TTM PE 16.7×（行业中位 19.4×），基准 +3% ÷ 悲观 −51% ≈ 0.06:1；最新单季营收 -24.4%、累计毛利率 42.5%,价格 2026-09-30 收盘；财务截至 2026-06-30（同花顺财务摘要，累计口径，已还原为单季）；TTM = 上年年报 + 本期累计 − 上年同期累计；程序化情景规则见「研究标准」页，不是目标价。,22.76,11.2,23.4,0.05536332179930769,True,仅字段与算术审计，未完成一手深研,,保留历史筛选；模型未获本轮认证
000983,山西焦煤,观察,观察：TTM PE 25.8×（行业中位 17.7×），基准 -15% ÷ 悲观 −71%，不成立（数据稳定性存疑，见劣势）；最新单季营收 +1.6%、累计毛利率 29.8%,价格 2026-09-30 收盘；财务截至 2026-06-30（同花顺财务摘要，累计口径，已还原为单季）；TTM = 上年年报 + 本期累计 − 上年同期累计；程序化情景规则见「研究标准」页，不是目标价。,6.48,1.9,5.5,-0.21397379912663764,True,仅字段与算术审计，未完成一手深研,,保留历史筛选；模型未获本轮认证
000988,华工科技,观察,观察：TTM PE 52.9×（行业中位 42.5×），基准 -28% ÷ 悲观 −64%，不成立；最新单季营收 -16.8%、累计毛利率 20.6%,价格 2026-09-30 收盘；财务截至 2026-06-30（同花顺财务摘要，累计口径，已还原为单季）；TTM = 上年年报 + 本期累计 − 上年同期累计；程序化情景规则见「研究标准」页，不是目标价。,92.25,33.4,66.3,-0.44095157179269334,True,仅字段与算术审计，未完成一手深研,,保留历史筛选；模型未获本轮认证
000997,新 大 陆,优先关注,优先关注：TTM PE 17.6×（行业中位 42.5×），基准 +50% ÷ 悲观 −25% ≈ 2.00:1；最新单季营收 +45.9%、累计毛利率 28.2%,价格 2026-09-30 收盘；财务截至 2026-06-30（同花顺财务摘要，累计口径，已还原为单季）；TTM = 上年年报 + 本期累计 − 上年同期累计；程序化情景规则见「研究标准」页，不是目标价。,19.33,14.5,29.0,2.0020703933747424,True,待一手核实,19.33,观察（待证据）：保留原经营研究方向，旧赔率未认证
000999,华润三九,观察,观察：TTM PE 12.3×（行业中位 20.2×），基准 +19% ÷ 悲观 −19% ≈ 0.98:1；最新单季营收 -13.5%、累计毛利率 56.8%,价格 2026-09-30 收盘；财务截至 2026-06-30（同花顺财务摘要，累计口径，已还原为单季）；TTM = 上年年报 + 本期累计 − 上年同期累计；程序化情景规则见「研究标准」页，不是目标价。,24.19,19.6,28.7,0.9825708061002174,True,仅字段与算术审计，未完成一手深研,,保留历史筛选；模型未获本轮认证
001203,大中矿业,观察,观察：TTM PE 50.3×（行业中位 19.4×），基准 -34% ÷ 悲观 −84%，不成立；最新单季营收 -7.9%、累计毛利率 49.7%,价格 2026-09-30 收盘；财务截至 2026-06-30（同花顺财务摘要，累计口径，已还原为单季）；TTM = 上年年报 + 本期累计 − 上年同期累计；程序化情景规则见「研究标准」页，不是目标价。,22.28,3.6,14.7,-0.40578158458244123,True,仅字段与算术审计，未完成一手深研,,保留历史筛选；模型未获本轮认证
001221,悍高集团,观察,观察：TTM PE 16.8×（行业中位 17.8×），基准 +16% ÷ 悲观 −51% ≈ 0.31:1；最新单季营收 +18.1%、累计毛利率 35.8%,价格 2026-09-30 收盘；财务截至 2026-06-30（同花顺财务摘要，累计口径，已还原为单季）；TTM = 上年年报 + 本期累计 − 上年同期累计；程序化情景规则见「研究标准」页，不是目标价。,32.64,16.1,37.8,0.3119709794437725,True,仅字段与算术审计，未完成一手深研,,保留历史筛选；模型未获本轮认证
001280,中国铀业,观察,观察：TTM PE 59.6×（行业中位 19.4×），基准 -28% ÷ 悲观 −86%，不成立；最新单季营收 +11.9%、累计毛利率 20.8%,价格 2026-09-30 收盘；财务截至 2026-06-30（同花顺财务摘要，累计口径，已还原为单季）；TTM = 上年年报 + 本期累计 − 上年同期累计；程序化情景规则见「研究标准」页，不是目标价。,60.22,8.2,43.3,-0.3252595155709343,True,仅字段与算术审计，未完成一手深研,,保留历史筛选；模型未获本轮认证
001286,陕西能源,条件关注,条件关注：TTM PE 11.8×（行业中位 17.0×），基准 +27% ÷ 悲观 −26% ≈ 1.04:1；最新单季营收 +5.8%、累计毛利率 37.7%,价格 2026-09-30 收盘；财务截至 2026-06-30（同花顺财务摘要，累计口径，已还原为单季）；TTM = 上年年报 + 本期累计 − 上年同期累计；程序化情景规则见「研究标准」页，不是目标价。,9.45,7.0,12.0,1.0408163265306127,True,仅字段与算术审计，未完成一手深研,,保留历史筛选；模型未获本轮认证
001309,德明利,观察,观察：TTM PE 11.8×（行业中位 42.5×），基准 +50% ÷ 悲观 −25% ≈ 2.00:1（数据稳定性存疑，见劣势）；最新单季营收 +228.1%、累计毛利率 47.1%,价格 2026-09-30 收盘；财务截至 2026-06-30（同花顺财务摘要，累计口径，已还原为单季）；TTM = 上年年报 + 本期累计 − 上年同期累计；程序化情景规则见「研究标准」页，不是目标价。,358.46,268.8,537.7,1.999107740352444,True,仅字段与算术审计，未完成一手深研,,保留历史筛选；模型未获本轮认证
001386,马可波罗,观察,观察：TTM PE 17.8×（行业中位 19.7×），基准 +0% ÷ 悲观 −50% ≈ 0.00:1；最新单季营收 -11.9%、累计毛利率 32.5%,价格 2026-09-30 收盘；财务截至 2026-06-30（同花顺财务摘要，累计口径，已还原为单季）；TTM = 上年年报 + 本期累计 − 上年同期累计；程序化情景规则见「研究标准」页，不是目标价。,15.98,8.0,16.0,0.0025062656641603475,True,仅字段与算术审计，未完成一手深研,,保留历史筛选；模型未获本轮认证
001389,广合科技,观察,观察：TTM PE 50.5×（行业中位 42.5×），基准 -5% ÷ 悲观 −62%，不成立；最新单季营收 +89.1%、累计毛利率 39.3%,价格 2026-09-30 收盘；财务截至 2026-06-30（同花顺财务摘要，累计口径，已还原为单季）；TTM = 上年年报 + 本期累计 − 上年同期累计；程序化情景规则见「研究标准」页，不是目标价。,176.66,66.8,167.8,-0.08064809757873644,True,仅字段与算术审计，未完成一手深研,,保留历史筛选；模型未获本轮认证
001391,国货航,观察,观察：TTM PE 20.9×（行业中位 19.7×），基准 +16% ÷ 悲观 −57% ≈ 0.27:1；最新单季营收 +27.2%、累计毛利率 10.3%,价格 2026-09-30 收盘；财务截至 2026-06-30（同花顺财务摘要，累计口径，已还原为单季）；TTM = 上年年报 + 本期累计 − 上年同期累计；程序化情景规则见「研究标准」页，不是目标价。,3.84,1.6,4.4,0.2500000000000002,True,仅字段与算术审计，未完成一手深研,,保留历史筛选；模型未获本轮认证
001696,宗申动力,观察,观察：TTM PE 20.1×（行业中位 19.7×），基准 +1% ÷ 悲观 −56% ≈ 0.01:1；最新单季营收 +2.0%、累计毛利率 13.8%,价格 2026-09-30 收盘；财务截至 2026-06-30（同花顺财务摘要，累计口径，已还原为单季）；TTM = 上年年报 + 本期累计 − 上年同期累计；程序化情景规则见「研究标准」页，不是目标价。,15.15,6.7,15.2,0.0059171597633134836,True,仅字段与算术审计，未完成一手深研,,保留历史筛选；模型未获本轮认证
001965,招商公路,观察,观察：TTM PE 15.0×（行业中位 19.7×），基准 +38% ÷ 悲观 −41% ≈ 0.92:1；最新单季营收 +26.9%、累计毛利率 24.8%,价格 2026-09-30 收盘；财务截至 2026-06-30（同花顺财务摘要，累计口径，已还原为单季）；TTM = 上年年报 + 本期累计 − 上年同期累计；程序化情景规则见「研究标准」页，不是目标价。,10.05,5.9,13.8,0.9036144578313252,True,仅字段与算术审计，未完成一手深研,,保留历史筛选；模型未获本轮认证
001979,招商蛇口,观察,观察：TTM PE 728.0×（行业中位 19.7×），基准 -94% ÷ 悲观 −99%，不成立（数据稳定性存疑，见劣势）；最新单季营收 +0.3%、累计毛利率 13.3%,价格 2026-09-30 收盘；财务截至 2026-06-30（同花顺财务摘要，累计口径，已还原为单季）；TTM = 上年年报 + 本期累计 − 上年同期累计；程序化情景规则见「研究标准」页，不是目标价。,7.58,0.1,0.4,-0.9598930481283422,True,仅字段与算术审计，未完成一手深研,,保留历史筛选；模型未获本轮认证
002001,新和成,条件关注,条件关注（人工复核，原程序化评级优先关注）：TTM PE 11.1×（行业中位 20.2×），基准 +43% ÷ 悲观 −18% ≈ 2.40:1；最新单季营收 +20.7%、累计毛利率 44.2%,价格 2026-09-30 收盘；财务截至 2026-06-30（同花顺财务摘要，累计口径，已还原为单季）；TTM = 上年年报 + 本期累计 − 上年同期累计；程序化情景规则见「研究标准」页，不是目标价。,25.95,21.3,37.1,2.3978494623655924,True,待一手核实,25.95,观察（待证据）：保留原经营研究方向，旧赔率未认证
002007,华兰生物,观察,观察：TTM PE 30.2×（行业中位 20.2×），基准 -21% ÷ 悲观 −67%，不成立；最新单季营收 -13.4%、累计毛利率 46.2%,价格 2026-09-30 收盘；财务截至 2026-06-30（同花顺财务摘要，累计口径，已还原为单季）；TTM = 上年年报 + 本期累计 − 上年同期累计；程序化情景规则见「研究标准」页，不是目标价。,13.34,4.4,10.6,-0.30648769574944074,True,仅字段与算术审计，未完成一手深研,,保留历史筛选；模型未获本轮认证
002008,大族激光,观察,观察：TTM PE 41.4×（行业中位 19.7×），基准 -11% ÷ 悲观 −79%，不成立；最新单季营收 +77.3%、累计毛利率 34.9%,价格 2026-09-30 收盘；财务截至 2026-06-30（同花顺财务摘要，累计口径，已还原为单季）；TTM = 上年年报 + 本期累计 − 上年同期累计；程序化情景规则见「研究标准」页，不是目标价。,80.03,17.1,70.9,-0.1450818369617034,True,仅字段与算术审计，未完成一手深研,,保留历史筛选；模型未获本轮认证
002025,航天电器,观察,观察：TTM PE 136.7×（行业中位 19.7×），基准 -68% ÷ 悲观 −94%，不成立；最新单季营收 +12.7%、累计毛利率 29.2%,价格 2026-09-30 收盘；财务截至 2026-06-30（同花顺财务摘要，累计口径，已还原为单季）；TTM = 上年年报 + 本期累计 − 上年同期累计；程序化情景规则见「研究标准」页，不是目标价。,67.01,4.4,21.4,-0.7284778789330778,True,仅字段与算术审计，未完成一手深研,,保留历史筛选；模型未获本轮认证
002027,分众传媒,条件关注,条件关注：TTM PE 11.2×（行业中位 29.4×），基准 +20% ÷ 悲观 −20% ≈ 1.01:1；最新单季营收 -5.5%、累计毛利率 70.5%,价格 2026-09-30 收盘；财务截至 2026-06-30（同花顺财务摘要，累计口径，已还原为单季）；TTM = 上年年报 + 本期累计 − 上年同期累计；程序化情景规则见「研究标准」页，不是目标价。,4.73,3.8,5.7,1.0430107526881711,True,仅字段与算术审计，未完成一手深研,,保留历史筛选；模型未获本轮认证
002028,思源电气,观察,观察：TTM PE 28.3×（行业中位 19.7×），基准 -4% ÷ 悲观 −69%，不成立；最新单季营收 +18.1%、累计毛利率 30.5%,价格 2026-09-30 收盘；财务截至 2026-06-30（同花顺财务摘要，累计口径，已还原为单季）；TTM = 上年年报 + 本期累计 − 上年同期累计；程序化情景规则见「研究标准」页，不是目标价。,120.46,37.8,115.2,-0.06363416404548743,True,仅字段与算术审计，未完成一手深研,,保留历史筛选；模型未获本轮认证
002032,苏泊尔,观察,观察：TTM PE 15.7×（行业中位 17.8×），基准 +4% ÷ 悲观 −47% ≈ 0.09:1；最新单季营收 -2.9%、累计毛利率 24.2%,价格 2026-09-30 收盘；财务截至 2026-06-30（同花顺财务摘要，累计口径，已还原为单季）；TTM = 上年年报 + 本期累计 − 上年同期累计；程序化情景规则见「研究标准」页，不是目标价。,39.95,21.1,41.7,0.09283819628647214,True,仅字段与算术审计，未完成一手深研,,保留历史筛选；模型未获本轮认证
002044,美年健康,观察,观察：TTM PE 57.1×（行业中位 20.2×），基准 -34% ÷ 悲观 −83%，不成立（数据稳定性存疑，见劣势）；最新单季营收 -4.0%、累计毛利率 33.9%,价格 2026-09-30 收盘；财务截至 2026-06-30（同花顺财务摘要，累计口径，已还原为单季）；TTM = 上年年报 + 本期累计 − 上年同期累计；程序化情景规则见「研究标准」页，不是目标价。,4.54,0.8,3.0,-0.4117647058823529,True,仅字段与算术审计，未完成一手深研,,保留历史筛选；模型未获本轮认证
002049,紫光国微,观察,观察：TTM PE 31.6×（行业中位 42.5×），基准 +14% ÷ 悲观 −39% ≈ 0.36:1；最新单季营收 -3.8%、累计毛利率 53.6%,价格 2026-09-30 收盘；财务截至 2026-06-30（同花顺财务摘要，累计口径，已还原为单季）；TTM = 上年年报 + 本期累计 − 上年同期累计；程序化情景规则见「研究标准」页，不是目标价。,57.88,35.0,66.1,0.3592657342657339,True,仅字段与算术审计，未完成一手深研,,保留历史筛选；模型未获本轮认证
002056,横店东磁,观察,观察：TTM PE 17.3×（行业中位 19.7×），基准 +9% ÷ 悲观 −49% ≈ 0.18:1；最新单季营收 +2.2%、累计毛利率 15.7%,价格 2026-09-30 收盘；财务截至 2026-06-30（同花顺财务摘要，累计口径，已还原为单季）；TTM = 上年年报 + 本期累计 − 上年同期累计；程序化情景规则见「研究标准」页，不是目标价。,19.33,9.9,21.0,0.1770943796394488,True,仅字段与算术审计，未完成一手深研,,保留历史筛选；模型未获本轮认证
002065,东华软件,观察,观察：TTM PE 45.7×（行业中位 42.5×），基准 -15% ÷ 悲观 −58%，不成立；最新单季营收 -4.9%、累计毛利率 21.2%,价格 2026-09-30 收盘；财务截至 2026-06-30（同花顺财务摘要，累计口径，已还原为单季）；TTM = 上年年报 + 本期累计 − 上年同期累计；程序化情景规则见「研究标准」页，不是目标价。,6.5,2.7,5.5,-0.2631578947368421,True,仅字段与算术审计，未完成一手深研,,保留历史筛选；模型未获本轮认证
002078,太阳纸业,条件关注,条件关注：TTM PE 11.2×（行业中位 19.4×），基准 +40% ÷ 悲观 −30% ≈ 1.33:1；最新单季营收 +17.0%、累计毛利率 15.7%,价格 2026-09-30 收盘；财务截至 2026-06-30（同花顺财务摘要，累计口径，已还原为单季）；TTM = 上年年报 + 本期累计 − 上年同期累计；程序化情景规则见「研究标准」页，不是目标价。,13.7,9.6,19.2,1.3414634146341464,True,仅字段与算术审计，未完成一手深研,,保留历史筛选；模型未获本轮认证
002085,万丰奥威,观察,观察：TTM PE 21.7×（行业中位 17.8×），基准 -7% ÷ 悲观 −62%，不成立；最新单季营收 +2.4%、累计毛利率 16.4%,价格 2026-09-30 收盘；财务截至 2026-06-30（同花顺财务摘要，累计口径，已还原为单季）；TTM = 上年年报 + 本期累计 − 上年同期累计；程序化情景规则见「研究标准」页，不是目标价。,9.32,3.6,8.6,-0.12587412587412597,True,仅字段与算术审计，未完成一手深研,,保留历史筛选；模型未获本轮认证
002120,韵达股份,条件关注,条件关注：TTM PE 11.9×（行业中位 19.7×），基准 +33% ÷ 悲观 −25% ≈ 1.32:1；最新单季营收 +9.6%、累计毛利率 8.3%,价格 2026-09-30 收盘；财务截至 2026-06-30（同花顺财务摘要，累计口径，已还原为单季）；TTM = 上年年报 + 本期累计 − 上年同期累计；程序化情景规则见「研究标准」页，不是目标价。,6.82,5.1,9.1,1.3255813953488365,True,仅字段与算术审计，未完成一手深研,,保留历史筛选；模型未获本轮认证
002130,沃尔核材,条件关注,条件关注：TTM PE 16.9×（行业中位 42.5×），基准 +42% ÷ 悲观 −25% ≈ 1.70:1；最新单季营收 +19.9%、累计毛利率 29.4%,价格 2026-09-30 收盘；财务截至 2026-06-30（同花顺财务摘要，累计口径，已还原为单季）；TTM = 上年年报 + 本期累计 − 上年同期累计；程序化情景规则见「研究标准」页，不是目标价。,15.71,11.8,22.4,1.7109974424552423,True,仅字段与算术审计，未完成一手深研,,保留历史筛选；模型未获本轮认证
002131,利欧股份,回避,回避：TTM 亏损，PE 不适用；最新单季营收 +4.3%、累计毛利率 7.3%,价格 2026-09-30 收盘；财务截至 2026-06-30（同花顺财务摘要，累计口径，已还原为单季）；TTM = 上年年报 + 本期累计 − 上年同期累计；程序化情景规则见「研究标准」页，不是目标价。,4.2,,,,True,仅字段与算术审计，未完成一手深研,,保留历史筛选；模型未获本轮认证
002138,顺络电子,观察,观察：TTM PE 38.6×（行业中位 42.5×），基准 +21% ÷ 悲观 −50% ≈ 0.41:1；最新单季营收 +23.3%、累计毛利率 33.6%,价格 2026-09-30 收盘；财务截至 2026-06-30（同花顺财务摘要，累计口径，已还原为单季）；TTM = 上年年报 + 本期累计 − 上年同期累计；程序化情景规则见「研究标准」页，不是目标价。,48.24,23.9,58.2,0.40920295809367296,True,仅字段与算术审计，未完成一手深研,,保留历史筛选；模型未获本轮认证
002142,宁波银行,观察,观察：TTM PE 7.8×（行业中位 9.7×），基准 +22% ÷ 悲观 −40% ≈ 0.56:1；最新单季营收 +12.9%,价格 2026-09-30 收盘；财务截至 2026-06-30（同花顺财务摘要，累计口径，已还原为单季）；TTM = 上年年报 + 本期累计 − 上年同期累计；程序化情景规则见「研究标准」页，不是目标价。,35.43,21.2,43.4,0.5600843288826423,True,仅字段与算术审计，未完成一手深研,,保留历史筛选；模型未获本轮认证
002152,广电运通,观察,观察：TTM PE 26.9×（行业中位 42.5×），基准 +19% ÷ 悲观 −29% ≈ 0.66:1；最新单季营收 -6.8%、累计毛利率 28.9%,价格 2026-09-30 收盘；财务截至 2026-06-30（同花顺财务摘要，累计口径，已还原为单季）；TTM = 上年年报 + 本期累计 − 上年同期累计；程序化情景规则见「研究标准」页，不是目标价。,8.95,6.4,10.7,0.6862745098039219,True,仅字段与算术审计，未完成一手深研,,保留历史筛选；模型未获本轮认证
002153,石基信息,回避,回避：TTM 亏损，PE 不适用；最新单季营收 +0.8%、累计毛利率 48.4%,价格 2026-09-30 收盘；财务截至 2026-06-30（同花顺财务摘要，累计口径，已还原为单季）；TTM = 上年年报 + 本期累计 − 上年同期累计；程序化情景规则见「研究标准」页，不是目标价。,7.37,,,,True,仅字段与算术审计，未完成一手深研,,保留历史筛选；模型未获本轮认证
002155,湖南黄金,观察,观察：TTM PE 20.3×（行业中位 19.4×），基准 -7% ÷ 悲观 −60%，不成立（数据稳定性存疑，见劣势）；最新单季营收 -13.8%、累计毛利率 5.7%,价格 2026-09-30 收盘；财务截至 2026-06-30（同花顺财务摘要，累计口径，已还原为单季）；TTM = 上年年报 + 本期累计 − 上年同期累计；程序化情景规则见「研究标准」页，不是目标价。,23.2,9.3,21.6,-0.1151079136690646,True,仅字段与算术审计，未完成一手深研,,保留历史筛选；模型未获本轮认证
002157,正邦科技,回避,回避：TTM 亏损，PE 不适用；最新单季营收 +3.2%、累计毛利率 -0.2%,价格 2026-09-30 收盘；财务截至 2026-06-30（同花顺财务摘要，累计口径，已还原为单季）；TTM = 上年年报 + 本期累计 − 上年同期累计；程序化情景规则见「研究标准」页，不是目标价。,2.92,,,,True,仅字段与算术审计，未完成一手深研,,保留历史筛选；模型未获本轮认证
002185,华天科技,观察,观察：TTM PE 41.5×（行业中位 42.5×），基准 +16% ÷ 悲观 −54% ≈ 0.29:1；最新单季营收 +35.6%、累计毛利率 14.3%,价格 2026-09-30 收盘；财务截至 2026-06-30（同花顺财务摘要，累计口径，已还原为单季）；TTM = 上年年报 + 本期累计 − 上年同期累计；程序化情景规则见「研究标准」页，不是目标价。,16.46,7.6,19.0,0.2866817155756206,True,仅字段与算术审计，未完成一手深研,,保留历史筛选；模型未获本轮认证
002195,岩山科技,观察,观察：TTM PE 398.7×（行业中位 29.4×），基准 -89% ÷ 悲观 −96%，不成立（数据稳定性存疑，见劣势）；最新单季营收 +17.1%、累计毛利率 30.0%,价格 2026-09-30 收盘；财务截至 2026-06-30（同花顺财务摘要，累计口径，已还原为单季）；TTM = 上年年报 + 本期累计 − 上年同期累计；程序化情景规则见「研究标准」页，不是目标价。,5.92,0.2,0.7,-0.9125874125874126,True,仅字段与算术审计，未完成一手深研,,保留历史筛选；模型未获本轮认证
002202,金风科技,观察,观察：TTM PE 23.9×（行业中位 19.7×），基准 -11% ÷ 悲观 −63%，不成立；最新单季营收 -4.3%、累计毛利率 16.8%,价格 2026-09-30 收盘；财务截至 2026-06-30（同花顺财务摘要，累计口径，已还原为单季）；TTM = 上年年报 + 本期累计 − 上年同期累计；程序化情景规则见「研究标准」页，不是目标价。,17.22,6.4,15.3,-0.1774491682070239,True,仅字段与算术审计，未完成一手深研,,保留历史筛选；模型未获本轮认证
002203,海亮股份,观察,观察：TTM PE 39.8×（行业中位 19.4×），基准 -24% ÷ 悲观 −79%，不成立；最新单季营收 +3.8%、累计毛利率 4.7%,价格 2026-09-30 收盘；财务截至 2026-06-30（同花顺财务摘要，累计口径，已还原为单季）；TTM = 上年年报 + 本期累计 − 上年同期累计；程序化情景规则见「研究标准」页，不是目标价。,17.32,3.6,13.2,-0.3002915451895044,True,仅字段与算术审计，未完成一手深研,,保留历史筛选；模型未获本轮认证
002223,鱼跃医疗,观察,观察：TTM PE 23.4×（行业中位 20.2×），基准 -8% ÷ 悲观 −58%，不成立；最新单季营收 -1.1%、累计毛利率 49.8%,价格 2026-09-30 收盘；财务截至 2026-06-30（同花顺财务摘要，累计口径，已还原为单季）；TTM = 上年年报 + 本期累计 − 上年同期累计；程序化情景规则见「研究标准」页，不是目标价。,26.27,11.1,24.2,-0.13645352669742916,True,仅字段与算术审计，未完成一手深研,,保留历史筛选；模型未获本轮认证
002236,大华股份,条件关注,条件关注：TTM PE 13.3×（行业中位 42.5×），基准 +34% ÷ 悲观 −25% ≈ 1.34:1；最新单季营收 +9.8%、累计毛利率 43.1%,价格 2026-09-30 收盘；财务截至 2026-06-30（同花顺财务摘要，累计口径，已还原为单季）；TTM = 上年年报 + 本期累计 − 上年同期累计；程序化情景规则见「研究标准」页，不是目标价。,15.32,11.5,20.5,1.356020942408377,True,仅字段与算术审计，未完成一手深研,,保留历史筛选；模型未获本轮认证
002241,歌尔股份,条件关注,条件关注：TTM PE 19.7×（行业中位 42.5×），基准 +26% ÷ 悲观 −25% ≈ 1.02:1；最新单季营收 +0.7%、累计毛利率 14.5%,价格 2026-09-30 收盘；财务截至 2026-06-30（同花顺财务摘要，累计口径，已还原为单季）；TTM = 上年年报 + 本期累计 − 上年同期累计；程序化情景规则见「研究标准」页，不是目标价。,22.79,17.1,28.6,1.0210896309314594,True,仅字段与算术审计，未完成一手深研,,保留历史筛选；模型未获本轮认证
002244,滨江集团,观察,观察：TTM PE 17.4×（行业中位 19.7×），基准 +1% ÷ 悲观 −52% ≈ 0.03:1（数据稳定性存疑，见劣势）；最新单季营收 -14.5%、累计毛利率 12.0%,价格 2026-09-30 收盘；财务截至 2026-06-30（同花顺财务摘要，累计口径，已还原为单季）；TTM = 上年年报 + 本期累计 − 上年同期累计；程序化情景规则见「研究标准」页，不是目标价。,10.14,4.8,10.3,0.029962546816479422,True,仅字段与算术审计，未完成一手深研,,保留历史筛选；模型未获本轮认证
002252,上海莱士,观察,观察：TTM PE 28.9×（行业中位 20.2×），基准 -19% ÷ 悲观 −66%，不成立；最新单季营收 -12.6%、累计毛利率 35.1%,价格 2026-09-30 收盘；财务截至 2026-06-30（同花顺财务摘要，累计口径，已还原为单季）；TTM = 上年年报 + 本期累计 − 上年同期累计；程序化情景规则见「研究标准」页，不是目标价。,5.32,1.8,4.3,-0.28977272727272735,True,仅字段与算术审计，未完成一手深研,,保留历史筛选；模型未获本轮认证
002261,拓维信息,观察,观察：TTM PE 552.1×（行业中位 42.5×），基准 -92% ÷ 悲观 −97%，不成立（数据稳定性存疑，见劣势）；最新单季营收 +5.1%、累计毛利率 18.7%,价格 2026-09-30 收盘；财务截至 2026-06-30（同花顺财务摘要，累计口径，已还原为单季）；TTM = 上年年报 + 本期累计 − 上年同期累计；程序化情景规则见「研究标准」页，不是目标价。,23.72,0.8,1.8,-0.956369982547993,True,仅字段与算术审计，未完成一手深研,,保留历史筛选；模型未获本轮认证
002262,恩华药业,观察,观察：TTM PE 15.1×（行业中位 20.2×），基准 +23% ÷ 悲观 −34% ≈ 0.66:1；最新单季营收 +7.3%、累计毛利率 73.9%,价格 2026-09-30 收盘；财务截至 2026-06-30（同花顺财务摘要，累计口径，已还原为单季）；TTM = 上年年报 + 本期累计 − 上年同期累计；程序化情景规则见「研究标准」页，不是目标价。,22.73,14.9,27.9,0.6602809706257979,True,仅字段与算术审计，未完成一手深研,,保留历史筛选；模型未获本轮认证
002265,建设工业,观察,观察：TTM PE 76.2×（行业中位 17.8×），基准 -37% ÷ 悲观 −89%，不成立（数据稳定性存疑，见劣势）；最新单季营收 +31.3%、累计毛利率 15.1%,价格 2026-09-30 收盘；财务截至 2026-06-30（同花顺财务摘要，累计口径，已还原为单季）；TTM = 上年年报 + 本期累计 − 上年同期累计；程序化情景规则见「研究标准」页，不是目标价。,18.92,2.1,11.9,-0.41736028537455416,True,仅字段与算术审计，未完成一手深研,,保留历史筛选；模型未获本轮认证
002266,浙富控股,条件关注,条件关注：TTM PE 12.7×（行业中位 19.7×），基准 +49% ÷ 悲观 −30% ≈ 1.64:1；最新单季营收 +27.2%、累计毛利率 16.7%,价格 2026-09-30 收盘；财务截至 2026-06-30（同花顺财务摘要，累计口径，已还原为单季）；TTM = 上年年报 + 本期累计 − 上年同期累计；程序化情景规则见「研究标准」页，不是目标价。,4.63,3.2,6.9,1.587412587412588,True,仅字段与算术审计，未完成一手深研,,保留历史筛选；模型未获本轮认证
002271,东方雨虹,观察,观察：TTM PE 22.9×（行业中位 19.7×），基准 -6% ÷ 悲观 −61%，不成立；最新单季营收 +0.8%、累计毛利率 27.4%,价格 2026-09-30 收盘；财务截至 2026-06-30（同花顺财务摘要，累计口径，已还原为单季）；TTM = 上年年报 + 本期累计 − 上年同期累计；程序化情景规则见「研究标准」页，不是目标价。,10.61,4.1,9.9,-0.10906298003072183,True,仅字段与算术审计，未完成一手深研,,保留历史筛选；模型未获本轮认证
002273,水晶光电,条件关注,条件关注：TTM PE 27.8×（行业中位 42.5×），基准 +37% ÷ 悲观 −31% ≈ 1.20:1；最新单季营收 +14.2%、累计毛利率 31.7%,价格 2026-09-30 收盘；财务截至 2026-06-30（同花顺财务摘要，累计口径，已还原为单季）；TTM = 上年年报 + 本期累计 − 上年同期累计；程序化情景规则见「研究标准」页，不是目标价。,24.4,16.8,33.5,1.197368421052632,True,仅字段与算术审计，未完成一手深研,,保留历史筛选；模型未获本轮认证
002281,光迅科技,观察,观察：TTM PE 111.5×（行业中位 29.4×），基准 -57% ÷ 悲观 −87%，不成立；最新单季营收 +27.0%、累计毛利率 25.5%,价格 2026-09-30 收盘；财务截至 2026-06-30（同花顺财务摘要，累计口径，已还原为单季）；TTM = 上年年报 + 本期累计 − 上年同期累计；程序化情景规则见「研究标准」页，不是目标价。,164.88,20.9,70.3,-0.656896791221003,True,仅字段与算术审计，未完成一手深研,,保留历史筛选；模型未获本轮认证
002299,圣农发展,观察,观察：TTM PE 19.8×（行业中位 19.4×），基准 +12% ÷ 悲观 −50% ≈ 0.24:1；最新单季营收 +18.5%、累计毛利率 13.1%,价格 2026-09-30 收盘；财务截至 2026-06-30（同花顺财务摘要，累计口径，已还原为单季）；TTM = 上年年报 + 本期累计 − 上年同期累计；程序化情景规则见「研究标准」页，不是目标价。,15.6,7.8,17.4,0.23076923076923064,True,仅字段与算术审计，未完成一手深研,,保留历史筛选；模型未获本轮认证
002304,洋河股份,观察,观察：TTM PE 120.9×（行业中位 19.4×），基准 -69% ÷ 悲观 −92%，不成立（数据稳定性存疑，见劣势）；最新单季营收 -36.9%、累计毛利率 73.3%,价格 2026-09-30 收盘；财务截至 2026-06-30（同花顺财务摘要，累计口径，已还原为单季）；TTM = 上年年报 + 本期累计 − 上年同期累计；程序化情景规则见「研究标准」页，不是目标价。,37.25,3.0,11.7,-0.745985401459854,True,仅字段与算术审计，未完成一手深研,,保留历史筛选；模型未获本轮认证
002311,海大集团,观察,观察：TTM PE 21.4×（行业中位 19.4×），基准 -1% ÷ 悲观 −54%，不成立；最新单季营收 +6.1%、累计毛利率 9.3%,价格 2026-09-30 收盘；财务截至 2026-06-30（同花顺财务摘要，累计口径，已还原为单季）；TTM = 上年年报 + 本期累计 − 上年同期累计；程序化情景规则见「研究标准」页，不是目标价。,42.0,19.4,41.7,-0.013274336283185714,True,仅字段与算术审计，未完成一手深研,,保留历史筛选；模型未获本轮认证
002312,川发龙蟒,观察,观察：TTM PE 38.7×（行业中位 19.4×），基准 -27% ÷ 悲观 −79%，不成立（数据稳定性存疑，见劣势）；最新单季营收 -3.3%、累计毛利率 14.6%,价格 2026-09-30 收盘；财务截至 2026-06-30（同花顺财务摘要，累计口径，已还原为单季）；TTM = 上年年报 + 本期累计 − 上年同期累计；程序化情景规则见「研究标准」页，不是目标价。,8.16,1.7,6.0,-0.3343653250773994,True,仅字段与算术审计，未完成一手深研,,保留历史筛选；模型未获本轮认证
002318,久立特材,观察,观察：TTM PE 15.8×（行业中位 19.4×），基准 +6% ÷ 悲观 −48% ≈ 0.13:1（数据稳定性存疑，见劣势）；最新单季营收 -42.3%、累计毛利率 21.2%,价格 2026-09-30 收盘；财务截至 2026-06-30（同花顺财务摘要，累计口径，已还原为单季）；TTM = 上年年报 + 本期累计 − 上年同期累计；程序化情景规则见「研究标准」页，不是目标价。,17.83,9.2,18.9,0.12398609501738128,True,仅字段与算术审计，未完成一手深研,,保留历史筛选；模型未获本轮认证
002335,科华数据,观察,观察：TTM PE 40.0×（行业中位 19.7×），基准 -27% ÷ 悲观 −78%，不成立；最新单季营收 -2.5%、累计毛利率 24.4%,价格 2026-09-30 收盘；财务截至 2026-06-30（同花顺财务摘要，累计口径，已还原为单季）；TTM = 上年年报 + 本期累计 − 上年同期累计；程序化情景规则见「研究标准」页，不是目标价。,29.93,6.6,21.9,-0.34419202743249044,True,仅字段与算术审计，未完成一手深研,,保留历史筛选；模型未获本轮认证
002340,格林美,观察,观察：TTM PE 16.8×（行业中位 19.7×），基准 +8% ÷ 悲观 −47% ≈ 0.18:1；最新单季营收 -0.7%、累计毛利率 13.5%,价格 2026-09-30 收盘；财务截至 2026-06-30（同花顺财务摘要，累计口径，已还原为单季）；TTM = 上年年报 + 本期累计 − 上年同期累计；程序化情景规则见「研究标准」页，不是目标价。,6.11,3.2,6.6,0.16838487972508567,True,仅字段与算术审计，未完成一手深研,,保留历史筛选；模型未获本轮认证
002352,顺丰控股,观察,观察：TTM PE 14.1×（行业中位 19.7×），基准 +25% ÷ 悲观 −37% ≈ 0.68:1；最新单季营收 +5.7%、累计毛利率 13.4%,价格 2026-09-30 收盘；财务截至 2026-06-30（同花顺财务摘要，累计口径，已还原为单季）；TTM = 上年年报 + 本期累计 − 上年同期累计；程序化情景规则见「研究标准」页，不是目标价。,30.67,19.4,38.3,0.6770186335403721,True,仅字段与算术审计，未完成一手深研,,保留历史筛选；模型未获本轮认证
002353,杰瑞股份,观察,观察：TTM PE 42.5×（行业中位 17.7×），基准 -28% ÷ 悲观 −83%，不成立；最新单季营收 +3.3%、累计毛利率 31.0%,价格 2026-09-30 收盘；财务截至 2026-06-30（同花顺财务摘要，累计口径，已还原为单季）；TTM = 上年年报 + 本期累计 − 上年同期累计；程序化情景规则见「研究标准」页，不是目标价。,110.22,19.3,79.9,-0.3334799824021117,True,仅字段与算术审计，未完成一手深研,,保留历史筛选；模型未获本轮认证
002371,北方华创,观察,观察：TTM PE 60.4×（行业中位 42.5×），基准 -23% ÷ 悲观 −68%，不成立；最新单季营收 +24.0%、累计毛利率 40.1%,价格 2026-09-30 收盘；财务截至 2026-06-30（同花顺财务摘要，累计口径，已还原为单季）；TTM = 上年年报 + 本期累计 − 上年同期累计；程序化情景规则见「研究标准」页，不是目标价。,615.97,195.0,476.4,-0.3315438154737868,True,仅字段与算术审计，未完成一手深研,,保留历史筛选；模型未获本轮认证
002384,东山精密,观察,观察：TTM PE 85.2×（行业中位 42.5×），基准 -44% ÷ 悲观 −78%，不成立；最新单季营收 +75.5%、累计毛利率 20.1%,价格 2026-09-30 收盘；财务截至 2026-06-30（同花顺财务摘要，累计口径，已还原为单季）；TTM = 上年年报 + 本期累计 − 上年同期累计；程序化情景规则见「研究标准」页，不是目标价。,167.4,37.5,94.3,-0.5627405696689762,True,仅字段与算术审计，未完成一手深研,,保留历史筛选；模型未获本轮认证
002402,和而泰,观察,观察：TTM PE 29.4×（行业中位 42.5×），基准 +22% ÷ 悲观 −35% ≈ 0.64:1；最新单季营收 +0.2%、累计毛利率 19.7%,价格 2026-09-30 收盘；财务截至 2026-06-30（同花顺财务摘要，累计口径，已还原为单季）；TTM = 上年年报 + 本期累计 − 上年同期累计；程序化情景规则见「研究标准」页，不是目标价。,17.62,11.4,21.6,0.639871382636656,True,仅字段与算术审计，未完成一手深研,,保留历史筛选；模型未获本轮认证
002407,多氟多,观察,观察：TTM PE 52.1×（行业中位 19.4×），基准 -18% ÷ 悲观 −84%，不成立（数据稳定性存疑，见劣势）；最新单季营收 +71.3%、累计毛利率 21.6%,价格 2026-09-30 收盘；财务截至 2026-06-30（同花顺财务摘要，累计口径，已还原为单季）；TTM = 上年年报 + 本期累计 − 上年同期累计；程序化情景规则见「研究标准」页，不是目标价。,29.49,4.6,24.3,-0.20851747689835265,True,仅字段与算术审计，未完成一手深研,,保留历史筛选；模型未获本轮认证
002409,雅克科技,观察,观察：TTM PE 55.5×（行业中位 42.5×），基准 -19% ÷ 悲观 −66%，不成立；最新单季营收 +16.8%、累计毛利率 29.9%,价格 2026-09-30 收盘；财务截至 2026-06-30（同花顺财务摘要，累计口径，已还原为单季）；TTM = 上年年报 + 本期累计 − 上年同期累计；程序化情景规则见「研究标准」页，不是目标价。,121.0,41.7,97.5,-0.2963430012610341,True,仅字段与算术审计，未完成一手深研,,保留历史筛选；模型未获本轮认证
002410,广联达,观察,观察：TTM PE 51.1×（行业中位 42.5×），基准 -26% ÷ 悲观 −63%，不成立；最新单季营收 -7.2%、累计毛利率 88.8%,价格 2026-09-30 收盘；财务截至 2026-06-30（同花顺财务摘要，累计口径，已还原为单季）；TTM = 上年年报 + 本期累计 − 上年同期累计；程序化情景规则见「研究标准」页，不是目标价。,8.54,3.2,6.4,-0.40074906367041185,True,仅字段与算术审计，未完成一手深研,,保留历史筛选；模型未获本轮认证
002414,高德红外,观察,观察：TTM PE 25.7×（行业中位 19.7×），基准 +6% ÷ 悲观 −65% ≈ 0.09:1（数据稳定性存疑，见劣势）；最新单季营收 +137.0%、累计毛利率 52.1%,价格 2026-09-30 收盘；财务截至 2026-06-30（同花顺财务摘要，累计口径，已还原为单季）；TTM = 上年年报 + 本期累计 − 上年同期累计；程序化情景规则见「研究标准」页，不是目标价。,11.18,3.9,11.9,0.098901098901099,True,仅字段与算术审计，未完成一手深研,,保留历史筛选；模型未获本轮认证
002415,海康威视,条件关注,条件关注：TTM PE 18.1×（行业中位 42.5×），基准 +36% ÷ 悲观 −25% ≈ 1.42:1；最新单季营收 +12.1%、累计毛利率 50.0%,价格 2026-09-30 收盘；财务截至 2026-06-30（同花顺财务摘要，累计口径，已还原为单季）；TTM = 上年年报 + 本期累计 − 上年同期累计；程序化情景规则见「研究标准」页，不是目标价。,32.46,24.3,44.0,1.4142156862745097,True,仅字段与算术审计，未完成一手深研,,保留历史筛选；模型未获本轮认证
002422,科伦药业,观察,观察：TTM PE 35.5×（行业中位 20.2×），基准 -23% ÷ 悲观 −72%，不成立；最新单季营收 -2.4%、累计毛利率 47.6%,价格 2026-09-30 收盘；财务截至 2026-06-30（同花顺财务摘要，累计口径，已还原为单季）；TTM = 上年年报 + 本期累计 − 上年同期累计；程序化情景规则见「研究标准」页，不是目标价。,40.85,11.4,31.5,-0.3174872665534805,True,仅字段与算术审计，未完成一手深研,,保留历史筛选；模型未获本轮认证
002423,中粮资本,观察,观察：TTM PE 17.5×（行业中位 9.7×），基准 -19% ÷ 悲观 −73%，不成立（数据稳定性存疑，见劣势）；最新单季营收 +6.3%、累计毛利率 26.9%,价格 2026-09-30 收盘；财务截至 2026-06-30（同花顺财务摘要，累计口径，已还原为单季）；TTM = 上年年报 + 本期累计 − 上年同期累计；程序化情景规则见「研究标准」页，不是目标价。,9.14,2.4,7.4,-0.25816023738872407,True,仅字段与算术审计，未完成一手深研,,保留历史筛选；模型未获本轮认证
002429,兆驰股份,观察,观察：TTM PE 34.4×（行业中位 17.8×），基准 -22% ÷ 悲观 −76%，不成立；最新单季营收 +5.0%、累计毛利率 13.9%,价格 2026-09-30 收盘；财务截至 2026-06-30（同花顺财务摘要，累计口径，已还原为单季）；TTM = 上年年报 + 本期累计 − 上年同期累计；程序化情景规则见「研究标准」页，不是目标价。,7.92,1.9,6.2,-0.2857142857142857,True,仅字段与算术审计，未完成一手深研,,保留历史筛选；模型未获本轮认证
002430,杭氧股份,观察,观察：TTM PE 23.7×（行业中位 19.4×），基准 +7% ÷ 悲观 −66% ≈ 0.10:1；最新单季营收 +24.8%、累计毛利率 21.0%,价格 2026-09-30 收盘；财务截至 2026-06-30（同花顺财务摘要，累计口径，已还原为单季）；TTM = 上年年报 + 本期累计 − 上年同期累计；程序化情景规则见「研究标准」页，不是目标价。,25.04,8.6,26.7,0.10097323600973239,True,仅字段与算术审计，未完成一手深研,,保留历史筛选；模型未获本轮认证
002432,九安医疗,条件关注,条件关注：TTM PE 11.8×（行业中位 20.2×），基准 +19% ÷ 悲观 −18% ≈ 1.04:1；最新单季营收 -10.9%、累计毛利率 67.9%,价格 2026-09-30 收盘；财务截至 2026-06-30（同花顺财务摘要，累计口径，已还原为单季）；TTM = 上年年报 + 本期累计 − 上年同期累计；程序化情景规则见「研究标准」页，不是目标价。,60.39,49.5,71.7,1.0385674931129478,True,仅字段与算术审计，未完成一手深研,,保留历史筛选；模型未获本轮认证
002436,兴森科技,观察,观察：TTM PE 318.1×（行业中位 42.5×），基准 -86% ÷ 悲观 −94%，不成立；最新单季营收 +20.3%、累计毛利率 20.9%,价格 2026-09-30 收盘；财务截至 2026-06-30（同花顺财务摘要，累计口径，已还原为单季）；TTM = 上年年报 + 本期累计 − 上年同期累计；程序化情景规则见「研究标准」页，不是目标价。,40.94,2.5,5.9,-0.9115504682622269,True,仅字段与算术审计，未完成一手深研,,保留历史筛选；模型未获本轮认证
002444,巨星科技,条件关注,条件关注：TTM PE 12.6×（行业中位 19.7×），基准 +39% ÷ 悲观 −30% ≈ 1.31:1；最新单季营收 +15.8%、累计毛利率 33.3%,价格 2026-09-30 收盘；财务截至 2026-06-30（同花顺财务摘要，累计口径，已还原为单季）；TTM = 上年年报 + 本期累计 − 上年同期累计；程序化情景规则见「研究标准」页，不是目标价。,26.84,18.9,37.3,1.3173803526448358,True,仅字段与算术审计，未完成一手深研,,保留历史筛选；模型未获本轮认证
002461,珠江啤酒,观察,观察：TTM PE 19.2×（行业中位 19.4×），基准 +4% ÷ 悲观 −49% ≈ 0.07:1（数据稳定性存疑，见劣势）；最新单季营收 +4.5%、累计毛利率 52.4%,价格 2026-09-30 收盘；财务截至 2026-06-30（同花顺财务摘要，累计口径，已还原为单季）；TTM = 上年年报 + 本期累计 − 上年同期累计；程序化情景规则见「研究标准」页，不是目标价。,8.39,4.3,8.7,0.07579462102689453,True,仅字段与算术审计，未完成一手深研,,保留历史筛选；模型未获本轮认证
002465,海格通信,回避,回避：TTM 亏损，PE 不适用；最新单季营收 -15.6%、累计毛利率 25.3%,价格 2026-09-30 收盘；财务截至 2026-06-30（同花顺财务摘要，累计口径，已还原为单季）；TTM = 上年年报 + 本期累计 − 上年同期累计；程序化情景规则见「研究标准」页，不是目标价。,9.89,,,,True,仅字段与算术审计，未完成一手深研,,保留历史筛选；模型未获本轮认证
002475,立讯精密,条件关注,条件关注（人工复核，原程序化评级优先关注）：TTM PE 20.1×（行业中位 42.5×），基准 +50% ÷ 悲观 −25% ≈ 2.00:1；最新单季营收 +44.5%、累计毛利率 11.8%,价格 2026-09-30 收盘；财务截至 2026-06-30（同花顺财务摘要，累计口径，已还原为单季）；TTM = 上年年报 + 本期累计 − 上年同期累计；程序化情景规则见「研究标准」页，不是目标价。,49.43,37.1,74.1,2.0008110300081103,True,原件核实,49.43,条件观察：扣非与现金弱于营收，旧2:1认证撤回
002487,大金重工,观察,观察：TTM PE 25.5×（行业中位 19.7×），基准 -16% ÷ 悲观 −65%，不成立（数据稳定性存疑，见劣势）；最新单季营收 -20.8%、累计毛利率 37.5%,价格 2026-09-30 收盘；财务截至 2026-06-30（同花顺财务摘要，累计口径，已还原为单季）；TTM = 上年年报 + 本期累计 − 上年同期累计；程序化情景规则见「研究标准」页，不是目标价。,46.29,16.1,39.0,-0.2414706856575025,True,仅字段与算术审计，未完成一手深研,,保留历史筛选；模型未获本轮认证
002500,山西证券,观察,观察：TTM PE 18.4×（行业中位 9.7×），基准 -17% ÷ 悲观 −75%，不成立；最新单季营收 +11.5%,价格 2026-09-30 收盘；财务截至 2026-06-30（同花顺财务摘要，累计口径，已还原为单季）；TTM = 上年年报 + 本期累计 − 上年同期累计；程序化情景规则见「研究标准」页，不是目标价。,5.18,1.3,4.3,-0.22680412371134018,True,仅字段与算术审计，未完成一手深研,,保留历史筛选；模型未获本轮认证
002508,老板电器,观察,观察：TTM PE 11.1×（行业中位 17.8×），基准 +19% ÷ 悲观 −25% ≈ 0.76:1；最新单季营收 -20.7%、累计毛利率 50.5%,价格 2026-09-30 收盘；财务截至 2026-06-30（同花顺财务摘要，累计口径，已还原为单季）；TTM = 上年年报 + 本期累计 − 上年同期累计；程序化情景规则见「研究标准」页，不是目标价。,17.11,12.9,20.3,0.7577197149643711,True,仅字段与算术审计，未完成一手深研,,保留历史筛选；模型未获本轮认证
002517,恺英网络,观察,观察：TTM PE 14.4×（行业中位 29.4×），基准 +50% ÷ 悲观 −20% ≈ 2.50:1（数据稳定性存疑，见劣势）；最新单季营收 +110.3%、累计毛利率 76.9%,价格 2026-09-30 收盘；财务截至 2026-06-30（同花顺财务摘要，累计口径，已还原为单季）；TTM = 上年年报 + 本期累计 − 上年同期累计；程序化情景规则见「研究标准」页，不是目标价。,16.01,12.8,24.0,2.489096573208722,True,公告转载，原件待补,16.01,维持观察：利润率与买量回收需验证
002532,天山铝业,条件关注,条件关注：TTM PE 8.1×（行业中位 19.4×），基准 +45% ÷ 悲观 −30% ≈ 1.49:1；最新单季营收 +22.5%、累计毛利率 37.4%,价格 2026-09-30 收盘；财务截至 2026-06-30（同花顺财务摘要，累计口径，已还原为单季）；TTM = 上年年报 + 本期累计 − 上年同期累计；程序化情景规则见「研究标准」页，不是目标价。,12.18,8.5,17.6,1.4728260869565224,True,仅字段与算术审计，未完成一手深研,,保留历史筛选；模型未获本轮认证
002558,巨人网络,观察,观察：TTM PE 13.7×（行业中位 29.4×），基准 +50% ÷ 悲观 −20% ≈ 2.50:1（数据稳定性存疑，见劣势）；最新单季营收 +151.6%、累计毛利率 95.8%,价格 2026-09-30 收盘；财务截至 2026-06-30（同花顺财务摘要，累计口径，已还原为单季）；TTM = 上年年报 + 本期累计 − 上年同期累计；程序化情景规则见「研究标准」页，不是目标价。,22.5,18.0,33.7,2.4888888888888894,True,原件部分核实,22.5,爆款经营研究保留观察；持续利润未认证
002568,百润股份,观察,观察：TTM PE 27.5×（行业中位 19.4×），基准 -6% ÷ 悲观 −64%，不成立；最新单季营收 +14.1%、累计毛利率 70.7%,价格 2026-09-30 收盘；财务截至 2026-06-30（同花顺财务摘要，累计口径，已还原为单季）；TTM = 上年年报 + 本期累计 − 上年同期累计；程序化情景规则见「研究标准」页，不是目标价。,19.49,7.0,18.2,-0.10328262610088065,True,仅字段与算术审计，未完成一手深研,,保留历史筛选；模型未获本轮认证
002583,海能达,回避,回避：TTM 亏损，PE 不适用；最新单季营收 +0.3%、累计毛利率 52.8%,价格 2026-09-30 收盘；财务截至 2026-06-30（同花顺财务摘要，累计口径，已还原为单季）；TTM = 上年年报 + 本期累计 − 上年同期累计；程序化情景规则见「研究标准」页，不是目标价。,8.07,,,,True,仅字段与算术审计，未完成一手深研,,保留历史筛选；模型未获本轮认证
002600,领益智造,观察,观察：TTM PE 38.8×（行业中位 42.5×），基准 +5% ÷ 悲观 −51% ≈ 0.10:1；最新单季营收 +3.1%、累计毛利率 16.7%,价格 2026-09-30 收盘；财务截至 2026-06-30（同花顺财务摘要，累计口径，已还原为单季）；TTM = 上年年报 + 本期累计 − 上年同期累计；程序化情景规则见「研究标准」页，不是目标价。,11.88,5.9,12.5,0.10367892976588615,True,仅字段与算术审计，未完成一手深研,,保留历史筛选；模型未获本轮认证
002601,龙佰集团,观察,观察：TTM PE 49.3×（行业中位 19.4×），基准 -23% ÷ 悲观 −83%，不成立（数据稳定性存疑，见劣势）；最新单季营收 +15.6%、累计毛利率 20.1%,价格 2026-09-30 收盘；财务截至 2026-06-30（同花顺财务摘要，累计口径，已还原为单季）；TTM = 上年年报 + 本期累计 − 上年同期累计；程序化情景规则见「研究标准」页，不是目标价。,14.71,2.4,11.4,-0.2688870836718116,True,仅字段与算术审计，未完成一手深研,,保留历史筛选；模型未获本轮认证
002602,世纪华通,优先关注,优先关注：TTM PE 13.3×（行业中位 29.4×），基准 +45% ÷ 悲观 −20% ≈ 2.24:1；最新单季营收 +22.6%、累计毛利率 72.7%,价格 2026-09-30 收盘；财务截至 2026-06-30（同花顺财务摘要，累计口径，已还原为单季）；TTM = 上年年报 + 本期累计 − 上年同期累计；程序化情景规则见「研究标准」页，不是目标价。,13.8,11.0,20.0,2.2142857142857135,True,原件部分核实,13.8,保留游戏组合研究优先级；旧20元估值未认证
002603,以岭药业,观察,观察：TTM PE 18.7×（行业中位 20.2×），基准 +2% ÷ 悲观 −47% ≈ 0.04:1（数据稳定性存疑，见劣势）；最新单季营收 -2.8%、累计毛利率 63.0%,价格 2026-09-30 收盘；财务截至 2026-06-30（同花顺财务摘要，累计口径，已还原为单季）；TTM = 上年年报 + 本期累计 − 上年同期累计；程序化情景规则见「研究标准」页，不是目标价。,15.35,8.2,15.7,0.048951048951048896,True,仅字段与算术审计，未完成一手深研,,保留历史筛选；模型未获本轮认证
002608,江苏国信,观察,观察（人工复核，原程序化评级优先关注）：TTM PE 9.4×（行业中位 17.0×），基准 +36% ÷ 悲观 −15% ≈ 2.40:1；最新单季营收 +12.5%、累计毛利率 7.4%,价格 2026-09-30 收盘；财务截至 2026-06-30（同花顺财务摘要，累计口径，已还原为单季）；TTM = 上年年报 + 本期累计 − 上年同期累计；程序化情景规则见「研究标准」页，不是目标价。,7.34,6.2,10.0,2.333333333333334,True,公告转载，原件待补,7.34,观察：追溯口径下盈利下降，撤回营收外推EPS
002624,完美世界,观察,观察：TTM PE 38.7×（行业中位 29.4×），基准 -15% ÷ 悲观 −64%，不成立；最新单季营收 -5.3%、累计毛利率 69.7%,价格 2026-09-30 收盘；财务截至 2026-06-30（同花顺财务摘要，累计口径，已还原为单季）；TTM = 上年年报 + 本期累计 − 上年同期累计；程序化情景规则见「研究标准」页，不是目标价。,9.71,3.5,8.2,-0.24315619967793903,True,仅字段与算术审计，未完成一手深研,,保留历史筛选；模型未获本轮认证
002625,光启技术,观察,观察：TTM PE 81.6×（行业中位 19.7×），基准 -49% ÷ 悲观 −89%，不成立；最新单季营收 +6.1%、累计毛利率 50.1%,价格 2026-09-30 收盘；财务截至 2026-06-30（同花顺财务摘要，累计口径，已还原为单季）；TTM = 上年年报 + 本期累计 − 上年同期累计；程序化情景规则见「研究标准」页，不是目标价。,23.57,2.6,12.0,-0.5517405817835003,True,仅字段与算术审计，未完成一手深研,,保留历史筛选；模型未获本轮认证
002648,卫星化学,条件关注,条件关注：TTM PE 10.1×（行业中位 19.4×），基准 +50% ÷ 悲观 −30% ≈ 1.67:1；最新单季营收 +62.0%、累计毛利率 28.1%,价格 2026-09-30 收盘；财务截至 2026-06-30（同花顺财务摘要，累计口径，已还原为单季）；TTM = 上年年报 + 本期累计 − 上年同期累计；程序化情景规则见「研究标准」页，不是目标价。,26.51,18.6,39.8,1.6801517067003786,True,仅字段与算术审计，未完成一手深研,,保留历史筛选；模型未获本轮认证
002673,西部证券,观察,观察：TTM PE 14.7×（行业中位 9.7×），基准 -0% ÷ 悲观 −68%，不成立；最新单季营收 +43.8%,价格 2026-09-30 收盘；财务截至 2026-06-30（同花顺财务摘要，累计口径，已还原为单季）；TTM = 上年年报 + 本期累计 − 上年同期累计；程序化情景规则见「研究标准」页，不是目标价。,6.59,2.1,6.6,0.0022271714922048524,True,仅字段与算术审计，未完成一手深研,,保留历史筛选；模型未获本轮认证
002683,广东宏大,观察,观察：TTM PE 21.6×（行业中位 19.4×），基准 -1% ÷ 悲观 −62%，不成立；最新单季营收 +5.5%、累计毛利率 21.6%,价格 2026-09-30 收盘；财务截至 2026-06-30（同花顺财务摘要，累计口径，已还原为单季）；TTM = 上年年报 + 本期累计 − 上年同期累计；程序化情景规则见「研究标准」页，不是目标价。,27.86,10.5,27.5,-0.02073732718894006,True,仅字段与算术审计，未完成一手深研,,保留历史筛选；模型未获本轮认证
002714,牧原股份,回避,回避：TTM 亏损，PE 不适用；最新单季营收 -26.9%、累计毛利率 -1.6%,价格 2026-09-30 收盘；财务截至 2026-06-30（同花顺财务摘要，累计口径，已还原为单季）；TTM = 上年年报 + 本期累计 − 上年同期累计；程序化情景规则见「研究标准」页，不是目标价。,42.45,,,,True,仅字段与算术审计，未完成一手深研,,保留历史筛选；模型未获本轮认证
002736,国信证券,观察,观察：TTM PE 9.4×（行业中位 9.7×），基准 +22% ÷ 悲观 −50% ≈ 0.44:1（数据稳定性存疑，见劣势）；最新单季营收 +29.0%,价格 2026-09-30 收盘；财务截至 2026-06-30（同花顺财务摘要，累计口径，已还原为单季）；TTM = 上年年报 + 本期累计 − 上年同期累计；程序化情景规则见「研究标准」页，不是目标价。,9.8,4.9,12.0,0.4489795918367345,True,仅字段与算术审计，未完成一手深研,,保留历史筛选；模型未获本轮认证
002738,中矿资源,观察,观察：TTM PE 20.7×（行业中位 19.4×），基准 +16% ÷ 悲观 −61% ≈ 0.27:1；最新单季营收 +31.9%、累计毛利率 52.9%,价格 2026-09-30 收盘；财务截至 2026-06-30（同花顺财务摘要，累计口径，已还原为单季）；TTM = 上年年报 + 本期累计 − 上年同期累计；程序化情景规则见「研究标准」页，不是目标价。,42.5,16.8,49.4,0.2684824902723735,True,仅字段与算术审计，未完成一手深研,,保留历史筛选；模型未获本轮认证
002739,儒意电影,回避,回避：TTM 亏损，PE 不适用；最新单季营收 +5.6%、累计毛利率 20.6%,价格 2026-09-30 收盘；财务截至 2026-06-30（同花顺财务摘要，累计口径，已还原为单季）；TTM = 上年年报 + 本期累计 − 上年同期累计；程序化情景规则见「研究标准」页，不是目标价。,8.22,,,,True,仅字段与算术审计，未完成一手深研,,保留历史筛选；模型未获本轮认证
002756,永兴材料,观察,观察：TTM PE 16.9×（行业中位 19.4×），基准 +29% ÷ 悲观 −52% ≈ 0.56:1；最新单季营收 +39.4%、累计毛利率 28.1%,价格 2026-09-30 收盘；财务截至 2026-06-30（同花顺财务摘要，累计口径，已还原为单季）；TTM = 上年年报 + 本期累计 − 上年同期累计；程序化情景规则见「研究标准」页，不是目标价。,38.99,18.8,50.2,0.5552253590886578,True,仅字段与算术审计，未完成一手深研,,保留历史筛选；模型未获本轮认证
002773,康弘药业,观察,观察：TTM PE 20.2×（行业中位 20.2×），基准 -5% ÷ 悲观 −51%，不成立；最新单季营收 -9.7%、累计毛利率 88.5%,价格 2026-09-30 收盘；财务截至 2026-06-30（同花顺财务摘要，累计口径，已还原为单季）；TTM = 上年年报 + 本期累计 − 上年同期累计；程序化情景规则见「研究标准」页，不是目标价。,21.8,10.7,20.7,-0.09909909909909921,True,仅字段与算术审计，未完成一手深研,,保留历史筛选；模型未获本轮认证
002797,第一创业,观察,观察：TTM PE 24.7×（行业中位 9.7×），基准 -24% ÷ 悲观 −81%，不成立；最新单季营收 +13.0%,价格 2026-09-30 收盘；财务截至 2026-06-30（同花顺财务摘要，累计口径，已还原为单季）；TTM = 上年年报 + 本期累计 − 上年同期累计；程序化情景规则见「研究标准」页，不是目标价。,6.12,1.2,4.7,-0.2886178861788618,True,仅字段与算术审计，未完成一手深研,,保留历史筛选；模型未获本轮认证
002821,凯莱英,观察,观察：TTM PE 65.3×（行业中位 20.2×），基准 -35% ÷ 悲观 −85%，不成立；最新单季营收 +9.6%、累计毛利率 42.3%,价格 2026-09-30 收盘；财务截至 2026-06-30（同花顺财务摘要，累计口径，已还原为单季）；TTM = 上年年报 + 本期累计 − 上年同期累计；程序化情景规则见「研究标准」页，不是目标价。,188.62,28.7,123.3,-0.4084542271135568,True,仅字段与算术审计，未完成一手深研,,保留历史筛选；模型未获本轮认证
002831,裕同科技,观察,观察：TTM PE 15.5×（行业中位 19.4×），基准 +11% ÷ 悲观 −47% ≈ 0.24:1；最新单季营收 -1.7%、累计毛利率 25.0%,价格 2026-09-30 收盘；财务截至 2026-06-30（同花顺财务摘要，累计口径，已还原为单季）；TTM = 上年年报 + 本期累计 − 上年同期累计；程序化情景规则见「研究标准」页，不是目标价。,27.29,14.3,30.4,0.23941493456505003,True,仅字段与算术审计，未完成一手深研,,保留历史筛选；模型未获本轮认证
002841,视源股份,观察,观察：TTM PE 14.6×（行业中位 42.5×），基准 +50% ÷ 悲观 −25% ≈ 2.00:1（数据稳定性存疑，见劣势）；最新单季营收 +47.2%、累计毛利率 23.7%,价格 2026-09-30 收盘；财务截至 2026-06-30（同花顺财务摘要，累计口径，已还原为单季）；TTM = 上年年报 + 本期累计 − 上年同期累计；程序化情景规则见「研究标准」页，不是目标价。,45.18,33.9,67.8,2.0053191489361697,True,待一手核实,45.18,观察（待证据）：保留原经营研究方向，旧赔率未认证
002916,深南电路,观察,观察：TTM PE 59.7×（行业中位 42.5×），基准 -20% ÷ 悲观 −68%，不成立；最新单季营收 +53.4%、累计毛利率 31.0%,价格 2026-09-30 收盘；财务截至 2026-06-30（同花顺财务摘要，累计口径，已还原为单季）；TTM = 上年年报 + 本期累计 − 上年同期累计；程序化情景规则见「研究标准」页，不是目标价。,373.01,119.4,299.8,-0.2886715823508536,True,仅字段与算术审计，未完成一手深研,,保留历史筛选；模型未获本轮认证
002926,华西证券,观察,观察：TTM PE 11.1×（行业中位 9.7×），基准 +12% ÷ 悲观 −58% ≈ 0.22:1（数据稳定性存疑，见劣势）；最新单季营收 +56.5%,价格 2026-09-30 收盘；财务截至 2026-06-30（同花顺财务摘要，累计口径，已还原为单季）；TTM = 上年年报 + 本期累计 − 上年同期累计；程序化情景规则见「研究标准」页，不是目标价。,8.15,3.4,9.2,0.22105263157894714,True,仅字段与算术审计，未完成一手深研,,保留历史筛选；模型未获本轮认证
002938,鹏鼎控股,观察,观察：TTM PE 48.7×（行业中位 42.5×），基准 -11% ÷ 悲观 −61%，不成立；最新单季营收 +11.4%、累计毛利率 24.0%,价格 2026-09-30 收盘；财务截至 2026-06-30（同花顺财务摘要，累计口径，已还原为单季）；TTM = 上年年报 + 本期累计 − 上年同期累计；程序化情景规则见「研究标准」页，不是目标价。,79.55,31.2,70.5,-0.18717683557394,True,仅字段与算术审计，未完成一手深研,,保留历史筛选；模型未获本轮认证
002939,长城证券,观察,观察：TTM PE 13.3×（行业中位 9.7×），基准 -14% ÷ 悲观 −65%，不成立；最新单季营收 -0.9%,价格 2026-09-30 收盘；财务截至 2026-06-30（同花顺财务摘要，累计口径，已还原为单季）；TTM = 上年年报 + 本期累计 − 上年同期累计；程序化情景规则见「研究标准」页，不是目标价。,7.72,2.7,6.6,-0.2231075697211156,True,仅字段与算术审计，未完成一手深研,,保留历史筛选；模型未获本轮认证
002945,华林证券,观察,观察：TTM PE 87.0×（行业中位 9.7×），基准 -56% ÷ 悲观 −95%，不成立；最新单季营收 -6.9%,价格 2026-09-30 收盘；财务截至 2026-06-30（同花顺财务摘要，累计口径，已还原为单季）；TTM = 上年年报 + 本期累计 − 上年同期累计；程序化情景规则见「研究标准」页，不是目标价。,13.98,0.7,6.1,-0.5933734939759037,True,仅字段与算术审计，未完成一手深研,,保留历史筛选；模型未获本轮认证
002966,苏州银行,观察,观察：TTM PE 7.8×（行业中位 9.7×），基准 +24% ÷ 悲观 −40% ≈ 0.61:1；最新单季营收 +15.2%,价格 2026-09-30 收盘；财务截至 2026-06-30（同花顺财务摘要，累计口径，已还原为单季）；TTM = 上年年报 + 本期累计 − 上年同期累计；程序化情景规则见「研究标准」页，不是目标价。,9.3,5.6,11.6,0.6216216216216212,True,仅字段与算术审计，未完成一手深研,,保留历史筛选；模型未获本轮认证
002984,森麒麟,观察,观察：TTM PE 15.4×（行业中位 17.8×），基准 +18% ÷ 悲观 −46% ≈ 0.39:1；最新单季营收 +13.4%、累计毛利率 19.6%,价格 2026-09-30 收盘；财务截至 2026-06-30（同花顺财务摘要，累计口径，已还原为单季）；TTM = 上年年报 + 本期累计 − 上年同期累计；程序化情景规则见「研究标准」页，不是目标价。,13.02,7.0,15.3,0.3787375415282394,True,仅字段与算术审计，未完成一手深研,,保留历史筛选；模型未获本轮认证
003021,兆威机电,观察,观察：TTM PE 78.1×（行业中位 19.7×），基准 -45% ÷ 悲观 −89%，不成立；最新单季营收 +9.5%、累计毛利率 30.8%,价格 2026-09-30 收盘；财务截至 2026-06-30（同花顺财务摘要，累计口径，已还原为单季）；TTM = 上年年报 + 本期累计 − 上年同期累计；程序化情景规则见「研究标准」页，不是目标价。,70.25,8.0,38.4,-0.5116465863453815,True,仅字段与算术审计，未完成一手深研,,保留历史筛选；模型未获本轮认证
003022,联泓新科,观察,观察：TTM PE 42.4×（行业中位 19.4×），基准 -12% ÷ 悲观 −81%，不成立（数据稳定性存疑，见劣势）；最新单季营收 +127.4%、累计毛利率 23.9%,价格 2026-09-30 收盘；财务截至 2026-06-30（同花顺财务摘要，累计口径，已还原为单季）；TTM = 上年年报 + 本期累计 − 上年同期累计；程序化情景规则见「研究标准」页，不是目标价。,18.16,3.5,15.9,-0.15416098226466574,True,仅字段与算术审计，未完成一手深研,,保留历史筛选；模型未获本轮认证
003031,中瓷电子,观察,观察：TTM PE 78.6×（行业中位 29.4×），基准 -39% ÷ 悲观 −82%，不成立；最新单季营收 +36.4%、累计毛利率 32.1%,价格 2026-09-30 收盘；财务截至 2026-06-30（同花顺财务摘要，累计口径，已还原为单季）；TTM = 上年年报 + 本期累计 − 上年同期累计；程序化情景规则见「研究标准」页，不是目标价。,118.84,21.4,72.6,-0.47454844006568153,True,仅字段与算术审计，未完成一手深研,,保留历史筛选；模型未获本轮认证
003035,南网能源,观察,观察：TTM PE 41.6×（行业中位 19.7×），基准 -24% ÷ 悲观 −79%，不成立；最新单季营收 +5.1%、累计毛利率 36.0%,价格 2026-09-30 收盘；财务截至 2026-06-30（同花顺财务摘要，累计口径，已还原为单季）；TTM = 上年年报 + 本期累计 − 上年同期累计；程序化情景规则见「研究标准」页，不是目标价。,5.34,1.1,4.1,-0.2924528301886793,True,仅字段与算术审计，未完成一手深研,,保留历史筛选；模型未获本轮认证
003816,中国广核,观察,观察：TTM PE 21.6×（行业中位 17.0×），基准 -3% ÷ 悲观 −60%，不成立；最新单季营收 +11.8%、累计毛利率 45.5%,价格 2026-09-30 收盘；财务截至 2026-06-30（同花顺财务摘要，累计口径，已还原为单季）；TTM = 上年年报 + 本期累计 − 上年同期累计；程序化情景规则见「研究标准」页，不是目标价。,4.23,1.7,4.1,-0.05138339920948647,True,仅字段与算术审计，未完成一手深研,,保留历史筛选；模型未获本轮认证
300001,特锐德,观察,观察：TTM PE 26.6×（行业中位 19.7×），基准 -9% ÷ 悲观 −67%，不成立；最新单季营收 +6.4%、累计毛利率 26.8%,价格 2026-09-30 收盘；财务截至 2026-06-30（同花顺财务摘要，累计口径，已还原为单季）；TTM = 上年年报 + 本期累计 − 上年同期累计；程序化情景规则见「研究标准」页，不是目标价。,34.48,11.5,31.4,-0.13402959094865094,True,仅字段与算术审计，未完成一手深研,,保留历史筛选；模型未获本轮认证
300002,神州泰岳,观察,观察：TTM PE 22.9×（行业中位 29.4×），基准 +37% ÷ 悲观 −38% ≈ 0.96:1；最新单季营收 +34.6%、累计毛利率 43.9%,价格 2026-09-30 收盘；财务截至 2026-06-30（同花顺财务摘要，累计口径，已还原为单季）；TTM = 上年年报 + 本期累计 − 上年同期累计；程序化情景规则见「研究标准」页，不是目标价。,7.89,4.9,10.8,0.9732441471571912,True,仅字段与算术审计，未完成一手深研,,保留历史筛选；模型未获本轮认证
300003,乐普医疗,观察,观察：TTM PE 20.6×（行业中位 20.2×），基准 -5% ÷ 悲观 −52%，不成立；最新单季营收 -5.6%、累计毛利率 60.9%,价格 2026-09-30 收盘；财务截至 2026-06-30（同花顺财务摘要，累计口径，已还原为单季）；TTM = 上年年报 + 本期累计 − 上年同期累计；程序化情景规则见「研究标准」页，不是目标价。,11.66,5.6,11.1,-0.09240924092409249,True,仅字段与算术审计，未完成一手深研,,保留历史筛选；模型未获本轮认证
300012,华测检测,观察,观察：TTM PE 20.7×（行业中位 19.7×），基准 +8% ÷ 悲观 −57% ≈ 0.15:1；最新单季营收 +15.6%、累计毛利率 49.4%,价格 2026-09-30 收盘；财务截至 2026-06-30（同花顺财务摘要，累计口径，已还原为单季）；TTM = 上年年报 + 本期累计 − 上年同期累计；程序化情景规则见「研究标准」页，不是目标价。,13.76,5.9,14.9,0.14503816793893137,True,仅字段与算术审计，未完成一手深研,,保留历史筛选；模型未获本轮认证
300015,爱尔眼科,观察,观察：TTM PE 29.0×（行业中位 20.2×），基准 -15% ÷ 悲观 −66%，不成立；最新单季营收 +1.3%、累计毛利率 46.1%,价格 2026-09-30 收盘；财务截至 2026-06-30（同花顺财务摘要，累计口径，已还原为单季）；TTM = 上年年报 + 本期累计 − 上年同期累计；程序化情景规则见「研究标准」页，不是目标价。,7.98,2.7,6.8,-0.2234848484848486,True,仅字段与算术审计，未完成一手深研,,保留历史筛选；模型未获本轮认证
300017,网宿科技,观察,观察：TTM PE 46.6×（行业中位 29.4×），基准 -14% ÷ 悲观 −70%，不成立；最新单季营收 +7.7%、累计毛利率 35.9%,价格 2026-09-30 收盘；财务截至 2026-06-30（同花顺财务摘要，累计口径，已还原为单季）；TTM = 上年年报 + 本期累计 − 上年同期累计；程序化情景规则见「研究标准」页，不是目标价。,14.9,4.5,12.8,-0.20192307692307687,True,仅字段与算术审计，未完成一手深研,,保留历史筛选；模型未获本轮认证
300024,机器人,回避,回避：TTM 亏损，PE 不适用；最新单季营收 -15.5%、累计毛利率 16.5%,价格 2026-09-30 收盘；财务截至 2026-06-30（同花顺财务摘要，累计口径，已还原为单季）；TTM = 上年年报 + 本期累计 − 上年同期累计；程序化情景规则见「研究标准」页，不是目标价。,12.88,,,,True,仅字段与算术审计，未完成一手深研,,保留历史筛选；模型未获本轮认证
300033,同花顺,条件关注,条件关注：TTM PE 29.0×（行业中位 42.5×），基准 +48% ÷ 悲观 −34% ≈ 1.41:1；最新单季营收 +54.5%、累计毛利率 89.0%,价格 2026-09-30 收盘；财务截至 2026-06-30（同花顺财务摘要，累计口径，已还原为单季）；TTM = 上年年报 + 本期累计 − 上年同期累计；程序化情景规则见「研究标准」页，不是目标价。,197.06,129.9,291.5,1.4061941631923764,True,仅字段与算术审计，未完成一手深研,,保留历史筛选；模型未获本轮认证
300054,鼎龙股份,观察,观察：TTM PE 67.2×（行业中位 19.7×），基准 -41% ÷ 悲观 −87%，不成立；最新单季营收 -0.3%、累计毛利率 58.8%,价格 2026-09-30 收盘；财务截至 2026-06-30（同花顺财务摘要，累计口径，已还原为单季）；TTM = 上年年报 + 本期累计 − 上年同期累计；程序化情景规则见「研究标准」页，不是目标价。,67.45,8.9,40.0,-0.46883005977796754,True,仅字段与算术审计，未完成一手深研,,保留历史筛选；模型未获本轮认证
300058,蓝色光标,观察,观察：TTM PE 130.1×（行业中位 29.4×），基准 -71% ÷ 悲观 −89%，不成立；最新单季营收 -13.0%、累计毛利率 2.9%,价格 2026-09-30 收盘；财务截至 2026-06-30（同花顺财务摘要，累计口径，已还原为单季）；TTM = 上年年报 + 本期累计 − 上年同期累计；程序化情景规则见「研究标准」页，不是目标价。,12.37,1.3,3.6,-0.7922312556458898,True,仅字段与算术审计，未完成一手深研,,保留历史筛选；模型未获本轮认证
300059,东方财富,观察,观察：TTM PE 19.3×（行业中位 9.7×），基准 -10% ÷ 悲观 −76%，不成立（数据稳定性存疑，见劣势）；最新单季营收 +62.4%、累计毛利率 86.2%,价格 2026-09-30 收盘；财务截至 2026-06-30（同花顺财务摘要，累计口径，已还原为单季）；TTM = 上年年报 + 本期累计 − 上年同期累计；程序化情景规则见「研究标准」页，不是目标价。,17.79,4.3,16.0,-0.1326908821349147,True,仅字段与算术审计，未完成一手深研,,保留历史筛选；模型未获本轮认证
300100,双林股份,观察,观察：TTM PE 40.8×（行业中位 17.8×），基准 -32% ÷ 悲观 −80%，不成立；最新单季营收 -21.4%、累计毛利率 20.8%,价格 2026-09-30 收盘；财务截至 2026-06-30（同花顺财务摘要，累计口径，已还原为单季）；TTM = 上年年报 + 本期累计 − 上年同期累计；程序化情景规则见「研究标准」页，不是目标价。,22.18,4.5,15.1,-0.4004524886877828,True,仅字段与算术审计，未完成一手深研,,保留历史筛选；模型未获本轮认证
300115,长盈精密,观察,观察：TTM PE 98.6×（行业中位 42.5×），基准 -51% ÷ 悲观 −81%，不成立（数据稳定性存疑，见劣势）；最新单季营收 +31.9%、累计毛利率 16.9%,价格 2026-09-30 收盘；财务截至 2026-06-30（同花顺财务摘要，累计口径，已还原为单季）；TTM = 上年年报 + 本期累计 − 上年同期累计；程序化情景规则见「研究标准」页，不是目标价。,22.48,4.4,10.9,-0.6404867256637169,True,仅字段与算术审计，未完成一手深研,,保留历史筛选；模型未获本轮认证
300122,智飞生物,回避,回避：TTM 亏损，PE 不适用；最新单季营收 -27.2%、累计毛利率 18.1%,价格 2026-09-30 收盘；财务截至 2026-06-30（同花顺财务摘要，累计口径，已还原为单季）；TTM = 上年年报 + 本期累计 − 上年同期累计；程序化情景规则见「研究标准」页，不是目标价。,13.98,,,,True,仅字段与算术审计，未完成一手深研,,保留历史筛选；模型未获本轮认证
300136,信维通信,观察,观察：TTM PE 69.9×（行业中位 42.5×），基准 -41% ÷ 悲观 −73%，不成立；最新单季营收 +4.1%、累计毛利率 20.0%,价格 2026-09-30 收盘；财务截至 2026-06-30（同花顺财务摘要，累计口径，已还原为单季）；TTM = 上年年报 + 本期累计 − 上年同期累计；程序化情景规则见「研究标准」页，不是目标价。,51.23,14.0,30.1,-0.5675530486167069,True,仅字段与算术审计，未完成一手深研,,保留历史筛选；模型未获本轮认证
300140,节能环境,观察,观察：TTM PE 13.0×（行业中位 19.7×），基准 +20% ÷ 悲观 −32% ≈ 0.63:1；最新单季营收 -5.8%、累计毛利率 41.9%,价格 2026-09-30 收盘；财务截至 2026-06-30（同花顺财务摘要，累计口径，已还原为单季）；TTM = 上年年报 + 本期累计 − 上年同期累计；程序化情景规则见「研究标准」页，不是目标价。,5.36,3.7,6.4,0.6265060240963856,True,仅字段与算术审计，未完成一手深研,,保留历史筛选；模型未获本轮认证
300142,沃森生物,观察,观察：TTM PE 120.6×（行业中位 20.2×），基准 -68% ÷ 悲观 −92%，不成立（数据稳定性存疑，见劣势）；最新单季营收 -43.6%、累计毛利率 68.8%,价格 2026-09-30 收盘；财务截至 2026-06-30（同花顺财务摘要，累计口径，已还原为单季）；TTM = 上年年报 + 本期累计 − 上年同期累计；程序化情景规则见「研究标准」页，不是目标价。,14.23,1.2,4.5,-0.7467382962394474,True,仅字段与算术审计，未完成一手深研,,保留历史筛选；模型未获本轮认证
300144,宋城演艺,观察,观察：TTM PE 19.4×（行业中位 17.8×），基准 -9% ÷ 悲观 −57%，不成立；最新单季营收 -18.0%、累计毛利率 60.5%,价格 2026-09-30 收盘；财务截至 2026-06-30（同花顺财务摘要，累计口径，已还原为单季）；TTM = 上年年报 + 本期累计 − 上年同期累计；程序化情景规则见「研究标准」页，不是目标价。,5.62,2.4,5.1,-0.1614906832298138,True,仅字段与算术审计，未完成一手深研,,保留历史筛选；模型未获本轮认证
300146,汤臣倍健,观察,观察：TTM PE 24.9×（行业中位 19.4×），基准 -9% ÷ 悲观 −60%，不成立（数据稳定性存疑，见劣势）；最新单季营收 +3.6%、累计毛利率 70.3%,价格 2026-09-30 收盘；财务截至 2026-06-30（同花顺财务摘要，累计口径，已还原为单季）；TTM = 上年年报 + 本期累计 − 上年同期累计；程序化情景规则见「研究标准」页，不是目标价。,9.43,3.7,8.6,-0.1448516579406632,True,仅字段与算术审计，未完成一手深研,,保留历史筛选；模型未获本轮认证
300223,君正股份,观察,观察：TTM PE 45.5×（行业中位 42.5×），基准 +6% ÷ 悲观 −58% ≈ 0.10:1（数据稳定性存疑，见劣势）；最新单季营收 +101.6%、累计毛利率 51.8%,价格 2026-09-30 收盘；财务截至 2026-06-30（同花顺财务摘要，累计口径，已还原为单季）；TTM = 上年年报 + 本期累计 − 上年同期累计；程序化情景规则见「研究标准」页，不是目标价。,129.15,54.3,136.3,0.09552438209752845,True,仅字段与算术审计，未完成一手深研,,保留历史筛选；模型未获本轮认证
300251,光线传媒,回避,回避：TTM 亏损，PE 不适用；最新单季营收 -50.2%、累计毛利率 39.6%,价格 2026-09-30 收盘；财务截至 2026-06-30（同花顺财务摘要，累计口径，已还原为单季）；TTM = 上年年报 + 本期累计 − 上年同期累计；程序化情景规则见「研究标准」页，不是目标价。,10.97,,,,True,仅字段与算术审计，未完成一手深研,,保留历史筛选；模型未获本轮认证
300274,阳光电源,观察,观察：TTM PE 15.4×（行业中位 19.7×），基准 +8% ÷ 悲观 −42% ≈ 0.19:1；最新单季营收 -37.3%、累计毛利率 35.9%,价格 2026-09-30 收盘；财务截至 2026-06-30（同花顺财务摘要，累计口径，已还原为单季）；TTM = 上年年报 + 本期累计 − 上年同期累计；程序化情景规则见「研究标准」页，不是目标价。,82.49,47.5,89.3,0.1946270362960847,True,仅字段与算术审计，未完成一手深研,,保留历史筛选；模型未获本轮认证
300316,晶盛机电,观察,观察：TTM PE 98.0×（行业中位 19.7×），基准 -61% ÷ 悲观 −91%，不成立（数据稳定性存疑，见劣势）；最新单季营收 -35.2%、累计毛利率 30.4%,价格 2026-09-30 收盘；财务截至 2026-06-30（同花顺财务摘要，累计口径，已还原为单季）；TTM = 上年年报 + 本期累计 − 上年同期累计；程序化情景规则见「研究标准」页，不是目标价。,35.88,3.3,13.9,-0.6746470227133211,True,仅字段与算术审计，未完成一手深研,,保留历史筛选；模型未获本轮认证
300339,润和软件,观察,观察：TTM PE 488.5×（行业中位 42.5×），基准 -92% ÷ 悲观 −96%，不成立；最新单季营收 +5.1%、累计毛利率 22.7%,价格 2026-09-30 收盘；财务截至 2026-06-30（同花顺财务摘要，累计口径，已还原为单季）；TTM = 上年年报 + 本期累计 − 上年同期累计；程序化情景规则见「研究标准」页，不是目标价。,33.8,1.3,2.9,-0.9507692307692307,True,仅字段与算术审计，未完成一手深研,,保留历史筛选；模型未获本轮认证
300373,扬杰科技,观察,观察：TTM PE 31.9×（行业中位 42.5×），基准 +39% ÷ 悲观 −40% ≈ 0.96:1；最新单季营收 +27.1%、累计毛利率 35.7%,价格 2026-09-30 收盘；财务截至 2026-06-30（同花顺财务摘要，累计口径，已还原为单季）；TTM = 上年年报 + 本期累计 − 上年同期累计；程序化情景规则见「研究标准」页，不是目标价。,84.46,50.6,117.1,0.9639692852923806,True,仅字段与算术审计，未完成一手深研,,保留历史筛选；模型未获本轮认证
300383,光环新网,回避,回避：TTM 亏损，PE 不适用；最新单季营收 -9.8%、累计毛利率 13.7%,价格 2026-09-30 收盘；财务截至 2026-06-30（同花顺财务摘要，累计口径，已还原为单季）；TTM = 上年年报 + 本期累计 − 上年同期累计；程序化情景规则见「研究标准」页，不是目标价。,10.75,,,,True,仅字段与算术审计，未完成一手深研,,保留历史筛选；模型未获本轮认证
300390,天华新能,观察,观察：TTM PE 14.6×（行业中位 19.7×），基准 +41% ÷ 悲观 −39% ≈ 1.04:1（数据稳定性存疑，见劣势）；最新单季营收 +158.8%、累计毛利率 43.5%,价格 2026-09-30 收盘；财务截至 2026-06-30（同花顺财务摘要，累计口径，已还原为单季）；TTM = 上年年报 + 本期累计 − 上年同期累计；程序化情景规则见「研究标准」页，不是目标价。,49.09,29.8,69.2,1.042509072058061,True,仅字段与算术审计，未完成一手深研,,保留历史筛选；模型未获本轮认证
300395,菲利华,观察,观察：TTM PE 95.7×（行业中位 19.4×），基准 -50% ÷ 悲观 −91%，不成立；最新单季营收 +36.7%、累计毛利率 50.1%,价格 2026-09-30 收盘；财务截至 2026-06-30（同花顺财务摘要，累计口径，已还原为单季）；TTM = 上年年报 + 本期累计 − 上年同期累计；程序化情景规则见「研究标准」页，不是目标价。,94.92,8.1,47.6,-0.5450357060585118,True,仅字段与算术审计，未完成一手深研,,保留历史筛选；模型未获本轮认证
300408,三环集团,观察,观察：TTM PE 67.7×（行业中位 42.5×），基准 -29% ÷ 悲观 −72%，不成立；最新单季营收 +61.6%、累计毛利率 44.3%,价格 2026-09-30 收盘；财务截至 2026-06-30（同花顺财务摘要，累计口径，已还原为单季）；TTM = 上年年报 + 本期累计 − 上年同期累计；程序化情景规则见「研究标准」页，不是目标价。,117.33,33.1,83.2,-0.40520004748901817,True,仅字段与算术审计，未完成一手深研,,保留历史筛选；模型未获本轮认证
300413,芒果超媒,观察,观察：TTM PE 58.6×（行业中位 29.4×），基准 -31% ÷ 悲观 −76%，不成立；最新单季营收 +1.5%、累计毛利率 20.1%,价格 2026-09-30 收盘；财务截至 2026-06-30（同花顺财务摘要，累计口径，已还原为单季）；TTM = 上年年报 + 本期累计 − 上年同期累计；程序化情景规则见「研究标准」页，不是目标价。,21.0,5.1,14.5,-0.40880503144654085,True,仅字段与算术审计，未完成一手深研,,保留历史筛选；模型未获本轮认证
300418,昆仑万维,观察,观察：TTM PE 142.1×（行业中位 29.4×），基准 -66% ÷ 悲观 −90%，不成立（数据稳定性存疑，见劣势）；最新单季营收 +41.6%、累计毛利率 65.6%,价格 2026-09-30 收盘；财务截至 2026-06-30（同花顺财务摘要，累计口径，已还原为单季）；TTM = 上年年报 + 本期累计 − 上年同期累计；程序化情景规则见「研究标准」页，不是目标价。,40.08,4.0,13.5,-0.7366962305986696,True,仅字段与算术审计，未完成一手深研,,保留历史筛选；模型未获本轮认证
300432,富临精工,观察,观察：TTM PE 41.3×（行业中位 17.8×），基准 -14% ÷ 悲观 −80%，不成立；最新单季营收 +92.4%、累计毛利率 9.1%,价格 2026-09-30 收盘；财务截至 2026-06-30（同花顺财务摘要，累计口径，已还原为单季）；TTM = 上年年报 + 本期累计 − 上年同期累计；程序化情景规则见「研究标准」页，不是目标价。,12.93,2.6,11.1,-0.1771539206195547,True,仅字段与算术审计，未完成一手深研,,保留历史筛选；模型未获本轮认证
300433,蓝思科技,观察,观察：TTM PE 37.3×（行业中位 42.5×），基准 +2% ÷ 悲观 −49% ≈ 0.03:1；最新单季营收 -7.4%、累计毛利率 16.4%,价格 2026-09-30 收盘；财务截至 2026-06-30（同花顺财务摘要，累计口径，已还原为单季）；TTM = 上年年报 + 本期累计 − 上年同期累计；程序化情景规则见「研究标准」页，不是目标价。,32.31,16.5,32.8,0.03099304237824129,True,仅字段与算术审计，未完成一手深研,,保留历史筛选；模型未获本轮认证
300442,润泽科技,观察,观察：TTM PE 53.4×（行业中位 29.4×），基准 -10% ÷ 悲观 −74%，不成立；最新单季营收 +46.8%、累计毛利率 46.6%,价格 2026-09-30 收盘；财务截至 2026-06-30（同花顺财务摘要，累计口径，已还原为单季）；TTM = 上年年报 + 本期累计 − 上年同期累计；程序化情景规则见「研究标准」页，不是目标价。,64.02,16.9,57.5,-0.13837011884550077,True,仅字段与算术审计，未完成一手深研,,保留历史筛选；模型未获本轮认证
300450,先导智能,观察,观察：TTM PE 30.4×（行业中位 19.7×），基准 -1% ÷ 悲观 −71%，不成立；最新单季营收 +28.1%、累计毛利率 31.9%,价格 2026-09-30 收盘；财务截至 2026-06-30（同花顺财务摘要，累计口径，已还原为单季）；TTM = 上年年报 + 本期累计 − 上年同期累计；程序化情景规则见「研究标准」页，不是目标价。,34.94,10.2,34.5,-0.017784963621665227,True,仅字段与算术审计，未完成一手深研,,保留历史筛选；模型未获本轮认证
300454,深信服,观察,观察：TTM PE 68.2×（行业中位 42.5×），基准 -30% ÷ 悲观 −72%，不成立（数据稳定性存疑，见劣势）；最新单季营收 +35.7%、累计毛利率 60.9%,价格 2026-09-30 收盘；财务截至 2026-06-30（同花顺财务摘要，累计口径，已还原为单季）；TTM = 上年年报 + 本期累计 − 上年同期累计；程序化情景规则见「研究标准」页，不是目标价。,137.42,38.5,96.8,-0.41063485644965625,True,仅字段与算术审计，未完成一手深研,,保留历史筛选；模型未获本轮认证
300474,景嘉微,回避,回避：TTM 亏损，PE 不适用；最新单季营收 +174.6%、累计毛利率 55.5%,价格 2026-09-30 收盘；财务截至 2026-06-30（同花顺财务摘要，累计口径，已还原为单季）；TTM = 上年年报 + 本期累计 − 上年同期累计；程序化情景规则见「研究标准」页，不是目标价。,50.71,,,,True,仅字段与算术审计，未完成一手深研,,保留历史筛选；模型未获本轮认证
300475,香农芯创,观察,观察：TTM PE 17.7×（行业中位 19.7×），基准 +27% ÷ 悲观 −50% ≈ 0.54:1（数据稳定性存疑，见劣势）；最新单季营收 +295.3%、累计毛利率 11.6%,价格 2026-09-30 收盘；财务截至 2026-06-30（同花顺财务摘要，累计口径，已还原为单季）；TTM = 上年年报 + 本期累计 − 上年同期累计；程序化情景规则见「研究标准」页，不是目标价。,153.24,76.8,194.4,0.5384615384615383,True,仅字段与算术审计，未完成一手深研,,保留历史筛选；模型未获本轮认证
300487,蓝晓科技,观察,观察：TTM PE 38.9×（行业中位 19.4×），基准 -17% ÷ 悲观 −79%，不成立；最新单季营收 +15.1%、累计毛利率 53.3%,价格 2026-09-30 收盘；财务截至 2026-06-30（同花顺财务摘要，累计口径，已还原为单季）；TTM = 上年年报 + 本期累计 − 上年同期累计；程序化情景规则见「研究标准」页，不是目标价。,67.03,14.1,55.6,-0.21594558851313053,True,仅字段与算术审计，未完成一手深研,,保留历史筛选；模型未获本轮认证
300498,温氏股份,回避,回避：TTM 亏损，PE 不适用；最新单季营收 -12.5%、累计毛利率 -2.9%,价格 2026-09-30 收盘；财务截至 2026-06-30（同花顺财务摘要，累计口径，已还原为单季）；TTM = 上年年报 + 本期累计 − 上年同期累计；程序化情景规则见「研究标准」页，不是目标价。,15.12,,,,True,仅字段与算术审计，未完成一手深研,,保留历史筛选；模型未获本轮认证
300548,长芯博创,观察,观察：TTM PE 130.1×（行业中位 29.4×），基准 -63% ÷ 悲观 −89%，不成立；最新单季营收 +53.9%、累计毛利率 48.9%,价格 2026-09-30 收盘；财务截至 2026-06-30（同花顺财务摘要，累计口径，已还原为单季）；TTM = 上年年报 + 本期累计 − 上年同期累计；程序化情景规则见「研究标准」页，不是目标价。,219.83,23.9,81.1,-0.7080590006635024,True,仅字段与算术审计，未完成一手深研,,保留历史筛选；模型未获本轮认证
300558,贝达药业,观察,观察：TTM PE 45.1×（行业中位 20.2×），基准 -20% ÷ 悲观 −78%，不成立（数据稳定性存疑，见劣势）；最新单季营收 +15.1%、累计毛利率 76.4%,价格 2026-09-30 收盘；财务截至 2026-06-30（同花顺财务摘要，累计口径，已还原为单季）；TTM = 上年年报 + 本期累计 − 上年同期累计；程序化情景规则见「研究标准」页，不是目标价。,50.48,11.1,40.4,-0.2559674961909599,True,仅字段与算术审计，未完成一手深研,,保留历史筛选；模型未获本轮认证
300567,精测电子,观察,观察：TTM PE 395.1×（行业中位 19.7×），基准 -88% ÷ 悲观 −98%，不成立（数据稳定性存疑，见劣势）；最新单季营收 +55.1%、累计毛利率 43.0%,价格 2026-09-30 收盘；财务截至 2026-06-30（同花顺财务摘要，累计口径，已还原为单季）；TTM = 上年年报 + 本期累计 − 上年同期累计；程序化情景规则见「研究标准」页，不是目标价。,184.03,4.1,22.4,-0.8982937809148002,True,仅字段与算术审计，未完成一手深研,,保留历史筛选；模型未获本轮认证
300570,太辰光,观察,观察：TTM PE 159.3×（行业中位 29.4×），基准 -70% ÷ 悲观 −91%，不成立；最新单季营收 +44.4%、累计毛利率 34.8%,价格 2026-09-30 收盘；财务截至 2026-06-30（同花顺财务摘要，累计口径，已还原为单季）；TTM = 上年年报 + 本期累计 − 上年同期累计；程序化情景规则见「研究标准」页，不是目标价。,212.35,18.8,64.0,-0.7664686127615603,True,仅字段与算术审计，未完成一手深研,,保留历史筛选；模型未获本轮认证
300604,长川科技,观察,观察：TTM PE 80.6×（行业中位 42.5×），基准 -40% ÷ 悲观 −76%，不成立；最新单季营收 +54.1%、累计毛利率 55.5%,价格 2026-09-30 收盘；财务截至 2026-06-30（同花顺财务摘要，累计口径，已还原为单季）；TTM = 上年年报 + 本期累计 − 上年同期累计；程序化情景规则见「研究标准」页，不是目标价。,239.79,56.9,142.8,-0.5303187708458635,True,仅字段与算术审计，未完成一手深研,,保留历史筛选；模型未获本轮认证
300623,捷捷微电,观察,观察：TTM PE 50.6×（行业中位 42.5×），基准 -5% ÷ 悲观 −62%，不成立；最新单季营收 +32.7%、累计毛利率 30.7%,价格 2026-09-30 收盘；财务截至 2026-06-30（同花顺财务摘要，累计口径，已还原为单季）；TTM = 上年年报 + 本期累计 − 上年同期累计；程序化情景规则见「研究标准」页，不是目标价。,31.92,12.1,30.3,-0.08173562058526745,True,仅字段与算术审计，未完成一手深研,,保留历史筛选；模型未获本轮认证
300628,亿联网络,优先关注,优先关注：TTM PE 17.3×（行业中位 29.4×），基准 +50% ÷ 悲观 −20% ≈ 2.50:1；最新单季营收 +32.7%、累计毛利率 64.9%,价格 2026-09-30 收盘；财务截至 2026-06-30（同花顺财务摘要，累计口径，已还原为单季）；TTM = 上年年报 + 本期累计 − 上年同期累计；程序化情景规则见「研究标准」页，不是目标价。,39.49,31.6,59.2,2.498098859315589,True,公告转载，原件待补,39.49,经营增长保留跟踪；现金下降，旧赔率待重建
300661,圣邦股份,观察,观察：TTM PE 88.8×（行业中位 42.5×），基准 -46% ÷ 悲观 −78%，不成立；最新单季营收 +45.5%、累计毛利率 51.8%,价格 2026-09-30 收盘；财务截至 2026-06-30（同花顺财务摘要，累计口径，已还原为单季）；TTM = 上年年报 + 本期累计 − 上年同期累计；程序化情景规则见「研究标准」页，不是目标价。,110.21,23.7,59.6,-0.5850190729395446,True,仅字段与算术审计，未完成一手深研,,保留历史筛选；模型未获本轮认证
300666,江丰电子,观察,观察：TTM PE 77.2×（行业中位 42.5×），基准 -38% ÷ 悲观 −75%，不成立；最新单季营收 +30.7%、累计毛利率 30.2%,价格 2026-09-30 收盘；财务截至 2026-06-30（同花顺财务摘要，累计口径，已还原为单季）；TTM = 上年年报 + 本期累计 − 上年同期累计；程序化情景规则见「研究标准」页，不是目标价。,222.78,55.2,138.5,-0.5029239766081872,True,仅字段与算术审计，未完成一手深研,,保留历史筛选；模型未获本轮认证
300676,华大基因,回避,回避：TTM 亏损，PE 不适用；最新单季营收 +2.1%、累计毛利率 41.5%,价格 2026-09-30 收盘；财务截至 2026-06-30（同花顺财务摘要，累计口径，已还原为单季）；TTM = 上年年报 + 本期累计 − 上年同期累计；程序化情景规则见「研究标准」页，不是目标价。,45.86,,,,True,仅字段与算术审计，未完成一手深研,,保留历史筛选；模型未获本轮认证
300677,英科医疗,观察,观察：TTM PE 28.7×（行业中位 20.2×），基准 +2% ÷ 悲观 −65% ≈ 0.03:1（数据稳定性存疑，见劣势）；最新单季营收 +66.3%、累计毛利率 37.8%,价格 2026-09-30 收盘；财务截至 2026-06-30（同花顺财务摘要，累计口径，已还原为单季）；TTM = 上年年报 + 本期累计 − 上年同期累计；程序化情景规则见「研究标准」页，不是目标价。,50.96,17.6,52.1,0.034172661870503614,True,仅字段与算术审计，未完成一手深研,,保留历史筛选；模型未获本轮认证
300679,电连技术,观察,观察：TTM PE 37.9×（行业中位 42.5×），基准 +11% ÷ 悲观 −50% ≈ 0.23:1；最新单季营收 +7.6%、累计毛利率 29.1%,价格 2026-09-30 收盘；财务截至 2026-06-30（同花顺财务摘要，累计口径，已还原为单季）；TTM = 上年年报 + 本期累计 − 上年同期累计；程序化情景规则见「研究标准」页，不是目标价。,40.17,20.3,44.7,0.22798188223452445,True,仅字段与算术审计，未完成一手深研,,保留历史筛选；模型未获本轮认证
300699,光威复材,观察,观察：TTM PE 35.3×（行业中位 19.4×），基准 -19% ÷ 悲观 −77%，不成立；最新单季营收 +6.9%、累计毛利率 39.5%,价格 2026-09-30 收盘；财务截至 2026-06-30（同花顺财务摘要，累计口径，已还原为单季）；TTM = 上年年报 + 本期累计 − 上年同期累计；程序化情景规则见「研究标准」页，不是目标价。,22.83,5.3,18.6,-0.24130062749572148,True,仅字段与算术审计，未完成一手深研,,保留历史筛选；模型未获本轮认证
300718,长盛轴承,观察,观察：TTM PE 63.0×（行业中位 19.7×），基准 -27% ÷ 悲观 −86%，不成立；最新单季营收 +21.1%、累计毛利率 33.0%,价格 2026-09-30 收盘；财务截至 2026-06-30（同花顺财务摘要，累计口径，已还原为单季）；TTM = 上年年报 + 本期累计 − 上年同期累计；程序化情景规则见「研究标准」页，不是目标价。,54.0,7.6,39.3,-0.3168103448275863,True,仅字段与算术审计，未完成一手深研,,保留历史筛选；模型未获本轮认证
300724,捷佳伟创,观察,观察：TTM PE 11.2×（行业中位 19.7×），基准 +19% ÷ 悲观 −25% ≈ 0.75:1；最新单季营收 -71.2%、累计毛利率 30.3%,价格 2026-09-30 收盘；财务截至 2026-06-30（同花顺财务摘要，累计口径，已还原为单季）；TTM = 上年年报 + 本期累计 − 上年同期累计；程序化情景规则见「研究标准」页，不是目标价。,53.55,40.2,63.6,0.7528089887640456,True,仅字段与算术审计，未完成一手深研,,保留历史筛选；模型未获本轮认证
300735,光弘科技,观察,观察：TTM PE 54.6×（行业中位 42.5×），基准 -24% ÷ 悲观 −65%，不成立；最新单季营收 +5.9%、累计毛利率 10.6%,价格 2026-09-30 收盘；财务截至 2026-06-30（同花顺财务摘要，累计口径，已还原为单季）；TTM = 上年年报 + 本期累计 − 上年同期累计；程序化情景规则见「研究标准」页，不是目标价。,17.58,6.2,13.4,-0.36731107205623886,True,仅字段与算术审计，未完成一手深研,,保留历史筛选；模型未获本轮认证
300751,迈为股份,观察,观察：TTM PE 85.0×（行业中位 19.7×），基准 -55% ÷ 悲观 −90%，不成立；最新单季营收 -20.8%、累计毛利率 48.5%,价格 2026-09-30 收盘；财务截至 2026-06-30（同花顺财务摘要，累计口径，已还原为单季）；TTM = 上年年报 + 本期累计 − 上年同期累计；程序化情景规则见「研究标准」页，不是目标价。,176.9,18.5,79.1,-0.6174242424242424,True,仅字段与算术审计，未完成一手深研,,保留历史筛选；模型未获本轮认证
300757,罗博特科,回避,回避：TTM 亏损，PE 不适用；最新单季营收 +191.5%、累计毛利率 41.6%,价格 2026-09-30 收盘；财务截至 2026-06-30（同花顺财务摘要，累计口径，已还原为单季）；TTM = 上年年报 + 本期累计 − 上年同期累计；程序化情景规则见「研究标准」页，不是目标价。,533.5,,,,True,仅字段与算术审计，未完成一手深研,,保留历史筛选；模型未获本轮认证
300759,康龙化成,观察,观察：TTM PE 46.3×（行业中位 20.2×），基准 -18% ÷ 悲观 −79%，不成立；最新单季营收 +20.2%、累计毛利率 32.7%,价格 2026-09-30 收盘；财务截至 2026-06-30（同花顺财务摘要，累计口径，已还原为单季）；TTM = 上年年报 + 本期累计 − 上年同期累计；程序化情景规则见「研究标准」页，不是目标价。,44.97,9.6,36.8,-0.2309867119027425,True,仅字段与算术审计，未完成一手深研,,保留历史筛选；模型未获本轮认证
300760,迈瑞医疗,观察,观察：TTM PE 24.9×（行业中位 20.2×），基准 -3% ÷ 悲观 −60%，不成立；最新单季营收 +10.5%、累计毛利率 60.8%,价格 2026-09-30 收盘；财务截至 2026-06-30（同花顺财务摘要，累计口径，已还原为单季）；TTM = 上年年报 + 本期累计 − 上年同期累计；程序化情景规则见「研究标准」页，不是目标价。,161.32,64.4,156.8,-0.04663640115559206,True,仅字段与算术审计，未完成一手深研,,保留历史筛选；模型未获本轮认证
300763,锦浪科技,观察,观察：TTM PE 37.1×（行业中位 19.7×），基准 -19% ÷ 悲观 −76%，不成立（数据稳定性存疑，见劣势）；最新单季营收 +8.2%、累计毛利率 35.1%,价格 2026-09-30 收盘；财务截至 2026-06-30（同花顺财务摘要，累计口径，已还原为单季）；TTM = 上年年报 + 本期累计 − 上年同期累计；程序化情景规则见「研究标准」页，不是目标价。,52.96,12.7,42.9,-0.24987580725285646,True,仅字段与算术审计，未完成一手深研,,保留历史筛选；模型未获本轮认证
300803,指南针,观察,观察：TTM PE 215.9×（行业中位 42.5×），基准 -78% ÷ 悲观 −91%，不成立（数据稳定性存疑，见劣势）；最新单季营收 +37.7%、累计毛利率 87.1%,价格 2026-09-30 收盘；财务截至 2026-06-30（同花顺财务摘要，累计口径，已还原为单季）；TTM = 上年年报 + 本期累计 − 上年同期累计；程序化情景规则见「研究标准」页，不是目标价。,53.03,4.7,11.8,-0.8530933167804677,True,仅字段与算术审计，未完成一手深研,,保留历史筛选；模型未获本轮认证
300832,新产业,观察,观察：TTM PE 23.0×（行业中位 20.2×），基准 +8% ÷ 悲观 −57% ≈ 0.14:1；最新单季营收 +21.8%、累计毛利率 70.9%,价格 2026-09-30 收盘；财务截至 2026-06-30（同花顺财务摘要，累计口径，已还原为单季）；TTM = 上年年报 + 本期累计 − 上年同期累计；程序化情景规则见「研究标准」页，不是目标价。,50.37,21.7,54.4,0.14056505057551452,True,仅字段与算术审计，未完成一手深研,,保留历史筛选；模型未获本轮认证
300857,协创数据,观察,观察：TTM PE 47.3×（行业中位 42.5×），基准 +2% ÷ 悲观 −60% ≈ 0.03:1（数据稳定性存疑，见劣势）；最新单季营收 +124.6%、累计毛利率 25.1%,价格 2026-09-30 收盘；财务截至 2026-06-30（同花顺财务摘要，累计口径，已还原为单季）；TTM = 上年年报 + 本期累计 − 上年同期累计；程序化情景规则见「研究标准」页，不是目标价。,251.16,101.6,255.0,0.02567531425514846,True,仅字段与算术审计，未完成一手深研,,保留历史筛选；模型未获本轮认证
300866,安克创新,条件关注,条件关注（人工复核，原程序化评级优先关注）：TTM PE 21.6×（行业中位 42.5×），基准 +50% ÷ 悲观 −25% ≈ 2.00:1；最新单季营收 +30.9%、累计毛利率 49.8%,价格 2026-09-30 收盘；财务截至 2026-06-30（同花顺财务摘要，累计口径，已还原为单季）；TTM = 上年年报 + 本期累计 − 上年同期累计；程序化情景规则见「研究标准」页，不是目标价。,124.63,93.5,186.9,2.000321233536782,True,原件核实,124.63,经营正面跟踪；H股摊薄使旧EPS待重建
300888,稳健医疗,观察,观察：TTM PE 16.4×（行业中位 20.2×），基准 +15% ÷ 悲观 −40% ≈ 0.38:1；最新单季营收 +4.3%、累计毛利率 49.0%,价格 2026-09-30 收盘；财务截至 2026-06-30（同花顺财务摘要，累计口径，已还原为单季）；TTM = 上年年报 + 本期累计 − 上年同期累计；程序化情景规则见「研究标准」页，不是目标价。,29.25,17.7,33.6,0.37662337662337675,True,仅字段与算术审计，未完成一手深研,,保留历史筛选；模型未获本轮认证
300896,爱美客,观察,观察：TTM PE 26.2×（行业中位 20.2×），基准 -16% ÷ 悲观 −62%，不成立；最新单季营收 -8.5%、累计毛利率 92.5%,价格 2026-09-30 收盘；财务截至 2026-06-30（同花顺财务摘要，累计口径，已还原为单季）；TTM = 上年年报 + 本期累计 − 上年同期累计；程序化情景规则见「研究标准」页，不是目标价。,95.0,36.0,79.9,-0.2559322033898304,True,仅字段与算术审计，未完成一手深研,,保留历史筛选；模型未获本轮认证
300919,中伟新材,观察,观察：TTM PE 16.5×（行业中位 19.7×），基准 +32% ÷ 悲观 −46% ≈ 0.68:1；最新单季营收 +69.3%、累计毛利率 13.3%,价格 2026-09-30 收盘；财务截至 2026-06-30（同花顺财务摘要，累计口径，已还原为单季）；TTM = 上年年报 + 本期累计 − 上年同期累计；程序化情景规则见「研究标准」页，不是目标价。,37.24,20.0,49.0,0.6821345707656611,True,仅字段与算术审计，未完成一手深研,,保留历史筛选；模型未获本轮认证
300953,震裕科技,观察,观察：TTM PE 21.4×（行业中位 19.7×），基准 +15% ÷ 悲观 −59% ≈ 0.26:1；最新单季营收 +52.0%、累计毛利率 13.9%,价格 2026-09-30 收盘；财务截至 2026-06-30（同花顺财务摘要，累计口径，已还原为单季）；TTM = 上年年报 + 本期累计 − 上年同期累计；程序化情景规则见「研究标准」页，不是目标价。,92.15,38.1,106.2,0.2599444958371877,True,仅字段与算术审计，未完成一手深研,,保留历史筛选；模型未获本轮认证
300957,贝泰妮,观察,观察：TTM PE 25.0×（行业中位 19.4×），基准 -9% ÷ 悲观 −61%，不成立；最新单季营收 +3.6%、累计毛利率 74.6%,价格 2026-09-30 收盘；财务截至 2026-06-30（同花顺财务摘要，累计口径，已还原为单季）；TTM = 上年年报 + 本期累计 − 上年同期累计；程序化情景规则见「研究标准」页，不是目标价。,32.7,12.9,29.7,-0.15151515151515166,True,仅字段与算术审计，未完成一手深研,,保留历史筛选；模型未获本轮认证
300972,万辰集团,条件关注,条件关注：TTM PE 13.5×（行业中位 17.8×），基准 +39% ÷ 悲观 −38% ≈ 1.02:1；最新单季营收 +54.8%、累计毛利率 12.8%,价格 2026-09-30 收盘；财务截至 2026-06-30（同花顺财务摘要，累计口径，已还原为单季）；TTM = 上年年报 + 本期累计 − 上年同期累计；程序化情景规则见「研究标准」页，不是目标价。,152.27,94.0,211.9,1.023339625879526,True,仅字段与算术审计，未完成一手深研,,保留历史筛选；模型未获本轮认证
300999,金龙鱼,观察,观察：TTM PE 35.5×（行业中位 19.4×），基准 -22% ÷ 悲观 −72%，不成立；最新单季营收 +1.3%、累计毛利率 6.3%,价格 2026-09-30 收盘；财务截至 2026-06-30（同花顺财务摘要，累计口径，已还原为单季）；TTM = 上年年报 + 本期累计 − 上年同期累计；程序化情景规则见「研究标准」页，不是目标价。,24.1,6.7,18.8,-0.3045977011494253,True,仅字段与算术审计，未完成一手深研,,保留历史筛选；模型未获本轮认证
301165,锐捷网络,观察,观察：TTM PE 85.4×（行业中位 29.4×），基准 -44% ÷ 悲观 −83%，不成立（数据稳定性存疑，见劣势）；最新单季营收 +41.8%、累计毛利率 31.6%,价格 2026-09-30 收盘；财务截至 2026-06-30（同花顺财务摘要，累计口径，已还原为单季）；TTM = 上年年报 + 本期累计 − 上年同期累计；程序化情景规则见「研究标准」页，不是目标价。,100.74,16.7,56.6,-0.5252260828177058,True,仅字段与算术审计，未完成一手深研,,保留历史筛选；模型未获本轮认证
301200,大族数控,观察,观察：TTM PE 68.8×（行业中位 19.7×），基准 -30% ÷ 悲观 −87%，不成立（数据稳定性存疑，见劣势）；最新单季营收 +113.1%、累计毛利率 35.1%,价格 2026-09-30 收盘；财务截至 2026-06-30（同花顺财务摘要，累计口径，已还原为单季）；TTM = 上年年报 + 本期累计 − 上年同期累计；程序化情景规则见「研究标准」页，不是目标价。,224.79,29.0,156.8,-0.3472598191940343,True,仅字段与算术审计，未完成一手深研,,保留历史筛选；模型未获本轮认证
301236,软通动力,观察,观察：TTM PE 67.3×（行业中位 42.5×），基准 -32% ÷ 悲观 −72%，不成立；最新单季营收 +19.6%、累计毛利率 9.6%,价格 2026-09-30 收盘；财务截至 2026-06-30（同花顺财务摘要，累计口径，已还原为单季）；TTM = 上年年报 + 本期累计 − 上年同期累计；程序化情景规则见「研究标准」页，不是目标价。,35.23,10.0,23.8,-0.4530321046373364,True,仅字段与算术审计，未完成一手深研,,保留历史筛选；模型未获本轮认证
301269,华大九天,观察,观察：TTM PE 3699.2×（行业中位 42.5×），基准 -99% ÷ 悲观 −99%，不成立（数据稳定性存疑，见劣势）；最新单季营收 +15.3%、累计毛利率 87.5%,价格 2026-09-30 收盘；财务截至 2026-06-30（同花顺财务摘要，累计口径，已还原为单季）；TTM = 上年年报 + 本期累计 − 上年同期累计；程序化情景规则见「研究标准」页，不是目标价。,84.66,0.4,1.0,-0.9928791834797057,True,仅字段与算术审计，未完成一手深研,,保留历史筛选；模型未获本轮认证
301301,川宁生物,观察,观察：TTM PE 31.3×（行业中位 20.2×），基准 -20% ÷ 悲观 −68%，不成立；最新单季营收 -4.6%、累计毛利率 26.3%,价格 2026-09-30 收盘；财务截至 2026-06-30（同花顺财务摘要，累计口径，已还原为单季）；TTM = 上年年报 + 本期累计 − 上年同期累计；程序化情景规则见「研究标准」页，不是目标价。,8.19,2.6,6.5,-0.30232558139534876,True,仅字段与算术审计，未完成一手深研,,保留历史筛选；模型未获本轮认证
301308,江波龙,观察,观察：TTM PE 10.6×（行业中位 42.5×），基准 +50% ÷ 悲观 −25% ≈ 2.00:1（数据稳定性存疑，见劣势）；最新单季营收 +138.7%、累计毛利率 58.9%,价格 2026-09-30 收盘；财务截至 2026-06-30（同花顺财务摘要，累计口径，已还原为单季）；TTM = 上年年报 + 本期累计 − 上年同期累计；程序化情景规则见「研究标准」页，不是目标价。,301.93,226.4,452.9,1.998808420495167,True,仅字段与算术审计，未完成一手深研,,保留历史筛选；模型未获本轮认证
301377,鼎泰高科,观察,观察：TTM PE 146.4×（行业中位 19.7×），基准 -67% ÷ 悲观 −94%，不成立（数据稳定性存疑，见劣势）；最新单季营收 +134.7%、累计毛利率 55.9%,价格 2026-09-30 收盘；财务截至 2026-06-30（同花顺财务摘要，累计口径，已还原为单季）；TTM = 上年年报 + 本期累计 − 上年同期累计；程序化情景规则见「研究标准」页，不是目标价。,341.0,20.7,111.8,-0.7155791445519825,True,仅字段与算术审计，未完成一手深研,,保留历史筛选；模型未获本轮认证
301498,乖宝宠物,观察,观察：TTM PE 31.9×（行业中位 19.4×），基准 -15% ÷ 悲观 −69%，不成立；最新单季营收 +9.1%、累计毛利率 40.1%,价格 2026-09-30 收盘；财务截至 2026-06-30（同花顺财务摘要，累计口径，已还原为单季）；TTM = 上年年报 + 本期累计 − 上年同期累计；程序化情景规则见「研究标准」页，不是目标价。,38.74,12.0,33.1,-0.21091997008227376,True,仅字段与算术审计，未完成一手深研,,保留历史筛选；模型未获本轮认证
301526,国际复材,观察,观察：TTM PE 149.4×（行业中位 19.4×），基准 -69% ÷ 悲观 −95%，不成立（数据稳定性存疑，见劣势）；最新单季营收 +20.4%、累计毛利率 27.6%,价格 2026-09-30 收盘；财务截至 2026-06-30（同花顺财务摘要，累计口径，已还原为单季）；TTM = 上年年报 + 本期累计 − 上年同期累计；程序化情景规则见「研究标准」页，不是目标价。,26.97,1.5,8.2,-0.7369454259913624,True,仅字段与算术审计，未完成一手深研,,保留历史筛选；模型未获本轮认证
301536,星宸科技,观察,观察：TTM PE 49.4×（行业中位 42.5×），基准 -3% ÷ 悲观 −61%，不成立（数据稳定性存疑，见劣势）；最新单季营收 +125.5%、累计毛利率 55.4%,价格 2026-09-30 收盘；财务截至 2026-06-30（同花顺财务摘要，累计口径，已还原为单季）；TTM = 上年年报 + 本期累计 − 上年同期累计；程序化情景规则见「研究标准」页，不是目标价。,123.36,47.7,119.8,-0.047052603753634716,True,仅字段与算术审计，未完成一手深研,,保留历史筛选；模型未获本轮认证
301606,绿联科技,条件关注,条件关注：TTM PE 24.1×（行业中位 42.5×），基准 +50% ÷ 悲观 −25% ≈ 2.00:1；最新单季营收 +48.7%、累计毛利率 39.2%,价格 2026-09-30 收盘；财务截至 2026-06-30（同花顺财务摘要，累计口径，已还原为单季）；TTM = 上年年报 + 本期累计 − 上年同期累计；程序化情景规则见「研究标准」页，不是目标价。,49.89,37.4,74.8,1.99439551641313,True,仅字段与算术审计，未完成一手深研,,保留历史筛选；模型未获本轮认证
301611,珂玛科技,观察,观察：TTM PE 171.1×（行业中位 42.5×），基准 -74% ÷ 悲观 −89%，不成立；最新单季营收 +18.0%、累计毛利率 45.6%,价格 2026-09-30 收盘；财务截至 2026-06-30（同花顺财务摘要，累计口径，已还原为单季）；TTM = 上年年报 + 本期累计 − 上年同期累计；程序化情景规则见「研究标准」页，不是目标价。,84.1,9.4,22.1,-0.8299866131191432,True,仅字段与算术审计，未完成一手深研,,保留历史筛选；模型未获本轮认证
302132,中航成飞,观察,观察：TTM PE 47.8×（行业中位 19.7×），基准 -33% ÷ 悲观 −81%，不成立（数据稳定性存疑，见劣势）；最新单季营收 -47.0%、累计毛利率 11.0%,价格 2026-09-30 收盘；财务截至 2026-06-30（同花顺财务摘要，累计口径，已还原为单季）；TTM = 上年年报 + 本期累计 − 上年同期累计；程序化情景规则见「研究标准」页，不是目标价。,57.76,10.7,38.8,-0.4028899277518062,True,仅字段与算术审计，未完成一手深研,,保留历史筛选；模型未获本轮认证
600000,浦发银行,条件关注,条件关注：TTM PE 6.1×（行业中位 9.7×），基准 +30% ÷ 悲观 −24% ≈ 1.28:1；最新单季营收 +5.8%,价格 2026-09-30 收盘；财务截至 2026-06-30（同花顺财务摘要，累计口径，已还原为单季）；TTM = 上年年报 + 本期累计 − 上年同期累计；程序化情景规则见「研究标准」页，不是目标价。,9.48,7.2,12.3,1.236842105263158,True,仅字段与算术审计，未完成一手深研,,保留历史筛选；模型未获本轮认证
600004,白云机场,观察,观察：TTM PE 16.0×（行业中位 19.7×），基准 +19% ÷ 悲观 −45% ≈ 0.42:1；最新单季营收 +9.4%、累计毛利率 21.3%,价格 2026-09-30 收盘；财务截至 2026-06-30（同花顺财务摘要，累计口径，已还原为单季）；TTM = 上年年报 + 本期累计 − 上年同期累计；程序化情景规则见「研究标准」页，不是目标价。,7.76,4.3,9.2,0.41618497109826574,True,仅字段与算术审计，未完成一手深研,,保留历史筛选；模型未获本轮认证
600008,首创环保,观察,观察：TTM PE 11.9×（行业中位 17.0×），基准 +15% ÷ 悲观 −27% ≈ 0.56:1；最新单季营收 -7.2%、累计毛利率 38.3%,价格 2026-09-30 收盘；财务截至 2026-06-30（同花顺财务摘要，累计口径，已还原为单季）；TTM = 上年年报 + 本期累计 − 上年同期累计；程序化情景规则见「研究标准」页，不是目标价。,2.73,2.0,3.1,0.5068493150684933,True,仅字段与算术审计，未完成一手深研,,保留历史筛选；模型未获本轮认证
600009,上海机场,观察,观察：TTM PE 24.6×（行业中位 19.7×），基准 -7% ÷ 悲观 −64%，不成立；最新单季营收 +3.9%、累计毛利率 24.7%,价格 2026-09-30 收盘；财务截至 2026-06-30（同花顺财务摘要，累计口径，已还原为单季）；TTM = 上年年报 + 本期累计 − 上年同期累计；程序化情景规则见「研究标准」页，不是目标价。,22.58,8.2,20.9,-0.11682892906815019,True,仅字段与算术审计，未完成一手深研,,保留历史筛选；模型未获本轮认证
600010,包钢股份,观察,观察：TTM PE 189.0×（行业中位 19.4×），基准 -80% ÷ 悲观 −96%，不成立（数据稳定性存疑，见劣势）；最新单季营收 -7.4%、累计毛利率 13.9%,价格 2026-09-30 收盘；财务截至 2026-06-30（同花顺财务摘要，累计口径，已还原为单季）；TTM = 上年年报 + 本期累计 − 上年同期累计；程序化情景规则见「研究标准」页，不是目标价。,2.09,0.1,0.4,-0.849246231155779,True,仅字段与算术审计，未完成一手深研,,保留历史筛选；模型未获本轮认证
600011,华能国际,观察,观察：TTM PE 11.0×（行业中位 17.0×），基准 +22% ÷ 悲观 −21% ≈ 1.06:1（数据稳定性存疑，见劣势）；最新单季营收 -3.0%、累计毛利率 17.4%,价格 2026-09-30 收盘；财务截至 2026-06-30（同花顺财务摘要，累计口径，已还原为单季）；TTM = 上年年报 + 本期累计 − 上年同期累计；程序化情景规则见「研究标准」页，不是目标价。,7.04,5.6,8.6,1.0833333333333328,True,仅字段与算术审计，未完成一手深研,,保留历史筛选；模型未获本轮认证
600015,华夏银行,条件关注,条件关注：TTM PE 4.2×（行业中位 9.7×），基准 +64% ÷ 悲观 −5% ≈ 13.79:1；最新单季营收 -2.3%,价格 2026-09-30 收盘；财务截至 2026-06-30（同花顺财务摘要，累计口径，已还原为单季）；TTM = 上年年报 + 本期累计 − 上年同期累计；程序化情景规则见「研究标准」页，不是目标价。,6.27,6.0,10.3,14.925925925925954,True,原件核实,6.27,观察：盈利下降，窄悲观端不能认证高赔率
600016,民生银行,条件关注,条件关注：TTM PE 5.9×（行业中位 9.7×），基准 +29% ÷ 悲观 −21% ≈ 1.37:1；最新单季营收 +5.0%,价格 2026-09-30 收盘；财务截至 2026-06-30（同花顺财务摘要，累计口径，已还原为单季）；TTM = 上年年报 + 本期累计 − 上年同期累计；程序化情景规则见「研究标准」页，不是目标价。,3.51,2.8,4.5,1.394366197183099,True,仅字段与算术审计，未完成一手深研,,保留历史筛选；模型未获本轮认证
600018,上港集团,条件关注,条件关注：TTM PE 9.0×（行业中位 19.7×），基准 +35% ÷ 悲观 −25% ≈ 1.38:1；最新单季营收 +10.9%、累计毛利率 36.7%,价格 2026-09-30 收盘；财务截至 2026-06-30（同花顺财务摘要，累计口径，已还原为单季）；TTM = 上年年报 + 本期累计 − 上年同期累计；程序化情景规则见「研究标准」页，不是目标价。,5.45,4.1,7.3,1.3703703703703696,True,仅字段与算术审计，未完成一手深研,,保留历史筛选；模型未获本轮认证
600019,宝钢股份,观察,观察：TTM PE 12.7×（行业中位 19.4×），基准 +31% ÷ 悲观 −36% ≈ 0.86:1；最新单季营收 +6.6%、累计毛利率 6.0%,价格 2026-09-30 收盘；财务截至 2026-06-30（同花顺财务摘要，累计口径，已还原为单季）；TTM = 上年年报 + 本期累计 − 上年同期累计；程序化情景规则见「研究标准」页，不是目标价。,5.93,3.8,7.8,0.8779342723004696,True,仅字段与算术审计，未完成一手深研,,保留历史筛选；模型未获本轮认证
600021,上海电力,观察,观察：TTM PE 21.7×（行业中位 17.0×），基准 -15% ÷ 悲观 −60%，不成立（数据稳定性存疑，见劣势）；最新单季营收 -19.1%、累计毛利率 23.8%,价格 2026-09-30 收盘；财务截至 2026-06-30（同花顺财务摘要，累计口径，已还原为单季）；TTM = 上年年报 + 本期累计 − 上年同期累计；程序化情景规则见「研究标准」页，不是目标价。,13.25,5.3,11.2,-0.2578616352201259,True,仅字段与算术审计，未完成一手深研,,保留历史筛选；模型未获本轮认证
600023,浙能电力,观察,观察：TTM PE 12.7×（行业中位 17.0×），基准 +12% ÷ 悲观 −32% ≈ 0.39:1；最新单季营收 -5.3%、累计毛利率 3.6%,价格 2026-09-30 收盘；财务截至 2026-06-30（同花顺财务摘要，累计口径，已还原为单季）；TTM = 上年年报 + 本期累计 − 上年同期累计；程序化情景规则见「研究标准」页，不是目标价。,5.22,3.6,5.9,0.41975308641975356,True,仅字段与算术审计，未完成一手深研,,保留历史筛选；模型未获本轮认证
600025,华能水电,观察,观察：TTM PE 22.6×（行业中位 17.0×），基准 -14% ÷ 悲观 −62%，不成立；最新单季营收 -2.5%、累计毛利率 57.2%,价格 2026-09-30 收盘；财务截至 2026-06-30（同花顺财务摘要，累计口径，已还原为单季）；TTM = 上年年报 + 本期累计 − 上年同期累计；程序化情景规则见「研究标准」页，不是目标价。,9.89,3.8,8.5,-0.22824302134646968,True,仅字段与算术审计，未完成一手深研,,保留历史筛选；模型未获本轮认证
600026,中远海能,观察,观察：TTM PE 16.7×（行业中位 19.7×），基准 +31% ÷ 悲观 −47% ≈ 0.65:1；最新单季营收 +33.1%、累计毛利率 41.4%,价格 2026-09-30 收盘；财务截至 2026-06-30（同花顺财务摘要，累计口径，已还原为单季）；TTM = 上年年报 + 本期累计 − 上年同期累计；程序化情景规则见「研究标准」页，不是目标价。,20.56,10.9,26.9,0.6563146997929608,True,仅字段与算术审计，未完成一手深研,,保留历史筛选；模型未获本轮认证
600027,华电国际,条件关注,条件关注：TTM PE 8.0×（行业中位 17.0×），基准 +19% ÷ 悲观 −15% ≈ 1.25:1；最新单季营收 -9.6%、累计毛利率 11.7%,价格 2026-09-30 收盘；财务截至 2026-06-30（同花顺财务摘要，累计口径，已还原为单季）；TTM = 上年年报 + 本期累计 − 上年同期累计；程序化情景规则见「研究标准」页，不是目标价。,4.95,4.2,5.9,1.2666666666666668,True,仅字段与算术审计，未完成一手深研,,保留历史筛选；模型未获本轮认证
600028,中国石化,观察,观察：TTM PE 17.4×（行业中位 17.7×），基准 +7% ÷ 悲观 −57% ≈ 0.12:1；最新单季营收 +8.3%、累计毛利率 18.6%,价格 2026-09-30 收盘；财务截至 2026-06-30（同花顺财务摘要，累计口径，已还原为单季）；TTM = 上年年报 + 本期累计 − 上年同期累计；程序化情景规则见「研究标准」页，不是目标价。,5.28,2.3,5.6,0.10738255033557025,True,仅字段与算术审计，未完成一手深研,,保留历史筛选；模型未获本轮认证
600029,南方航空,回避,回避：TTM 亏损，PE 不适用；最新单季营收 +9.4%、累计毛利率 2.4%,价格 2026-09-30 收盘；财务截至 2026-06-30（同花顺财务摘要，累计口径，已还原为单季）；TTM = 上年年报 + 本期累计 − 上年同期累计；程序化情景规则见「研究标准」页，不是目标价。,4.92,,,,True,仅字段与算术审计，未完成一手深研,,保留历史筛选；模型未获本轮认证
600030,中信证券,观察,观察：TTM PE 10.0×（行业中位 9.7×），基准 +18% ÷ 悲观 −53% ≈ 0.34:1；最新单季营收 +59.0%,价格 2026-09-30 收盘；财务截至 2026-06-30（同花顺财务摘要，累计口径，已还原为单季）；TTM = 上年年报 + 本期累计 − 上年同期累计；程序化情景规则见「研究标准」页，不是目标价。,25.86,12.0,30.6,0.3419913419913421,True,仅字段与算术审计，未完成一手深研,,保留历史筛选；模型未获本轮认证
600031,三一重工,观察,观察：TTM PE 16.8×（行业中位 19.7×），基准 +27% ÷ 悲观 −47% ≈ 0.57:1；最新单季营收 +24.4%、累计毛利率 27.8%,价格 2026-09-30 收盘；财务截至 2026-06-30（同花顺财务摘要，累计口径，已还原为单季）；TTM = 上年年报 + 本期累计 − 上年同期累计；程序化情景规则见「研究标准」页，不是目标价。,17.49,9.2,22.2,0.5681544028950545,True,仅字段与算术审计，未完成一手深研,,保留历史筛选；模型未获本轮认证
600032,浙江新能,观察,观察：TTM PE 50.0×（行业中位 17.0×），基准 -36% ÷ 悲观 −83%，不成立（数据稳定性存疑，见劣势）；最新单季营收 -8.3%、累计毛利率 34.5%,价格 2026-09-30 收盘；财务截至 2026-06-30（同花顺财务摘要，累计口径，已还原为单季）；TTM = 上年年报 + 本期累计 − 上年同期累计；程序化情景规则见「研究标准」页，不是目标价。,7.7,1.3,4.9,-0.43749999999999994,True,仅字段与算术审计，未完成一手深研,,保留历史筛选；模型未获本轮认证
600036,招商银行,观察,观察：TTM PE 7.2×（行业中位 9.7×），基准 +22% ÷ 悲观 −35% ≈ 0.64:1；最新单季营收 +5.8%,价格 2026-09-30 收盘；财务截至 2026-06-30（同花顺财务摘要，累计口径，已还原为单季）；TTM = 上年年报 + 本期累计 − 上年同期累计；程序化情景规则见「研究标准」页，不是目标价。,41.26,26.8,50.5,0.6390041493775936,True,仅字段与算术审计，未完成一手深研,,保留历史筛选；模型未获本轮认证
600038,中直股份,观察,观察：TTM PE 39.8×（行业中位 19.7×），基准 -29% ÷ 悲观 −78%，不成立；最新单季营收 -15.7%、累计毛利率 9.5%,价格 2026-09-30 收盘；财务截至 2026-06-30（同花顺财务摘要，累计口径，已还原为单季）；TTM = 上年年报 + 本期累计 − 上年同期累计；程序化情景规则见「研究标准」页，不是目标价。,27.06,6.0,19.2,-0.3732193732193732,True,仅字段与算术审计，未完成一手深研,,保留历史筛选；模型未获本轮认证
600039,四川路桥,条件关注,条件关注：TTM PE 10.0×（行业中位 19.7×），基准 +43% ÷ 悲观 −25% ≈ 1.73:1；最新单季营收 +20.7%、累计毛利率 14.7%,价格 2026-09-30 收盘；财务截至 2026-06-30（同花顺财务摘要，累计口径，已还原为单季）；TTM = 上年年报 + 本期累计 − 上年同期累计；程序化情景规则见「研究标准」页，不是目标价。,8.73,6.5,12.5,1.6905829596412552,True,仅字段与算术审计，未完成一手深研,,保留历史筛选；模型未获本轮认证
600048,保利发展,回避,回避：TTM 亏损，PE 不适用；最新单季营收 -8.7%、累计毛利率 13.0%,价格 2026-09-30 收盘；财务截至 2026-06-30（同花顺财务摘要，累计口径，已还原为单季）；TTM = 上年年报 + 本期累计 − 上年同期累计；程序化情景规则见「研究标准」页，不是目标价。,5.77,,,,True,仅字段与算术审计，未完成一手深研,,保留历史筛选；模型未获本轮认证
600050,中国联通,条件关注,条件关注：TTM PE 19.1×（行业中位 29.4×），基准 +27% ÷ 悲观 −26% ≈ 1.02:1；最新单季营收 +1.7%、累计毛利率 23.8%,价格 2026-09-30 收盘；财务截至 2026-06-30（同花顺财务摘要，累计口径，已还原为单季）；TTM = 上年年报 + 本期累计 − 上年同期累计；程序化情景规则见「研究标准」页，不是目标价。,4.23,3.1,5.4,1.0353982300884952,True,仅字段与算术审计，未完成一手深研,,保留历史筛选；模型未获本轮认证
600060,海信视像,观察,观察：TTM PE 13.8×（行业中位 17.8×），基准 +18% ÷ 悲观 −40% ≈ 0.46:1；最新单季营收 +4.8%、累计毛利率 17.4%,价格 2026-09-30 收盘；财务截至 2026-06-30（同花顺财务摘要，累计口径，已还原为单季）；TTM = 上年年报 + 本期累计 − 上年同期累计；程序化情景规则见「研究标准」页，不是目标价。,27.45,16.6,32.5,0.46543778801843333,True,仅字段与算术审计，未完成一手深研,,保留历史筛选；模型未获本轮认证
600061,国投资本,观察,观察：TTM PE 10.7×（行业中位 9.7×），基准 +14% ÷ 悲观 −57% ≈ 0.25:1；最新单季营收 +31.0%、累计毛利率 65.8%,价格 2026-09-30 收盘；财务截至 2026-06-30（同花顺财务摘要，累计口径，已还原为单季）；TTM = 上年年报 + 本期累计 − 上年同期累计；程序化情景规则见「研究标准」页，不是目标价。,6.19,2.7,7.1,0.2607449856733522,True,仅字段与算术审计，未完成一手深研,,保留历史筛选；模型未获本轮认证
600062,华润双鹤,条件关注,条件关注：TTM PE 10.4×（行业中位 20.2×），基准 +27% ÷ 悲观 −18% ≈ 1.52:1；最新单季营收 +2.6%、累计毛利率 58.1%,价格 2026-09-30 收盘；财务截至 2026-06-30（同花顺财务摘要，累计口径，已还原为单季）；TTM = 上年年报 + 本期累计 − 上年同期累计；程序化情景规则见「研究标准」页，不是目标价。,16.24,13.3,20.7,1.51700680272109,True,仅字段与算术审计，未完成一手深研,,保留历史筛选；模型未获本轮认证
600066,宇通客车,条件关注,条件关注：TTM PE 10.8×（行业中位 19.7×），基准 +35% ÷ 悲观 −25% ≈ 1.40:1；最新单季营收 +11.3%、累计毛利率 24.5%,价格 2026-09-30 收盘；财务截至 2026-06-30（同花顺财务摘要，累计口径，已还原为单季）；TTM = 上年年报 + 本期累计 − 上年同期累计；程序化情景规则见「研究标准」页，不是目标价。,26.72,20.0,36.0,1.3809523809523814,True,仅字段与算术审计，未完成一手深研,,保留历史筛选；模型未获本轮认证
600085,同仁堂,观察,观察：TTM PE 33.6×（行业中位 20.2×），基准 -24% ÷ 悲观 −70%，不成立；最新单季营收 -17.3%、累计毛利率 42.4%,价格 2026-09-30 收盘；财务截至 2026-06-30（同花顺财务摘要，累计口径，已还原为单季）；TTM = 上年年报 + 本期累计 − 上年同期累计；程序化情景规则见「研究标准」页，不是目标价。,23.74,7.0,18.1,-0.3369175627240142,True,仅字段与算术审计，未完成一手深研,,保留历史筛选；模型未获本轮认证
600089,特变电工,观察,观察：TTM PE 16.7×（行业中位 19.7×），基准 +29% ÷ 悲观 −47% ≈ 0.63:1；最新单季营收 +26.4%、累计毛利率 18.9%,价格 2026-09-30 收盘；财务截至 2026-06-30（同花顺财务摘要，累计口径，已还原为单季）；TTM = 上年年报 + 本期累计 − 上年同期累计；程序化情景规则见「研究标准」页，不是目标价。,17.32,9.2,22.4,0.6256157635467977,True,仅字段与算术审计，未完成一手深研,,保留历史筛选；模型未获本轮认证
600095,湘财股份,观察,观察：TTM PE 29.2×（行业中位 9.7×），基准 -25% ÷ 悲观 −84%，不成立（数据稳定性存疑，见劣势）；最新单季营收 +17.0%、累计毛利率 22.1%,价格 2026-09-30 收盘；财务截至 2026-06-30（同花顺财务摘要，累计口径，已还原为单季）；TTM = 上年年报 + 本期累计 − 上年同期累计；程序化情景规则见「研究标准」页，不是目标价。,8.73,1.4,6.5,-0.30422919508867674,True,仅字段与算术审计，未完成一手深研,,保留历史筛选；模型未获本轮认证
600098,广州发展,观察,观察：TTM PE 13.6×（行业中位 17.0×），基准 +21% ÷ 悲观 −36% ≈ 0.58:1；最新单季营收 +10.5%、累计毛利率 7.3%,价格 2026-09-30 收盘；财务截至 2026-06-30（同花顺财务摘要，累计口径，已还原为单季）；TTM = 上年年报 + 本期累计 − 上年同期累计；程序化情景规则见「研究标准」页，不是目标价。,6.32,4.0,7.6,0.5517241379310341,True,仅字段与算术审计，未完成一手深研,,保留历史筛选；模型未获本轮认证
600100,同方股份,观察,观察：TTM PE 88.5×（行业中位 42.5×），基准 -57% ÷ 悲观 −78%，不成立（数据稳定性存疑，见劣势）；最新单季营收 -19.2%、累计毛利率 30.0%,价格 2026-09-30 收盘；财务截至 2026-06-30（同花顺财务摘要，累计口径，已还原为单季）；TTM = 上年年报 + 本期累计 − 上年同期累计；程序化情景规则见「研究标准」页，不是目标价。,6.52,1.4,2.8,-0.7265625000000001,True,仅字段与算术审计，未完成一手深研,,保留历史筛选；模型未获本轮认证
600104,上汽集团,观察,观察：TTM PE 13.4×（行业中位 17.8×），基准 +16% ÷ 悲观 −38% ≈ 0.41:1；最新单季营收 -0.3%、累计毛利率 11.7%,价格 2026-09-30 收盘；财务截至 2026-06-30（同花顺财务摘要，累计口径，已还原为单季）；TTM = 上年年报 + 本期累计 − 上年同期累计；程序化情景规则见「研究标准」页，不是目标价。,10.88,6.7,12.6,0.4114832535885164,True,仅字段与算术审计，未完成一手深研,,保留历史筛选；模型未获本轮认证
600105,永鼎股份,观察,观察：TTM PE 126.8×（行业中位 29.4×），基准 -62% ÷ 悲观 −89%，不成立（数据稳定性存疑，见劣势）；最新单季营收 +51.4%、累计毛利率 27.9%,价格 2026-09-30 收盘；财务截至 2026-06-30（同花顺财务摘要，累计口径，已还原为单季）；TTM = 上年年报 + 本期累计 − 上年同期累计；程序化情景规则见「研究标准」页，不是目标价。,36.26,4.0,13.7,-0.6993180409175449,True,仅字段与算术审计，未完成一手深研,,保留历史筛选；模型未获本轮认证
600109,国金证券,观察,观察：TTM PE 12.1×（行业中位 9.7×），基准 +6% ÷ 悲观 −61% ≈ 0.10:1；最新单季营收 +25.2%,价格 2026-09-30 收盘；财务截至 2026-06-30（同花顺财务摘要，累计口径，已还原为单季）；TTM = 上年年报 + 本期累计 − 上年同期累计；程序化情景规则见「研究标准」页，不是目标价。,8.13,3.1,8.6,0.09343936381709717,True,仅字段与算术审计，未完成一手深研,,保留历史筛选；模型未获本轮认证
600111,北方稀土,观察,观察：TTM PE 37.8×（行业中位 19.4×），基准 -9% ÷ 悲观 −78%，不成立；最新单季营收 +45.5%、累计毛利率 15.0%,价格 2026-09-30 收盘；财务截至 2026-06-30（同花顺财务摘要，累计口径，已还原为单季）；TTM = 上年年报 + 本期累计 − 上年同期累计；程序化情景规则见「研究标准」页，不是目标价。,35.3,7.6,32.1,-0.11552346570397098,True,仅字段与算术审计，未完成一手深研,,保留历史筛选；模型未获本轮认证
600115,中国东航,回避,回避：TTM 亏损，PE 不适用；最新单季营收 +11.2%、累计毛利率 0.0%,价格 2026-09-30 收盘；财务截至 2026-06-30（同花顺财务摘要，累计口径，已还原为单季）；TTM = 上年年报 + 本期累计 − 上年同期累计；程序化情景规则见「研究标准」页，不是目标价。,3.4,,,,True,仅字段与算术审计，未完成一手深研,,保留历史筛选；模型未获本轮认证
600118,中国卫星,观察,观察：TTM PE 583.7×（行业中位 19.7×），基准 -92% ÷ 悲观 −98%，不成立（数据稳定性存疑，见劣势）；最新单季营收 +45.2%、累计毛利率 18.8%,价格 2026-09-30 收盘；财务截至 2026-06-30（同花顺财务摘要，累计口径，已还原为单季）；TTM = 上年年报 + 本期累计 − 上年同期累计；程序化情景规则见「研究标准」页，不是目标价。,55.03,0.8,4.5,-0.9317720818735017,True,仅字段与算术审计，未完成一手深研,,保留历史筛选；模型未获本轮认证
600126,杭钢股份,观察,观察：TTM PE 132.7×（行业中位 19.4×），基准 -71% ÷ 悲观 −94%，不成立（数据稳定性存疑，见劣势）；最新单季营收 -67.7%、累计毛利率 3.9%,价格 2026-09-30 收盘；财务截至 2026-06-30（同花顺财务摘要，累计口径，已还原为单季）；TTM = 上年年报 + 本期累计 − 上年同期累计；程序化情景规则见「研究标准」页，不是目标价。,5.94,0.4,1.7,-0.7653429602888087,True,仅字段与算术审计，未完成一手深研,,保留历史筛选；模型未获本轮认证
600131,国网信通,观察,观察：TTM PE 29.6×（行业中位 29.4×），基准 -2% ÷ 悲观 −52%，不成立；最新单季营收 -2.2%、累计毛利率 17.3%,价格 2026-09-30 收盘；财务截至 2026-06-30（同花顺财务摘要，累计口径，已还原为单季）；TTM = 上年年报 + 本期累计 − 上年同期累计；程序化情景规则见「研究标准」页，不是目标价。,15.39,7.4,15.1,-0.03629536921151451,True,仅字段与算术审计，未完成一手深研,,保留历史筛选；模型未获本轮认证
600132,重庆啤酒,观察,观察：TTM PE 15.9×（行业中位 19.4×），基准 +7% ÷ 悲观 −38% ≈ 0.17:1（数据稳定性存疑，见劣势）；最新单季营收 -5.8%、累计毛利率 50.2%,价格 2026-09-30 收盘；财务截至 2026-06-30（同花顺财务摘要，累计口径，已还原为单季）；TTM = 上年年报 + 本期累计 − 上年同期累计；程序化情景规则见「研究标准」页，不是目标价。,38.03,23.7,40.5,0.17236566643405432,True,仅字段与算术审计，未完成一手深研,,保留历史筛选；模型未获本轮认证
600141,兴发集团,观察,观察：TTM PE 18.5×（行业中位 19.4×），基准 +23% ÷ 悲观 −56% ≈ 0.41:1；最新单季营收 +35.3%、累计毛利率 16.5%,价格 2026-09-30 收盘；财务截至 2026-06-30（同花顺财务摘要，累计口径，已还原为单季）；TTM = 上年年报 + 本期累计 − 上年同期累计；程序化情景规则见「研究标准」页，不是目标价。,26.87,11.8,33.0,0.40676841406768405,True,仅字段与算术审计，未完成一手深研,,保留历史筛选；模型未获本轮认证
600143,金发科技,观察,观察：TTM PE 26.3×（行业中位 19.4×），基准 -3% ÷ 悲观 −69%，不成立；最新单季营收 +16.0%、累计毛利率 13.1%,价格 2026-09-30 收盘；财务截至 2026-06-30（同花顺财务摘要，累计口径，已还原为单季）；TTM = 上年年报 + 本期累计 − 上年同期累计；程序化情景规则见「研究标准」页，不是目标价。,12.76,4.0,12.3,-0.05251141552511405,True,仅字段与算术审计，未完成一手深研,,保留历史筛选；模型未获本轮认证
600150,中国船舶,观察,观察：TTM PE 21.0×（行业中位 19.7×），基准 +2% ÷ 悲观 −58% ≈ 0.04:1（数据稳定性存疑，见劣势）；最新单季营收 +7.9%、累计毛利率 17.4%,价格 2026-09-30 收盘；财务截至 2026-06-30（同花顺财务摘要，累计口径，已还原为单季）；TTM = 上年年报 + 本期累计 − 上年同期累计；程序化情景规则见「研究标准」页，不是目标价。,39.1,16.6,40.0,0.03999999999999994,True,仅字段与算术审计，未完成一手深研,,保留历史筛选；模型未获本轮认证
600153,建发股份,回避,回避：TTM 亏损，PE 不适用；最新单季营收 -4.6%、累计毛利率 4.2%,价格 2026-09-30 收盘；财务截至 2026-06-30（同花顺财务摘要，累计口径，已还原为单季）；TTM = 上年年报 + 本期累计 − 上年同期累计；程序化情景规则见「研究标准」页，不是目标价。,8.82,,,,True,仅字段与算术审计，未完成一手深研,,保留历史筛选；模型未获本轮认证
600157,永泰能源,观察,观察：TTM PE 183.8×（行业中位 17.0×），基准 -79% ÷ 悲观 −95%，不成立；最新单季营收 -2.6%、累计毛利率 19.9%,价格 2026-09-30 收盘；财务截至 2026-06-30（同花顺财务摘要，累计口径，已还原为单季）；TTM = 上年年报 + 本期累计 − 上年同期累计；程序化情景规则见「研究标准」页，不是目标价。,1.45,0.1,0.3,-0.8518518518518519,True,仅字段与算术审计，未完成一手深研,,保留历史筛选；模型未获本轮认证
600161,天坛生物,观察,观察：TTM PE 33.0×（行业中位 20.2×），基准 -23% ÷ 悲观 −70%，不成立；最新单季营收 -18.9%、累计毛利率 36.0%,价格 2026-09-30 收盘；财务截至 2026-06-30（同花顺财务摘要，累计口径，已还原为单季）；TTM = 上年年报 + 本期累计 − 上年同期累计；程序化情景规则见「研究标准」页，不是目标价。,12.59,3.8,9.6,-0.3401592718998863,True,仅字段与算术审计，未完成一手深研,,保留历史筛选；模型未获本轮认证
600166,福田汽车,观察,观察：TTM PE 15.1×（行业中位 19.7×），基准 +28% ÷ 悲观 −41% ≈ 0.67:1；最新单季营收 +14.9%、累计毛利率 10.8%,价格 2026-09-30 收盘；财务截至 2026-06-30（同花顺财务摘要，累计口径，已还原为单季）；TTM = 上年年报 + 本期累计 − 上年同期累计；程序化情景规则见「研究标准」页，不是目标价。,2.8,1.7,3.6,0.7272727272727276,True,仅字段与算术审计，未完成一手深研,,保留历史筛选；模型未获本轮认证
600170,上海建工,观察,观察：TTM PE 37.0×（行业中位 19.7×），基准 -27% ÷ 悲观 −76%，不成立；最新单季营收 -27.5%、累计毛利率 9.1%,价格 2026-09-30 收盘；财务截至 2026-06-30（同花顺财务摘要，累计口径，已还原为单季）；TTM = 上年年报 + 本期累计 − 上年同期累计；程序化情景规则见「研究标准」页，不是目标价。,2.24,0.5,1.6,-0.36781609195402304,True,仅字段与算术审计，未完成一手深研,,保留历史筛选；模型未获本轮认证
600171,上海贝岭,观察,观察：TTM PE 72.0×（行业中位 42.5×），基准 -39% ÷ 悲观 −73%，不成立；最新单季营收 +14.1%、累计毛利率 27.5%,价格 2026-09-30 收盘；财务截至 2026-06-30（同花顺财务摘要，累计口径，已还原为单季）；TTM = 上年年报 + 本期累计 − 上年同期累计；程序化情景规则见「研究标准」页，不是目标价。,21.76,5.8,13.3,-0.5300751879699248,True,仅字段与算术审计，未完成一手深研,,保留历史筛选；模型未获本轮认证
600177,雅戈尔,观察,观察：TTM PE 13.6×（行业中位 17.8×），基准 +14% ÷ 悲观 −39% ≈ 0.36:1；最新单季营收 -2.1%、累计毛利率 51.8%,价格 2026-09-30 收盘；财务截至 2026-06-30（同花顺财务摘要，累计口径，已还原为单季）；TTM = 上年年报 + 本期累计 − 上年同期累计；程序化情景规则见「研究标准」页，不是目标价。,8.38,5.1,9.5,0.341463414634146,True,仅字段与算术审计，未完成一手深研,,保留历史筛选；模型未获本轮认证
600183,生益科技,观察,观察：TTM PE 60.0×（行业中位 42.5×），基准 -20% ÷ 悲观 −68%，不成立；最新单季营收 +54.0%、累计毛利率 30.7%,价格 2026-09-30 收盘；财务截至 2026-06-30（同花顺财务摘要，累计口径，已还原为单季）；TTM = 上年年报 + 本期累计 − 上年同期累计；程序化情景规则见「研究标准」页，不是目标价。,129.96,41.4,104.0,-0.29313459801264685,True,仅字段与算术审计，未完成一手深研,,保留历史筛选；模型未获本轮认证
600188,兖矿能源,观察,观察：TTM PE 18.2×（行业中位 17.7×），基准 +16% ÷ 悲观 −59% ≈ 0.26:1；最新单季营收 +24.5%、累计毛利率 30.6%,价格 2026-09-30 收盘；财务截至 2026-06-30（同花顺财务摘要，累计口径，已还原为单季）；TTM = 上年年报 + 本期累计 − 上年同期累计；程序化情景规则见「研究标准」页，不是目标价。,19.44,7.9,22.5,0.265164644714038,True,仅字段与算术审计，未完成一手深研,,保留历史筛选；模型未获本轮认证
600196,复星医药,观察,观察：TTM PE 18.8×（行业中位 20.2×），基准 +6% ÷ 悲观 −47% ≈ 0.12:1；最新单季营收 +2.7%、累计毛利率 49.7%,价格 2026-09-30 收盘；财务截至 2026-06-30（同花顺财务摘要，累计口径，已还原为单季）；TTM = 上年年报 + 本期累计 − 上年同期累计；程序化情景规则见「研究标准」页，不是目标价。,24.02,12.7,25.4,0.12190812720848047,True,仅字段与算术审计，未完成一手深研,,保留历史筛选；模型未获本轮认证
600208,衢州发展,观察,观察：TTM PE 144.7×（行业中位 19.7×），基准 -74% ÷ 悲观 −94%，不成立（数据稳定性存疑，见劣势）；最新单季营收 -40.9%、累计毛利率 18.2%,价格 2026-09-30 收盘；财务截至 2026-06-30（同花顺财务摘要，累计口径，已还原为单季）；TTM = 上年年报 + 本期累计 − 上年同期累计；程序化情景规则见「研究标准」页，不是目标价。,2.91,0.2,0.8,-0.7785977859778599,True,仅字段与算术审计，未完成一手深研,,保留历史筛选；模型未获本轮认证
600219,南山铝业,条件关注,条件关注：TTM PE 12.5×（行业中位 19.4×），基准 +38% ÷ 悲观 −35% ≈ 1.09:1；最新单季营收 +14.6%、累计毛利率 21.3%,价格 2026-09-30 收盘；财务截至 2026-06-30（同花顺财务摘要，累计口径，已还原为单季）；TTM = 上年年报 + 本期累计 − 上年同期累计；程序化情景规则见「研究标准」页，不是目标价。,4.71,3.1,6.5,1.111801242236025,True,仅字段与算术审计，未完成一手深研,,保留历史筛选；模型未获本轮认证
600221,海航控股,观察,观察：TTM PE 24.1×（行业中位 19.7×），基准 -3% ÷ 悲观 −63%，不成立（数据稳定性存疑，见劣势）；最新单季营收 +10.1%、累计毛利率 2.1%,价格 2026-09-30 收盘；财务截至 2026-06-30（同花顺财务摘要，累计口径，已还原为单季）；TTM = 上年年报 + 本期累计 − 上年同期累计；程序化情景规则见「研究标准」页，不是目标价。,1.22,0.5,1.2,-0.027777777777777804,True,仅字段与算术审计，未完成一手深研,,保留历史筛选；模型未获本轮认证
600233,圆通速递,条件关注,条件关注：TTM PE 10.8×（行业中位 19.7×），基准 +31% ÷ 悲观 −25% ≈ 1.24:1；最新单季营收 +6.9%、累计毛利率 12.0%,价格 2026-09-30 收盘；财务截至 2026-06-30（同花顺财务摘要，累计口径，已还原为单季）；TTM = 上年年报 + 本期累计 − 上年同期累计；程序化情景规则见「研究标准」页，不是目标价。,17.79,13.3,23.3,1.2271714922049006,True,仅字段与算术审计，未完成一手深研,,保留历史筛选；模型未获本轮认证
600256,广汇能源,观察,观察：TTM PE 44.1×（行业中位 17.7×），基准 -26% ÷ 悲观 −83%，不成立；最新单季营收 +7.8%、累计毛利率 23.9%,价格 2026-09-30 收盘；财务截至 2026-06-30（同花顺财务摘要，累计口径，已还原为单季）；TTM = 上年年报 + 本期累计 − 上年同期累计；程序化情景规则见「研究标准」页，不是目标价。,6.67,1.1,4.9,-0.3177737881508078,True,仅字段与算术审计，未完成一手深研,,保留历史筛选；模型未获本轮认证
600276,恒瑞医药,观察,观察：TTM PE 39.6×（行业中位 20.2×），基准 -28% ÷ 悲观 −75%，不成立；最新单季营收 -14.5%、累计毛利率 86.3%,价格 2026-09-30 收盘；财务截至 2026-06-30（同花顺财务摘要，累计口径，已还原为单季）；TTM = 上年年报 + 本期累计 − 上年同期累计；程序化情景规则见「研究标准」页，不是目标价。,47.2,11.8,33.8,-0.3785310734463278,True,仅字段与算术审计，未完成一手深研,,保留历史筛选；模型未获本轮认证
600282,南钢股份,条件关注,条件关注：TTM PE 10.3×（行业中位 19.4×），基准 +38% ÷ 悲观 −30% ≈ 1.26:1；最新单季营收 +14.6%、累计毛利率 13.2%,价格 2026-09-30 收盘；财务截至 2026-06-30（同花顺财务摘要，累计口径，已还原为单季）；TTM = 上年年报 + 本期累计 − 上年同期累计；程序化情景规则见「研究标准」页，不是目标价。,4.54,3.2,6.3,1.3134328358208955,True,仅字段与算术审计，未完成一手深研,,保留历史筛选；模型未获本轮认证
600295,鄂尔多斯,观察,观察：TTM PE 13.2×（行业中位 19.4×），基准 +30% ÷ 悲观 −38% ≈ 0.79:1；最新单季营收 +7.1%、累计毛利率 24.1%,价格 2026-09-30 收盘；财务截至 2026-06-30（同花顺财务摘要，累计口径，已还原为单季）；TTM = 上年年报 + 本期累计 − 上年同期累计；程序化情景规则见「研究标准」页，不是目标价。,13.06,8.1,17.0,0.7943548387096772,True,仅字段与算术审计，未完成一手深研,,保留历史筛选；模型未获本轮认证
600298,安琪酵母,观察,观察：TTM PE 20.0×（行业中位 19.4×），基准 +8% ÷ 悲观 −51% ≈ 0.15:1；最新单季营收 +13.3%、累计毛利率 26.8%,价格 2026-09-30 收盘；财务截至 2026-06-30（同花顺财务摘要，累计口径，已还原为单季）；TTM = 上年年报 + 本期累计 − 上年同期累计；程序化情景规则见「研究标准」页，不是目标价。,37.47,18.5,40.3,0.1491829204006325,True,仅字段与算术审计，未完成一手深研,,保留历史筛选；模型未获本轮认证
600299,安迪苏,观察,观察：TTM PE 16.7×（行业中位 19.4×），基准 +28% ÷ 悲观 −41% ≈ 0.67:1；最新单季营收 +25.9%、累计毛利率 28.4%,价格 2026-09-30 收盘；财务截至 2026-06-30（同花顺财务摘要，累计口径，已还原为单季）；TTM = 上年年报 + 本期累计 − 上年同期累计；程序化情景规则见「研究标准」页，不是目标价。,8.21,4.9,10.5,0.6918429003021145,True,仅字段与算术审计，未完成一手深研,,保留历史筛选；模型未获本轮认证
600312,平高电气,观察,观察：TTM PE 21.6×（行业中位 19.7×），基准 -9% ÷ 悲观 −59%，不成立；最新单季营收 -8.2%、累计毛利率 29.8%,价格 2026-09-30 收盘；财务截至 2026-06-30（同花顺财务摘要，累计口径，已还原为单季）；TTM = 上年年报 + 本期累计 − 上年同期累计；程序化情景规则见「研究标准」页，不是目标价。,20.29,8.3,18.4,-0.15763135946622192,True,仅字段与算术审计，未完成一手深研,,保留历史筛选；模型未获本轮认证
600316,洪都航空,观察,观察：TTM PE 505.8×（行业中位 19.7×），基准 -91% ÷ 悲观 −98%，不成立（数据稳定性存疑，见劣势）；最新单季营收 +83.2%、累计毛利率 2.3%,价格 2026-09-30 收盘；财务截至 2026-06-30（同花顺财务摘要，累计口径，已还原为单季）；TTM = 上年年报 + 本期累计 − 上年同期累计；程序化情景规则见「研究标准」页，不是目标价。,33.41,0.6,3.2,-0.920755867113685,True,仅字段与算术审计，未完成一手深研,,保留历史筛选；模型未获本轮认证
600329,达仁堂,观察,观察：TTM PE 23.4×（行业中位 20.2×），基准 -11% ÷ 悲观 −58%，不成立；最新单季营收 -21.4%、累计毛利率 76.0%,价格 2026-09-30 收盘；财务截至 2026-06-30（同花顺财务摘要，累计口径，已还原为单季）；TTM = 上年年报 + 本期累计 − 上年同期累计；程序化情景规则见「研究标准」页，不是目标价。,35.32,15.0,31.3,-0.19783464566929132,True,仅字段与算术审计，未完成一手深研,,保留历史筛选；模型未获本轮认证
600332,白云山,观察,观察：TTM PE 12.5×（行业中位 20.2×），基准 +23% ÷ 悲观 −21% ≈ 1.09:1（数据稳定性存疑，见劣势）；最新单季营收 -2.8%、累计毛利率 17.3%,价格 2026-09-30 收盘；财务截至 2026-06-30（同花顺财务摘要，累计口径，已还原为单季）；TTM = 上年年报 + 本期累计 − 上年同期累计；程序化情景规则见「研究标准」页，不是目标价。,19.72,15.6,24.2,1.0873786407766994,True,仅字段与算术审计，未完成一手深研,,保留历史筛选；模型未获本轮认证
600339,中油工程,观察,观察：TTM PE 72.0×（行业中位 17.7×），基准 -40% ÷ 悲观 −90%，不成立（数据稳定性存疑，见劣势）；最新单季营收 +12.5%、累计毛利率 8.0%,价格 2026-09-30 收盘；财务截至 2026-06-30（同花顺财务摘要，累计口径，已还原为单季）；TTM = 上年年报 + 本期累计 − 上年同期累计；程序化情景规则见「研究标准」页，不是目标价。,3.24,0.3,2.0,-0.4217687074829932,True,仅字段与算术审计，未完成一手深研,,保留历史筛选；模型未获本轮认证
600348,华阳股份,观察,观察：TTM PE 17.7×（行业中位 17.7×），基准 -5% ÷ 悲观 −58%，不成立；最新单季营收 -7.9%、累计毛利率 43.1%,价格 2026-09-30 收盘；财务截至 2026-06-30（同花顺财务摘要，累计口径，已还原为单季）；TTM = 上年年报 + 本期累计 − 上年同期累计；程序化情景规则见「研究标准」页，不是目标价。,8.88,3.7,8.4,-0.09266409266409273,True,仅字段与算术审计，未完成一手深研,,保留历史筛选；模型未获本轮认证
600350,山东高速,观察,观察：TTM PE 19.4×（行业中位 19.7×），基准 +2% ÷ 悲观 −54% ≈ 0.03:1；最新单季营收 +1.0%、累计毛利率 33.5%,价格 2026-09-30 收盘；财务截至 2026-06-30（同花顺财务摘要，累计口径，已还原为单季）；TTM = 上年年报 + 本期累计 − 上年同期累计；程序化情景规则见「研究标准」页，不是目标价。,10.16,4.7,10.3,0.025641025641025744,True,仅字段与算术审计，未完成一手深研,,保留历史筛选；模型未获本轮认证
600352,浙江龙盛,观察,观察：TTM PE 21.6×（行业中位 19.4×），基准 +3% ÷ 悲观 −62% ≈ 0.05:1；最新单季营收 +12.4%、累计毛利率 34.9%,价格 2026-09-30 收盘；财务截至 2026-06-30（同花顺财务摘要，累计口径，已还原为单季）；TTM = 上年年报 + 本期累计 − 上年同期累计；程序化情景规则见「研究标准」页，不是目标价。,12.59,4.8,13.0,0.05263157894736844,True,仅字段与算术审计，未完成一手深研,,保留历史筛选；模型未获本轮认证
600362,江西铜业,条件关注,条件关注：TTM PE 12.5×（行业中位 19.4×），基准 +38% ÷ 悲观 −34% ≈ 1.11:1；最新单季营收 +15.1%、累计毛利率 5.8%,价格 2026-09-30 收盘；财务截至 2026-06-30（同花顺财务摘要，累计口径，已还原为单季）；TTM = 上年年报 + 本期累计 − 上年同期累计；程序化情景规则见「研究标准」页，不是目标价。,41.8,27.4,57.8,1.1111111111111112,True,仅字段与算术审计，未完成一手深研,,保留历史筛选；模型未获本轮认证
600363,ST联光,观察,观察：TTM PE 14.4×（行业中位 42.5×），基准 +19% ÷ 悲观 −25% ≈ 0.75:1；最新单季营收 -15.9%、累计毛利率 16.1%,价格 2026-09-30 收盘；财务截至 2026-06-30（同花顺财务摘要，累计口径，已还原为单季）；TTM = 上年年报 + 本期累计 − 上年同期累计；程序化情景规则见「研究标准」页，不是目标价。,12.2,9.2,14.5,0.7666666666666669,True,仅字段与算术审计，未完成一手深研,,保留历史筛选；模型未获本轮认证
600369,西南证券,观察,观察：TTM PE 20.9×（行业中位 9.7×），基准 -12% ÷ 悲观 −78%，不成立（数据稳定性存疑，见劣势）；最新单季营收 +43.8%,价格 2026-09-30 收盘；财务截至 2026-06-30（同花顺财务摘要，累计口径，已还原为单季）；TTM = 上年年报 + 本期累计 − 上年同期累计；程序化情景规则见「研究标准」页，不是目标价。,3.92,0.9,3.4,-0.17218543046357615,True,仅字段与算术审计，未完成一手深研,,保留历史筛选；模型未获本轮认证
600372,中航机载,观察,观察：TTM PE 52.7×（行业中位 19.7×），基准 -32% ÷ 悲观 −83%，不成立；最新单季营收 -2.0%、累计毛利率 26.0%,价格 2026-09-30 收盘；财务截至 2026-06-30（同花顺财务摘要，累计口径，已还原为单季）；TTM = 上年年报 + 本期累计 − 上年同期累计；程序化情景规则见「研究标准」页，不是目标价。,11.25,1.9,7.6,-0.3903743315508022,True,仅字段与算术审计，未完成一手深研,,保留历史筛选；模型未获本轮认证
600377,宁沪高速,观察,观察：TTM PE 14.0×（行业中位 19.7×），基准 +23% ÷ 悲观 −37% ≈ 0.63:1；最新单季营收 +3.0%、累计毛利率 34.6%,价格 2026-09-30 收盘；财务截至 2026-06-30（同花顺财务摘要，累计口径，已还原为单季）；TTM = 上年年报 + 本期累计 − 上年同期累计；程序化情景规则见「研究标准」页，不是目标价。,13.0,8.2,16.0,0.6249999999999999,True,仅字段与算术审计，未完成一手深研,,保留历史筛选；模型未获本轮认证
600378,昊华科技,观察,观察：TTM PE 31.3×（行业中位 19.4×），基准 -8% ÷ 悲观 −74%，不成立；最新单季营收 +18.6%、累计毛利率 24.5%,价格 2026-09-30 收盘；财务截至 2026-06-30（同花顺财务摘要，累计口径，已还原为单季）；TTM = 上年年报 + 本期累计 − 上年同期累计；程序化情景规则见「研究标准」页，不是目标价。,41.2,10.8,37.8,-0.11184210526315808,True,仅字段与算术审计，未完成一手深研,,保留历史筛选；模型未获本轮认证
600380,健康元,观察,观察：TTM PE 15.5×（行业中位 20.2×），基准 +9% ÷ 悲观 −36% ≈ 0.26:1；最新单季营收 -24.9%、累计毛利率 58.7%,价格 2026-09-30 收盘；财务截至 2026-06-30（同花顺财务摘要，累计口径，已还原为单季）；TTM = 上年年报 + 本期累计 − 上年同期累计；程序化情景规则见「研究标准」页，不是目标价。,10.16,6.5,11.1,0.256830601092896,True,仅字段与算术审计，未完成一手深研,,保留历史筛选；模型未获本轮认证
600390,五矿资本,观察,观察：TTM PE 22.0×（行业中位 9.7×），基准 -27% ÷ 悲观 −79%，不成立（数据稳定性存疑，见劣势）；最新单季营收 +2.8%、累计毛利率 5.4%,价格 2026-09-30 收盘；财务截至 2026-06-30（同花顺财务摘要，累计口径，已还原为单季）；TTM = 上年年报 + 本期累计 − 上年同期累计；程序化情景规则见「研究标准」页，不是目标价。,4.85,1.0,3.6,-0.3246753246753246,True,仅字段与算术审计，未完成一手深研,,保留历史筛选；模型未获本轮认证
600398,海澜之家,观察,观察：TTM PE 13.1×（行业中位 17.8×），基准 +24% ÷ 悲观 −37% ≈ 0.64:1；最新单季营收 +7.1%、累计毛利率 46.0%,价格 2026-09-30 收盘；财务截至 2026-06-30（同花顺财务摘要，累计口径，已还原为单季）；TTM = 上年年报 + 本期累计 − 上年同期累计；程序化情景规则见「研究标准」页，不是目标价。,5.65,3.6,7.0,0.6585365853658534,True,仅字段与算术审计，未完成一手深研,,保留历史筛选；模型未获本轮认证
600406,国电南瑞,观察,观察：TTM PE 21.3×（行业中位 19.7×），基准 +9% ÷ 悲观 −58% ≈ 0.15:1；最新单季营收 +18.6%、累计毛利率 25.3%,价格 2026-09-30 收盘；财务截至 2026-06-30（同花顺财务摘要，累计口径，已还原为单季）；TTM = 上年年报 + 本期累计 − 上年同期累计；程序化情景规则见「研究标准」页，不是目标价。,22.52,9.4,24.5,0.15091463414634151,True,仅字段与算术审计，未完成一手深研,,保留历史筛选；模型未获本轮认证
600415,小商品城,条件关注,条件关注：TTM PE 13.5×（行业中位 19.7×），基准 +45% ÷ 悲观 −34% ≈ 1.32:1；最新单季营收 +25.0%、累计毛利率 29.0%,价格 2026-09-30 收盘；财务截至 2026-06-30（同花顺财务摘要，累计口径，已还原为单季）；TTM = 上年年报 + 本期累计 − 上年同期累计；程序化情景规则见「研究标准」页，不是目标价。,11.08,7.3,16.0,1.3015873015873014,True,仅字段与算术审计，未完成一手深研,,保留历史筛选；模型未获本轮认证
600435,北方导航,回避,回避：TTM 亏损，PE 不适用；最新单季营收 -63.1%、累计毛利率 17.0%,价格 2026-09-30 收盘；财务截至 2026-06-30（同花顺财务摘要，累计口径，已还原为单季）；TTM = 上年年报 + 本期累计 − 上年同期累计；程序化情景规则见「研究标准」页，不是目标价。,11.16,,,,True,仅字段与算术审计，未完成一手深研,,保留历史筛选；模型未获本轮认证
600436,片仔癀,观察,观察：TTM PE 39.3×（行业中位 20.2×），基准 -28% ÷ 悲观 −75%，不成立；最新单季营收 -18.1%、累计毛利率 39.8%,价格 2026-09-30 收盘；财务截至 2026-06-30（同花顺财务摘要，累计口径，已还原为单季）；TTM = 上年年报 + 本期累计 − 上年同期累计；程序化情景规则见「研究标准」页，不是目标价。,118.0,29.8,84.8,-0.3764172335600907,True,仅字段与算术审计，未完成一手深研,,保留历史筛选；模型未获本轮认证
600438,通威股份,回避,回避：TTM 亏损，PE 不适用；最新单季营收 -9.5%、累计毛利率 -3.1%,价格 2026-09-30 收盘；财务截至 2026-06-30（同花顺财务摘要，累计口径，已还原为单季）；TTM = 上年年报 + 本期累计 − 上年同期累计；程序化情景规则见「研究标准」页，不是目标价。,11.52,,,,True,仅字段与算术审计，未完成一手深研,,保留历史筛选；模型未获本轮认证
600460,士兰微,观察,观察：TTM PE 78.7×（行业中位 42.5×），基准 -45% ÷ 悲观 −76%，不成立；最新单季营收 +12.2%、累计毛利率 18.6%,价格 2026-09-30 收盘；财务截至 2026-06-30（同花顺财务摘要，累计口径，已还原为单季）；TTM = 上年年报 + 本期累计 − 上年同期累计；程序化情景规则见「研究标准」页，不是目标价。,30.75,7.5,17.0,-0.5913978494623656,True,仅字段与算术审计，未完成一手深研,,保留历史筛选；模型未获本轮认证
600482,中国动力,观察,观察：TTM PE 44.7×（行业中位 19.7×），基准 -19% ÷ 悲观 −80%，不成立；最新单季营收 +17.2%、累计毛利率 18.5%,价格 2026-09-30 收盘；财务截至 2026-06-30（同花顺财务摘要，累计口径，已还原为单季）；TTM = 上年年报 + 本期累计 − 上年同期累计；程序化情景规则见「研究标准」页，不是目标价。,33.51,6.6,27.1,-0.2382014121144555,True,仅字段与算术审计，未完成一手深研,,保留历史筛选；模型未获本轮认证
600483,福能股份,条件关注,条件关注（人工复核，原程序化评级优先关注）：TTM PE 10.4×（行业中位 17.0×），基准 +34% ÷ 悲观 −17% ≈ 2.04:1；最新单季营收 +10.7%、累计毛利率 27.9%,价格 2026-09-30 收盘；财务截至 2026-06-30（同花顺财务摘要，累计口径，已还原为单季）；TTM = 上年年报 + 本期累计 − 上年同期累计；程序化情景规则见「研究标准」页，不是目标价。,11.02,9.2,14.8,2.076923076923077,True,原件核实,11.02,公用事业研究保留；稀释和盈利增长假设待重建
600489,中金黄金,观察,观察：TTM PE 16.1×（行业中位 19.4×），基准 +11% ÷ 悲观 −49% ≈ 0.23:1；最新单季营收 +0.9%、累计毛利率 20.7%,价格 2026-09-30 收盘；财务截至 2026-06-30（同花顺财务摘要，累计口径，已还原为单季）；TTM = 上年年报 + 本期累计 − 上年同期累计；程序化情景规则见「研究标准」页，不是目标价。,21.9,11.1,24.4,0.2314814814814815,True,仅字段与算术审计，未完成一手深研,,保留历史筛选；模型未获本轮认证
600497,驰宏锌锗,观察,观察：TTM PE 26.7×（行业中位 19.4×），基准 +4% ÷ 悲观 −69% ≈ 0.05:1（数据稳定性存疑，见劣势）；最新单季营收 +37.5%、累计毛利率 22.0%,价格 2026-09-30 收盘；财务截至 2026-06-30（同花顺财务摘要，累计口径，已还原为单季）；TTM = 上年年报 + 本期累计 − 上年同期累计；程序化情景规则见「研究标准」页，不是目标价。,8.96,2.7,9.3,0.054313099041533516,True,仅字段与算术审计，未完成一手深研,,保留历史筛选；模型未获本轮认证
600498,烽火通信,观察,观察：TTM PE 124.5×（行业中位 29.4×），基准 -65% ÷ 悲观 −89%，不成立（数据稳定性存疑，见劣势）；最新单季营收 +11.3%、累计毛利率 21.4%,价格 2026-09-30 收盘；财务截至 2026-06-30（同花顺财务摘要，累计口径，已还原为单季）；TTM = 上年年报 + 本期累计 − 上年同期累计；程序化情景规则见「研究标准」页，不是目标价。,35.7,4.0,12.4,-0.7350157728706626,True,仅字段与算术审计，未完成一手深研,,保留历史筛选；模型未获本轮认证
600499,科达制造,条件关注,条件关注：TTM PE 11.4×（行业中位 19.7×），基准 +50% ÷ 悲观 −25% ≈ 1.98:1；最新单季营收 +28.1%、累计毛利率 31.9%,价格 2026-09-30 收盘；财务截至 2026-06-30（同花顺财务摘要，累计口径，已还原为单季）；TTM = 上年年报 + 本期累计 − 上年同期累计；程序化情景规则见「研究标准」页，不是目标价。,11.19,8.4,16.7,1.9749103942652335,True,仅字段与算术审计，未完成一手深研,,保留历史筛选；模型未获本轮认证
600511,国药股份,条件关注,条件关注：TTM PE 10.2×（行业中位 20.2×），基准 +27% ÷ 悲观 −18% ≈ 1.48:1；最新单季营收 +2.0%、累计毛利率 6.0%,价格 2026-09-30 收盘；财务截至 2026-06-30（同花顺财务摘要，累计口径，已还原为单季）；TTM = 上年年报 + 本期累计 − 上年同期累计；程序化情景规则见「研究标准」页，不是目标价。,26.1,21.4,33.1,1.4893617021276586,True,仅字段与算术审计，未完成一手深研,,保留历史筛选；模型未获本轮认证
600515,海南机场,观察,观察：TTM PE 150.1×（行业中位 19.7×），基准 -73% ÷ 悲观 −94%，不成立（数据稳定性存疑，见劣势）；最新单季营收 +3.9%、累计毛利率 22.9%,价格 2026-09-30 收盘；财务截至 2026-06-30（同花顺财务摘要，累计口径，已还原为单季）；TTM = 上年年报 + 本期累计 − 上年同期累计；程序化情景规则见「研究标准」页，不是目标价。,2.75,0.2,0.8,-0.7647058823529412,True,仅字段与算术审计，未完成一手深研,,保留历史筛选；模型未获本轮认证
600517,国网英大,条件关注,条件关注：TTM PE 10.9×（行业中位 19.7×），基准 +30% ÷ 悲观 −25% ≈ 1.19:1；最新单季营收 +5.4%、累计毛利率 11.9%,价格 2026-09-30 收盘；财务截至 2026-06-30（同花顺财务摘要，累计口径，已还原为单季）；TTM = 上年年报 + 本期累计 − 上年同期累计；程序化情景规则见「研究标准」页，不是目标价。,4.94,3.7,6.4,1.1774193548387095,True,仅字段与算术审计，未完成一手深研,,保留历史筛选；模型未获本轮认证
600519,贵州茅台,观察,观察：TTM PE 19.4×（行业中位 19.4×），基准 -4% ÷ 悲观 −49%，不成立；最新单季营收 -5.2%、累计毛利率 89.6%,价格 2026-09-30 收盘；财务截至 2026-06-30（同花顺财务摘要，累计口径，已还原为单季）；TTM = 上年年报 + 本期累计 − 上年同期累计；程序化情景规则见「研究标准」页，不是目标价。,1258.62,641.9,1212.5,-0.07478272149435708,True,仅字段与算术审计，未完成一手深研,,保留历史筛选；模型未获本轮认证
600521,华海药业,观察,观察：TTM PE 38.6×（行业中位 20.2×），基准 -13% ÷ 悲观 −74%，不成立（数据稳定性存疑，见劣势）；最新单季营收 +20.1%、累计毛利率 58.4%,价格 2026-09-30 收盘；财务截至 2026-06-30（同花顺财务摘要，累计口径，已还原为单季）；TTM = 上年年报 + 本期累计 − 上年同期累计；程序化情景规则见「研究标准」页，不是目标价。,16.34,4.2,14.2,-0.17627677100494238,True,仅字段与算术审计，未完成一手深研,,保留历史筛选；模型未获本轮认证
600522,中天科技,观察,观察：TTM PE 28.3×（行业中位 29.4×），基准 +22% ÷ 悲观 −50% ≈ 0.44:1；最新单季营收 +28.6%、累计毛利率 16.5%,价格 2026-09-30 收盘；财务截至 2026-06-30（同花顺财务摘要，累计口径，已还原为单季）；TTM = 上年年报 + 本期累计 − 上年同期累计；程序化情景规则见「研究标准」页，不是目标价。,31.13,15.5,38.1,0.4459373000639797,True,仅字段与算术审计，未完成一手深研,,保留历史筛选；模型未获本轮认证
600535,天士力,观察,观察：TTM PE 17.1×（行业中位 20.2×），基准 +4% ÷ 悲观 −42% ≈ 0.08:1；最新单季营收 -8.8%、累计毛利率 69.6%,价格 2026-09-30 收盘；财务截至 2026-06-30（同花顺财务摘要，累计口径，已还原为单季）；TTM = 上年年报 + 本期累计 − 上年同期累计；程序化情景规则见「研究标准」页，不是目标价。,14.0,8.1,14.5,0.0847457627118644,True,仅字段与算术审计，未完成一手深研,,保留历史筛选；模型未获本轮认证
600536,中国软件,观察,观察：TTM PE 1282.2×（行业中位 42.5×），基准 -97% ÷ 悲观 −99%，不成立（数据稳定性存疑，见劣势）；最新单季营收 -32.4%、累计毛利率 49.8%,价格 2026-09-30 收盘；财务截至 2026-06-30（同花顺财务摘要，累计口径，已还原为单季）；TTM = 上年年报 + 本期累计 − 上年同期累计；程序化情景规则见「研究标准」页，不是目标价。,30.64,0.5,0.9,-0.986728599867286,True,仅字段与算术审计，未完成一手深研,,保留历史筛选；模型未获本轮认证
600546,山煤国际,观察,观察：TTM PE 17.0×（行业中位 17.7×），基准 +12% ÷ 悲观 −56% ≈ 0.22:1；最新单季营收 +14.8%、累计毛利率 42.0%,价格 2026-09-30 收盘；财务截至 2026-06-30（同花顺财务摘要，累计口径，已还原为单季）；TTM = 上年年报 + 本期累计 − 上年同期累计；程序化情景规则见「研究标准」页，不是目标价。,13.12,5.7,14.7,0.21293800539083563,True,仅字段与算术审计，未完成一手深研,,保留历史筛选；模型未获本轮认证
600547,山东黄金,观察,观察：TTM PE 25.1×（行业中位 19.4×），基准 -16% ÷ 悲观 −68%，不成立；最新单季营收 -31.7%、累计毛利率 24.4%,价格 2026-09-30 收盘；财务截至 2026-06-30（同花顺财务摘要，累计口径，已还原为单季）；TTM = 上年年报 + 本期累计 − 上年同期累计；程序化情景规则见「研究标准」页，不是目标价。,27.3,8.9,23.0,-0.2336956521739131,True,仅字段与算术审计，未完成一手深研,,保留历史筛选；模型未获本轮认证
600549,厦门钨业,观察,观察：TTM PE 19.8×（行业中位 19.4×），基准 +19% ÷ 悲观 −59% ≈ 0.32:1；最新单季营收 +77.6%、累计毛利率 21.8%,价格 2026-09-30 收盘；财务截至 2026-06-30（同花顺财务摘要，累计口径，已还原为单季）；TTM = 上年年报 + 本期累计 − 上年同期累计；程序化情景规则见「研究标准」页，不是目标价。,44.11,18.2,52.5,0.3238131995368584,True,仅字段与算术审计，未完成一手深研,,保留历史筛选；模型未获本轮认证
600562,国睿科技,观察,观察：TTM PE 57.8×（行业中位 19.7×），基准 -36% ÷ 悲观 −85%，不成立；最新单季营收 -10.2%、累计毛利率 43.8%,价格 2026-09-30 收盘；财务截至 2026-06-30（同花顺财务摘要，累计口径，已还原为单季）；TTM = 上年年报 + 本期累计 − 上年同期累计；程序化情景规则见「研究标准」页，不是目标价。,26.81,4.1,17.1,-0.4275649493615146,True,仅字段与算术审计，未完成一手深研,,保留历史筛选；模型未获本轮认证
600563,法拉电子,条件关注,条件关注：TTM PE 21.5×（行业中位 42.5×），基准 +37% ÷ 悲观 −25% ≈ 1.50:1；最新单季营收 +14.3%、累计毛利率 33.1%,价格 2026-09-30 收盘；财务截至 2026-06-30（同花顺财务摘要，累计口径，已还原为单季）；TTM = 上年年报 + 本期累计 − 上年同期累计；程序化情景规则见「研究标准」页，不是目标价。,115.26,86.4,158.5,1.4982674982674982,True,仅字段与算术审计，未完成一手深研,,保留历史筛选；模型未获本轮认证
600566,济川药业,观察,观察：TTM PE 12.8×（行业中位 20.2×），基准 +19% ÷ 悲观 −23% ≈ 0.82:1；最新单季营收 -8.4%、累计毛利率 79.5%,价格 2026-09-30 收盘；财务截至 2026-06-30（同花顺财务摘要，累计口径，已还原为单季）；TTM = 上年年报 + 本期累计 − 上年同期累计；程序化情景规则见「研究标准」页，不是目标价。,25.63,19.8,30.4,0.8181818181818183,True,仅字段与算术审计，未完成一手深研,,保留历史筛选；模型未获本轮认证
600570,恒生电子,观察,观察：TTM PE 45.5×（行业中位 42.5×），基准 -17% ÷ 悲观 −58%，不成立；最新单季营收 -11.5%、累计毛利率 69.4%,价格 2026-09-30 收盘；财务截至 2026-06-30（同花顺财务摘要，累计口径，已还原为单季）；TTM = 上年年报 + 本期累计 − 上年同期累计；程序化情景规则见「研究标准」页，不是目标价。,19.4,8.1,16.2,-0.28318584070796454,True,仅字段与算术审计，未完成一手深研,,保留历史筛选；模型未获本轮认证
600578,京能电力,条件关注,条件关注：TTM PE 10.4×（行业中位 17.0×），基准 +19% ÷ 悲观 −17% ≈ 1.12:1；最新单季营收 -11.4%、累计毛利率 19.1%,价格 2026-09-30 收盘；财务截至 2026-06-30（同花顺财务摘要，累计口径，已还原为单季）；TTM = 上年年报 + 本期累计 − 上年同期累计；程序化情景规则见「研究标准」页，不是目标价。,5.21,4.3,6.2,1.087912087912088,True,仅字段与算术审计，未完成一手深研,,保留历史筛选；模型未获本轮认证
600582,天地科技,观察,观察：TTM PE 18.4×（行业中位 19.7×），基准 -2% ÷ 悲观 −52%，不成立；最新单季营收 -10.4%、累计毛利率 29.5%,价格 2026-09-30 收盘；财务截至 2026-06-30（同花顺财务摘要，累计口径，已还原为单季）；TTM = 上年年报 + 本期累计 − 上年同期累计；程序化情景规则见「研究标准」页，不是目标价。,4.9,2.4,4.8,-0.04000000000000021,True,仅字段与算术审计，未完成一手深研,,保留历史筛选；模型未获本轮认证
600583,海油工程,观察,观察：TTM PE 14.1×（行业中位 17.7×），基准 +27% ÷ 悲观 −47% ≈ 0.57:1；最新单季营收 +18.8%、累计毛利率 14.9%,价格 2026-09-30 收盘；财务截至 2026-06-30（同花顺财务摘要，累计口径，已还原为单季）；TTM = 上年年报 + 本期累计 − 上年同期累计；程序化情景规则见「研究标准」页，不是目标价。,6.62,3.5,8.4,0.5705128205128206,True,仅字段与算术审计，未完成一手深研,,保留历史筛选；模型未获本轮认证
600584,长电科技,观察,观察：TTM PE 59.6×（行业中位 42.5×），基准 -27% ÷ 悲观 −68%，不成立；最新单季营收 +11.7%、累计毛利率 15.2%,价格 2026-09-30 收盘；财务截至 2026-06-30（同花顺财务摘要，累计口径，已还原为单季）；TTM = 上年年报 + 本期累计 − 上年同期累计；程序化情景规则见「研究标准」页，不是目标价。,64.28,20.6,46.7,-0.40247252747252743,True,仅字段与算术审计，未完成一手深研,,保留历史筛选；模型未获本轮认证
600585,海螺水泥,观察,观察：TTM PE 14.8×（行业中位 19.4×），基准 +10% ÷ 悲观 −45% ≈ 0.22:1；最新单季营收 -11.3%、累计毛利率 19.1%,价格 2026-09-30 收盘；财务截至 2026-06-30（同花顺财务摘要，累计口径，已还原为单季）；TTM = 上年年报 + 本期累计 − 上年同期累计；程序化情景规则见「研究标准」页，不是目标价。,17.51,9.7,19.2,0.21638924455825828,True,仅字段与算术审计，未完成一手深研,,保留历史筛选；模型未获本轮认证
600588,用友网络,回避,回避：TTM 亏损，PE 不适用；最新单季营收 +3.0%、累计毛利率 50.9%,价格 2026-09-30 收盘；财务截至 2026-06-30（同花顺财务摘要，累计口径，已还原为单季）；TTM = 上年年报 + 本期累计 − 上年同期累计；程序化情景规则见「研究标准」页，不是目标价。,9.22,,,,True,仅字段与算术审计，未完成一手深研,,保留历史筛选；模型未获本轮认证
600595,中孚实业,条件关注,条件关注：TTM PE 8.5×（行业中位 19.4×），基准 +50% ÷ 悲观 −30% ≈ 1.67:1；最新单季营收 +37.2%、累计毛利率 21.7%,价格 2026-09-30 收盘；财务截至 2026-06-30（同花顺财务摘要，累计口径，已还原为单季）；TTM = 上年年报 + 本期累计 − 上年同期累计；程序化情景规则见「研究标准」页，不是目标价。,5.95,4.2,8.9,1.6857142857142857,True,仅字段与算术审计，未完成一手深研,,保留历史筛选；模型未获本轮认证
600598,北大荒,回避,回避：TTM 亏损，PE 不适用；最新单季营收 -47.5%、累计毛利率 54.9%,价格 2026-09-30 收盘；财务截至 2026-06-30（同花顺财务摘要，累计口径，已还原为单季）；TTM = 上年年报 + 本期累计 − 上年同期累计；程序化情景规则见「研究标准」页，不是目标价。,12.63,,,,True,仅字段与算术审计，未完成一手深研,,保留历史筛选；模型未获本轮认证
600600,青岛啤酒,条件关注,条件关注：TTM PE 11.7×（行业中位 19.4×），基准 +19% ÷ 悲观 −15% ≈ 1.23:1；最新单季营收 -6.7%、累计毛利率 44.9%,价格 2026-09-30 收盘；财务截至 2026-06-30（同花顺财务摘要，累计口径，已还原为单季）；TTM = 上年年报 + 本期累计 − 上年同期累计；程序化情景规则见「研究标准」页，不是目标价。,50.02,42.3,59.6,1.2409326424870455,True,仅字段与算术审计，未完成一手深研,,保留历史筛选；模型未获本轮认证
600601,方正科技,观察,观察：TTM PE 62.0×（行业中位 42.5×），基准 -23% ÷ 悲观 −69%，不成立；最新单季营收 +79.8%、累计毛利率 32.2%,价格 2026-09-30 收盘；财务截至 2026-06-30（同花顺财务摘要，累计口径，已还原为单季）；TTM = 上年年报 + 本期累计 − 上年同期累计；程序化情景规则见「研究标准」页，不是目标价。,13.2,4.1,10.2,-0.32967032967032966,True,仅字段与算术审计，未完成一手深研,,保留历史筛选；模型未获本轮认证
600602,云赛智联,观察,观察：TTM PE 109.1×（行业中位 29.4×），基准 -65% ÷ 悲观 −87%，不成立；最新单季营收 -16.8%、累计毛利率 16.3%,价格 2026-09-30 收盘；财务截至 2026-06-30（同花顺财务摘要，累计口径，已还原为单季）；TTM = 上年年报 + 本期累计 − 上年同期累计；程序化情景规则见「研究标准」页，不是目标价。,16.05,2.1,5.6,-0.7491039426523297,True,仅字段与算术审计，未完成一手深研,,保留历史筛选；模型未获本轮认证
600606,绿地控股,回避,回避：TTM 亏损，PE 不适用；最新单季营收 -33.6%、累计毛利率 7.2%,价格 2026-09-30 收盘；财务截至 2026-06-30（同花顺财务摘要，累计口径，已还原为单季）；TTM = 上年年报 + 本期累计 − 上年同期累计；程序化情景规则见「研究标准」页，不是目标价。,1.54,,,,True,仅字段与算术审计，未完成一手深研,,保留历史筛选；模型未获本轮认证
600637,东方明珠,观察,观察：TTM PE 42.0×（行业中位 29.4×），基准 -19% ÷ 悲观 −66%，不成立；最新单季营收 -10.8%、累计毛利率 28.8%,价格 2026-09-30 收盘；财务截至 2026-06-30（同花顺财务摘要，累计口径，已还原为单季）；TTM = 上年年报 + 本期累计 − 上年同期累计；程序化情景规则见「研究标准」页，不是目标价。,8.69,2.9,7.0,-0.29188255613126074,True,仅字段与算术审计，未完成一手深研,,保留历史筛选；模型未获本轮认证
600642,申能股份,观察,观察：TTM PE 12.1×（行业中位 17.0×），基准 +25% ÷ 悲观 −28% ≈ 0.87:1；最新单季营收 +5.1%、累计毛利率 19.2%,价格 2026-09-30 收盘；财务截至 2026-06-30（同花顺财务摘要，累计口径，已还原为单季）；TTM = 上年年报 + 本期累计 − 上年同期累计；程序化情景规则见「研究标准」页，不是目标价。,8.78,6.3,10.9,0.8548387096774199,True,仅字段与算术审计，未完成一手深研,,保留历史筛选；模型未获本轮认证
600655,豫园股份,回避,回避：TTM 亏损，PE 不适用；最新单季营收 -28.7%、累计毛利率 20.8%,价格 2026-09-30 收盘；财务截至 2026-06-30（同花顺财务摘要，累计口径，已还原为单季）；TTM = 上年年报 + 本期累计 − 上年同期累计；程序化情景规则见「研究标准」页，不是目标价。,4.66,,,,True,仅字段与算术审计，未完成一手深研,,保留历史筛选；模型未获本轮认证
600660,福耀玻璃,观察,观察：TTM PE 16.5×（行业中位 17.8×），基准 +4% ÷ 悲观 −50% ≈ 0.08:1；最新单季营收 +0.2%、累计毛利率 38.8%,价格 2026-09-30 收盘；财务截至 2026-06-30（同花顺财务摘要，累计口径，已还原为单季）；TTM = 上年年报 + 本期累计 − 上年同期累计；程序化情景规则见「研究标准」页，不是目标价。,53.58,27.0,55.7,0.07975921745673456,True,仅字段与算术审计，未完成一手深研,,保留历史筛选；模型未获本轮认证
600663,陆家嘴,观察,观察：TTM PE 33.5×（行业中位 19.7×），基准 -5% ÷ 悲观 −75%，不成立（数据稳定性存疑，见劣势）；最新单季营收 +146.6%、累计毛利率 57.9%,价格 2026-09-30 收盘；财务截至 2026-06-30（同花顺财务摘要，累计口径，已还原为单季）；TTM = 上年年报 + 本期累计 − 上年同期累计；程序化情景规则见「研究标准」页，不是目标价。,10.11,2.5,9.6,-0.06701708278580812,True,仅字段与算术审计，未完成一手深研,,保留历史筛选；模型未获本轮认证
600674,川投能源,观察,观察：TTM PE 17.5×（行业中位 17.0×），基准 -1% ÷ 悲观 −51%，不成立；最新单季营收 +0.9%、累计毛利率 48.4%,价格 2026-09-30 收盘；财务截至 2026-06-30（同花顺财务摘要，累计口径，已还原为单季）；TTM = 上年年报 + 本期累计 − 上年同期累计；程序化情景规则见「研究标准」页，不是目标价。,16.62,8.2,16.5,-0.0142517814726842,True,仅字段与算术审计，未完成一手深研,,保留历史筛选；模型未获本轮认证
600685,中船防务,观察,观察：TTM PE 30.8×（行业中位 19.7×），基准 -22% ÷ 悲观 −71%，不成立；最新单季营收 -16.8%、累计毛利率 10.7%,价格 2026-09-30 收盘；财务截至 2026-06-30（同花顺财务摘要，累计口径，已还原为单季）；TTM = 上年年报 + 本期累计 − 上年同期累计；程序化情景规则见「研究标准」页，不是目标价。,28.71,8.3,22.4,-0.30916217540421376,True,仅字段与算术审计，未完成一手深研,,保留历史筛选；模型未获本轮认证
600688,上海石化,回避,回避：TTM 亏损，PE 不适用；最新单季营收 +6.6%、累计毛利率 18.1%,价格 2026-09-30 收盘；财务截至 2026-06-30（同花顺财务摘要，累计口径，已还原为单季）；TTM = 上年年报 + 本期累计 − 上年同期累计；程序化情景规则见「研究标准」页，不是目标价。,2.75,,,,True,仅字段与算术审计，未完成一手深研,,保留历史筛选；模型未获本轮认证
600690,海尔智家,条件关注,条件关注：TTM PE 10.6×（行业中位 17.8×），基准 +26% ÷ 悲观 −22% ≈ 1.19:1；最新单季营收 +1.4%、累计毛利率 27.2%,价格 2026-09-30 收盘；财务截至 2026-06-30（同花顺财务摘要，累计口径，已还原为单季）；TTM = 上年年报 + 本期累计 − 上年同期累计；程序化情景规则见「研究标准」页，不是目标价。,20.42,15.9,25.8,1.1902654867256632,True,仅字段与算术审计，未完成一手深研,,保留历史筛选；模型未获本轮认证
600704,物产中大,条件关注,条件关注：TTM PE 7.2×（行业中位 19.7×），基准 +25% ÷ 悲观 −25% ≈ 1.01:1；最新单季营收 +0.2%、累计毛利率 3.3%,价格 2026-09-30 收盘；财务截至 2026-06-30（同花顺财务摘要，累计口径，已还原为单季）；TTM = 上年年报 + 本期累计 − 上年同期累计；程序化情景规则见「研究标准」页，不是目标价。,4.87,3.7,6.1,1.0512820512820509,True,仅字段与算术审计，未完成一手深研,,保留历史筛选；模型未获本轮认证
600707,彩虹股份,观察,观察：TTM PE 1640.7×（行业中位 42.5×），基准 -97% ÷ 悲观 −99%，不成立（数据稳定性存疑，见劣势）；最新单季营收 +4.3%、累计毛利率 16.1%,价格 2026-09-30 收盘；财务截至 2026-06-30（同花顺财务摘要，累计口径，已还原为单季）；TTM = 上年年报 + 本期累计 − 上年同期累计；程序化情景规则见「研究标准」页，不是目标价。,10.08,0.1,0.3,-0.9799599198396792,True,仅字段与算术审计，未完成一手深研,,保留历史筛选；模型未获本轮认证
600711,盛屯矿业,条件关注,条件关注：TTM PE 11.5×（行业中位 19.4×），基准 +44% ÷ 悲观 −30% ≈ 1.47:1；最新单季营收 +21.8%、累计毛利率 22.9%,价格 2026-09-30 收盘；财务截至 2026-06-30（同花顺财务摘要，累计口径，已还原为单季）；TTM = 上年年报 + 本期累计 − 上年同期累计；程序化情景规则见「研究标准」页，不是目标价。,10.14,7.1,14.6,1.467105263157894,True,仅字段与算术审计，未完成一手深研,,保留历史筛选；模型未获本轮认证
600737,中粮糖业,观察,观察：TTM PE 28.1×（行业中位 19.4×），基准 -20% ÷ 悲观 −65%，不成立；最新单季营收 -26.0%、累计毛利率 14.6%,价格 2026-09-30 收盘；财务截至 2026-06-30（同花顺财务摘要，累计口径，已还原为单季）；TTM = 上年年报 + 本期累计 − 上年同期累计；程序化情景规则见「研究标准」页，不是目标价。,14.66,5.1,11.8,-0.2991631799163179,True,仅字段与算术审计，未完成一手深研,,保留历史筛选；模型未获本轮认证
600741,华域汽车,条件关注,条件关注：TTM PE 7.0×（行业中位 17.8×），基准 +23% ÷ 悲观 −22% ≈ 1.06:1；最新单季营收 -1.8%、累计毛利率 11.9%,价格 2026-09-30 收盘；财务截至 2026-06-30（同花顺财务摘要，累计口径，已还原为单季）；TTM = 上年年报 + 本期累计 − 上年同期累计；程序化情景规则见「研究标准」页，不是目标价。,15.38,12.0,19.0,1.0710059171597628,True,仅字段与算术审计，未完成一手深研,,保留历史筛选；模型未获本轮认证
600754,锦江酒店,观察,观察：TTM PE 17.5×（行业中位 17.8×），基准 +3% ÷ 悲观 −52% ≈ 0.05:1；最新单季营收 +2.7%、累计毛利率 36.9%,价格 2026-09-30 收盘；财务截至 2026-06-30（同花顺财务摘要，累计口径，已还原为单季）；TTM = 上年年报 + 本期累计 − 上年同期累计；程序化情景规则见「研究标准」页，不是目标价。,18.05,8.6,18.5,0.04761904761904754,True,仅字段与算术审计，未完成一手深研,,保留历史筛选；模型未获本轮认证
600760,中航沈飞,观察,观察：TTM PE 42.7×（行业中位 19.7×），基准 -31% ÷ 悲观 −79%，不成立（数据稳定性存疑，见劣势）；最新单季营收 -59.3%、累计毛利率 10.6%,价格 2026-09-30 收盘；财务截至 2026-06-30（同花顺财务摘要，累计口径，已还原为单季）；TTM = 上年年报 + 本期累计 − 上年同期累计；程序化情景规则见「研究标准」页，不是目标价。,43.63,9.1,30.3,-0.386041123660585,True,仅字段与算术审计，未完成一手深研,,保留历史筛选；模型未获本轮认证
600763,通策医疗,观察,观察：TTM PE 19.5×（行业中位 20.2×），基准 +6% ÷ 悲观 −49% ≈ 0.13:1；最新单季营收 +6.7%、累计毛利率 43.0%,价格 2026-09-30 收盘；财务截至 2026-06-30（同花顺财务摘要，累计口径，已还原为单季）；TTM = 上年年报 + 本期累计 − 上年同期累计；程序化情景规则见「研究标准」页，不是目标价。,34.07,17.3,36.3,0.13297555158020255,True,仅字段与算术审计，未完成一手深研,,保留历史筛选；模型未获本轮认证
600764,中国海防,观察,观察：TTM PE 159.6×（行业中位 19.7×），基准 -76% ÷ 悲观 −94%，不成立（数据稳定性存疑，见劣势）；最新单季营收 -13.7%、累计毛利率 30.6%,价格 2026-09-30 收盘；财务截至 2026-06-30（同花顺财务摘要，累计口径，已还原为单季）；TTM = 上年年报 + 本期累计 − 上年同期累计；程序化情景规则见「研究标准」页，不是目标价。,18.39,1.0,4.4,-0.80448533640023,True,仅字段与算术审计，未完成一手深研,,保留历史筛选；模型未获本轮认证
600765,中航重机,观察,观察：TTM PE 37.1×（行业中位 19.7×），基准 -27% ÷ 悲观 −76%，不成立（数据稳定性存疑，见劣势）；最新单季营收 -21.3%、累计毛利率 24.8%,价格 2026-09-30 收盘；财务截至 2026-06-30（同花顺财务摘要，累计口径，已还原为单季）；TTM = 上年年报 + 本期累计 − 上年同期累计；程序化情景规则见「研究标准」页，不是目标价。,13.19,3.2,9.6,-0.3593593593593594,True,仅字段与算术审计，未完成一手深研,,保留历史筛选；模型未获本轮认证
600795,国电电力,观察,观察：TTM PE 14.7×（行业中位 17.0×），基准 +12% ÷ 悲观 −41% ≈ 0.29:1；最新单季营收 +5.3%、累计毛利率 14.2%,价格 2026-09-30 收盘；财务截至 2026-06-30（同花顺财务摘要，累计口径，已还原为单季）；TTM = 上年年报 + 本期累计 − 上年同期累计；程序化情景规则见「研究标准」页，不是目标价。,5.34,3.2,6.0,0.3084112149532711,True,仅字段与算术审计，未完成一手深研,,保留历史筛选；模型未获本轮认证
600801,华新建材,观察,观察：TTM PE 14.3×（行业中位 19.4×），基准 +34% ÷ 悲观 −43% ≈ 0.79:1；最新单季营收 +19.2%、累计毛利率 31.6%,价格 2026-09-30 收盘；财务截至 2026-06-30（同花顺财务摘要，累计口径，已还原为单季）；TTM = 上年年报 + 本期累计 − 上年同期累计；程序化情景规则见「研究标准」页，不是目标价。,23.8,13.6,31.8,0.784313725490196,True,仅字段与算术审计，未完成一手深研,,保留历史筛选；模型未获本轮认证
600803,新奥股份,观察,观察：TTM PE 13.6×（行业中位 17.0×），基准 +14% ÷ 悲观 −36% ≈ 0.39:1；最新单季营收 +1.8%、累计毛利率 13.8%,价格 2026-09-30 收盘；财务截至 2026-06-30（同花顺财务摘要，累计口径，已还原为单季）；TTM = 上年年报 + 本期累计 − 上年同期累计；程序化情景规则见「研究标准」页，不是目标价。,19.2,12.3,21.9,0.3913043478260869,True,仅字段与算术审计，未完成一手深研,,保留历史筛选；模型未获本轮认证
600808,马钢股份,回避,回避：TTM 亏损，PE 不适用；最新单季营收 +4.6%、累计毛利率 4.8%,价格 2026-09-30 收盘；财务截至 2026-06-30（同花顺财务摘要，累计口径，已还原为单季）；TTM = 上年年报 + 本期累计 − 上年同期累计；程序化情景规则见「研究标准」页，不是目标价。,2.51,,,,True,仅字段与算术审计，未完成一手深研,,保留历史筛选；模型未获本轮认证
600809,山西汾酒,观察,观察：TTM PE 13.9×（行业中位 19.4×），基准 +14% ÷ 悲观 −29% ≈ 0.49:1；最新单季营收 -17.7%、累计毛利率 75.4%,价格 2026-09-30 收盘；财务截至 2026-06-30（同花顺财务摘要，累计口径，已还原为单季）；TTM = 上年年报 + 本期累计 − 上年同期累计；程序化情景规则见「研究标准」页，不是目标价。,115.6,82.5,131.7,0.4864048338368579,True,仅字段与算术审计，未完成一手深研,,保留历史筛选；模型未获本轮认证
600816,建元信托,观察,观察：TTM PE 20.4×（行业中位 9.7×），基准 -30% ÷ 悲观 −77%，不成立（数据稳定性存疑，见劣势）；最新单季营收 -14.2%,价格 2026-09-30 收盘；财务截至 2026-06-30（同花顺财务摘要，累计口径，已还原为单季）；TTM = 上年年报 + 本期累计 − 上年同期累计；程序化情景规则见「研究标准」页，不是目标价。,2.38,0.5,1.7,-0.36170212765957444,True,仅字段与算术审计，未完成一手深研,,保留历史筛选；模型未获本轮认证
600820,隧道股份,条件关注,条件关注：TTM PE 8.7×（行业中位 19.7×），基准 +31% ÷ 悲观 −25% ≈ 1.24:1；最新单季营收 +6.8%、累计毛利率 13.8%,价格 2026-09-30 收盘；财务截至 2026-06-30（同花顺财务摘要，累计口径，已还原为单季）；TTM = 上年年报 + 本期累计 − 上年同期累计；程序化情景规则见「研究标准」页，不是目标价。,5.3,4.0,6.9,1.2307692307692313,True,仅字段与算术审计，未完成一手深研,,保留历史筛选；模型未获本轮认证
600845,宝信软件,观察,观察：TTM PE 38.9×（行业中位 42.5×），基准 +23% ÷ 悲观 −51% ≈ 0.46:1；最新单季营收 +37.3%、累计毛利率 29.8%,价格 2026-09-30 收盘；财务截至 2026-06-30（同花顺财务摘要，累计口径，已还原为单季）；TTM = 上年年报 + 本期累计 − 上年同期累计；程序化情景规则见「研究标准」页，不是目标价。,17.69,8.7,21.8,0.45717463848720785,True,仅字段与算术审计，未完成一手深研,,保留历史筛选；模型未获本轮认证
600848,上海临港,观察,观察：TTM PE 18.0×（行业中位 19.7×），基准 +7% ÷ 悲观 −54% ≈ 0.13:1（数据稳定性存疑，见劣势）；最新单季营收 +2.9%、累计毛利率 51.4%,价格 2026-09-30 收盘；财务截至 2026-06-30（同花顺财务摘要，累计口径，已还原为单季）；TTM = 上年年报 + 本期累计 − 上年同期累计；程序化情景规则见「研究标准」页，不是目标价。,9.05,4.2,9.7,0.13402061855670072,True,仅字段与算术审计，未完成一手深研,,保留历史筛选；模型未获本轮认证
600862,中航高科,观察,观察：TTM PE 28.8×（行业中位 19.7×），基准 -18% ÷ 悲观 −69%，不成立；最新单季营收 -4.7%、累计毛利率 35.5%,价格 2026-09-30 收盘；财务截至 2026-06-30（同花顺财务摘要，累计口径，已还原为单季）；TTM = 上年年报 + 本期累计 − 上年同期累计；程序化情景规则见「研究标准」页，不是目标价。,17.85,5.5,14.6,-0.2631578947368422,True,仅字段与算术审计，未完成一手深研,,保留历史筛选；模型未获本轮认证
600863,华能蒙电,观察,观察：TTM PE 16.8×（行业中位 17.0×），基准 -4% ÷ 悲观 −48%，不成立；最新单季营收 -16.6%、累计毛利率 22.9%,价格 2026-09-30 收盘；财务截至 2026-06-30（同花顺财务摘要，累计口径，已还原为单季）；TTM = 上年年报 + 本期累计 − 上年同期累计；程序化情景规则见「研究标准」页，不是目标价。,4.72,2.4,4.5,-0.09482758620689645,True,仅字段与算术审计，未完成一手深研,,保留历史筛选；模型未获本轮认证
600871,石化油服,观察,观察：TTM PE 59.3×（行业中位 17.7×），基准 -35% ÷ 悲观 −87%，不成立（数据稳定性存疑，见劣势）；最新单季营收 +1.0%、累计毛利率 8.5%,价格 2026-09-30 收盘；财务截至 2026-06-30（同花顺财务摘要，累计口径，已还原为单季）；TTM = 上年年报 + 本期累计 − 上年同期累计；程序化情景规则见「研究标准」页，不是目标价。,2.1,0.3,1.4,-0.38888888888888895,True,仅字段与算术审计，未完成一手深研,,保留历史筛选；模型未获本轮认证
600873,梅花生物,观察,观察：TTM PE 9.6×（行业中位 19.4×），基准 +28% ÷ 悲观 −15% ≈ 1.90:1（数据稳定性存疑，见劣势）；最新单季营收 +4.0%、累计毛利率 12.9%,价格 2026-09-30 收盘；财务截至 2026-06-30（同花顺财务摘要，累计口径，已还原为单季）；TTM = 上年年报 + 本期累计 − 上年同期累计；程序化情景规则见「研究标准」页，不是目标价。,7.48,6.4,9.6,1.9629629629629621,True,仅字段与算术审计，未完成一手深研,,保留历史筛选；模型未获本轮认证
600875,东方电气,观察,观察：TTM PE 16.6×（行业中位 19.7×），基准 +8% ÷ 悲观 −46% ≈ 0.17:1；最新单季营收 -2.1%、累计毛利率 15.8%,价格 2026-09-30 收盘；财务截至 2026-06-30（同花顺财务摘要，累计口径，已还原为单季）；TTM = 上年年报 + 本期累计 − 上年同期累计；程序化情景规则见「研究标准」页，不是目标价。,23.04,12.4,24.9,0.17481203007518795,True,仅字段与算术审计，未完成一手深研,,保留历史筛选；模型未获本轮认证
600879,航天电子,观察,观察：TTM PE 476.3×（行业中位 19.7×），基准 -92% ÷ 悲观 −98%，不成立（数据稳定性存疑，见劣势）；最新单季营收 -34.8%、累计毛利率 21.9%,价格 2026-09-30 收盘；财务截至 2026-06-30（同花顺财务摘要，累计口径，已还原为单季）；TTM = 上年年报 + 本期累计 − 上年同期累计；程序化情景规则见「研究标准」页，不是目标价。,13.55,0.3,1.1,-0.9396226415094341,True,仅字段与算术审计，未完成一手深研,,保留历史筛选；模型未获本轮认证
600885,宏发股份,观察,观察：TTM PE 25.2×（行业中位 19.7×），基准 +7% ÷ 悲观 −65% ≈ 0.11:1；最新单季营收 +35.5%、累计毛利率 32.7%,价格 2026-09-30 收盘；财务截至 2026-06-30（同花顺财务摘要，累计口径，已还原为单季）；TTM = 上年年报 + 本期累计 − 上年同期累计；程序化情景规则见「研究标准」页，不是目标价。,33.53,11.8,35.9,0.10906580763920835,True,仅字段与算术审计，未完成一手深研,,保留历史筛选；模型未获本轮认证
600886,国投电力,观察,观察：TTM PE 17.2×（行业中位 17.0×），基准 -6% ÷ 悲观 −50%，不成立；最新单季营收 -9.6%、累计毛利率 39.0%,价格 2026-09-30 收盘；财务截至 2026-06-30（同花顺财务摘要，累计口径，已还原为单季）；TTM = 上年年报 + 本期累计 − 上年同期累计；程序化情景规则见「研究标准」页，不是目标价。,15.24,7.7,14.4,-0.11140583554376655,True,仅字段与算术审计，未完成一手深研,,保留历史筛选；模型未获本轮认证
600887,伊利股份,观察,观察：TTM PE 17.0×（行业中位 19.4×），基准 +9% ÷ 悲观 −42% ≈ 0.21:1；最新单季营收 +2.6%、累计毛利率 36.4%,价格 2026-09-30 收盘；财务截至 2026-06-30（同花顺财务摘要，累计口径，已还原为单季）；TTM = 上年年报 + 本期累计 − 上年同期累计；程序化情景规则见「研究标准」页，不是目标价。,27.3,15.8,29.7,0.20869565217391292,True,仅字段与算术审计，未完成一手深研,,保留历史筛选；模型未获本轮认证
600893,航发动力,观察,观察：TTM PE 149.2×（行业中位 19.7×），基准 -68% ÷ 悲观 −94%，不成立（数据稳定性存疑，见劣势）；最新单季营收 +72.4%、累计毛利率 9.1%,价格 2026-09-30 收盘；财务截至 2026-06-30（同花顺财务摘要，累计口径，已还原为单季）；TTM = 上年年报 + 本期累计 − 上年同期累计；程序化情景规则见「研究标准」页，不是目标价。,38.86,2.3,12.5,-0.7210065645514223,True,仅字段与算术审计，未完成一手深研,,保留历史筛选；模型未获本轮认证
600900,长江电力,观察,观察：TTM PE 19.3×（行业中位 17.0×），基准 -5% ÷ 悲观 −55%，不成立；最新单季营收 +0.7%、累计毛利率 57.9%,价格 2026-09-30 收盘；财务截至 2026-06-30（同花顺财务摘要，累计口径，已还原为单季）；TTM = 上年年报 + 本期累计 − 上年同期累计；程序化情景规则见「研究标准」页，不是目标价。,28.54,12.8,27.0,-0.09783989834815751,True,仅字段与算术审计，未完成一手深研,,保留历史筛选；模型未获本轮认证
600901,江苏金租,观察,观察：TTM PE 11.9×（行业中位 9.7×），基准 +2% ÷ 悲观 −61% ≈ 0.03:1；最新单季营收 +17.4%,价格 2026-09-30 收盘；财务截至 2026-06-30（同花顺财务摘要，累计口径，已还原为单季）；TTM = 上年年报 + 本期累计 − 上年同期累计；程序化情景规则见「研究标准」页，不是目标价。,6.94,2.7,7.1,0.0377358490566036,True,仅字段与算术审计，未完成一手深研,,保留历史筛选；模型未获本轮认证
600905,三峡能源,观察,观察：TTM PE 90.0×（行业中位 17.0×），基准 -58% ÷ 悲观 −90%，不成立（数据稳定性存疑，见劣势）；最新单季营收 -9.8%、累计毛利率 35.7%,价格 2026-09-30 收盘；财务截至 2026-06-30（同花顺财务摘要，累计口径，已还原为单季）；TTM = 上年年报 + 本期累计 − 上年同期累计；程序化情景规则见「研究标准」页，不是目标价。,3.52,0.3,1.5,-0.6273291925465838,True,仅字段与算术审计，未完成一手深研,,保留历史筛选；模型未获本轮认证
600906,财达证券,观察,观察：TTM PE 17.6×（行业中位 9.7×），基准 -7% ÷ 悲观 −74%，不成立（数据稳定性存疑，见劣势）；最新单季营收 +78.8%,价格 2026-09-30 收盘；财务截至 2026-06-30（同花顺财务摘要，累计口径，已还原为单季）；TTM = 上年年报 + 本期累计 − 上年同期累计；程序化情景规则见「研究标准」页，不是目标价。,6.29,1.7,5.8,-0.10675381263616562,True,仅字段与算术审计，未完成一手深研,,保留历史筛选；模型未获本轮认证
600909,华安证券,观察,观察：TTM PE 11.5×（行业中位 9.7×），基准 +11% ÷ 悲观 −59% ≈ 0.18:1（数据稳定性存疑，见劣势）；最新单季营收 +156.3%,价格 2026-09-30 收盘；财务截至 2026-06-30（同花顺财务摘要，累计口径，已还原为单季）；TTM = 上年年报 + 本期累计 − 上年同期累计；程序化情景规则见「研究标准」页，不是目标价。,7.77,3.2,8.6,0.1816192560175055,True,仅字段与算术审计，未完成一手深研,,保留历史筛选；模型未获本轮认证
600918,中泰证券,观察,观察：TTM PE 18.3×（行业中位 9.7×），基准 -8% ÷ 悲观 −75%，不成立；最新单季营收 +66.0%,价格 2026-09-30 收盘；财务截至 2026-06-30（同花顺财务摘要，累计口径，已还原为单季）；TTM = 上年年报 + 本期累计 − 上年同期累计；程序化情景规则见「研究标准」页，不是目标价。,5.42,1.4,5.0,-0.1044776119402985,True,仅字段与算术审计，未完成一手深研,,保留历史筛选；模型未获本轮认证
600919,江苏银行,观察,观察：TTM PE 6.7×（行业中位 9.7×），基准 +31% ÷ 悲观 −31% ≈ 1.00:1；最新单季营收 +9.8%,价格 2026-09-30 收盘；财务截至 2026-06-30（同花顺财务摘要，累计口径，已还原为单季）；TTM = 上年年报 + 本期累计 − 上年同期累计；程序化情景规则见「研究标准」页，不是目标价。,12.38,8.6,16.2,1.0105820105820098,True,仅字段与算术审计，未完成一手深研,,保留历史筛选；模型未获本轮认证
600926,杭州银行,条件关注,条件关注：TTM PE 6.1×（行业中位 9.7×），基准 +30% ÷ 悲观 −23% ≈ 1.27:1；最新单季营收 +5.2%,价格 2026-09-30 收盘；财务截至 2026-06-30（同花顺财务摘要，累计口径，已还原为单季）；TTM = 上年年报 + 本期累计 − 上年同期累计；程序化情景规则见「研究标准」页，不是目标价。,17.11,13.1,22.2,1.2693266832917707,True,仅字段与算术审计，未完成一手深研,,保留历史筛选；模型未获本轮认证
600930,华电新能,观察,观察：TTM PE 23.0×（行业中位 17.0×），基准 -9% ÷ 悲观 −62%，不成立；最新单季营收 +6.9%、累计毛利率 39.4%,价格 2026-09-30 收盘；财务截至 2026-06-30（同花顺财务摘要，累计口径，已还原为单季）；TTM = 上年年报 + 本期累计 − 上年同期累计；程序化情景规则见「研究标准」页，不是目标价。,3.88,1.5,3.5,-0.15966386554621845,True,仅字段与算术审计，未完成一手深研,,保留历史筛选；模型未获本轮认证
600938,中国海油,条件关注,条件关注：TTM PE 11.5×（行业中位 17.7×），基准 +47% ÷ 悲观 −35% ≈ 1.34:1；最新单季营收 +25.6%、累计毛利率 53.5%,价格 2026-09-30 收盘；财务截至 2026-06-30（同花顺财务摘要，累计口径，已还原为单季）；TTM = 上年年报 + 本期累计 − 上年同期累计；程序化情景规则见「研究标准」页，不是目标价。,33.42,21.6,49.3,1.3434856175972922,True,仅字段与算术审计，未完成一手深研,,保留历史筛选；模型未获本轮认证
600941,中国移动,条件关注,条件关注：TTM PE 15.7×（行业中位 29.4×），基准 +22% ÷ 悲观 −20% ≈ 1.12:1；最新单季营收 -3.0%、累计毛利率 33.6%,价格 2026-09-30 收盘；财务截至 2026-06-30（同花顺财务摘要，累计口径，已还原为单季）；TTM = 上年年报 + 本期累计 − 上年同期累计；程序化情景规则见「研究标准」页，不是目标价。,95.8,76.6,117.2,1.1145833333333335,True,仅字段与算术审计，未完成一手深研,,保留历史筛选；模型未获本轮认证
600958,东方证券,观察,观察：TTM PE 11.2×（行业中位 9.7×），基准 +12% ÷ 悲观 −58% ≈ 0.20:1；最新单季营收 +32.9%,价格 2026-09-30 收盘；财务截至 2026-06-30（同花顺财务摘要，累计口径，已还原为单季）；TTM = 上年年报 + 本期累计 − 上年同期累计；程序化情景规则见「研究标准」页，不是目标价。,8.65,3.6,9.7,0.2079207920792077,True,仅字段与算术审计，未完成一手深研,,保留历史筛选；模型未获本轮认证
600967,内蒙一机,观察,观察：TTM PE 100.5×（行业中位 19.7×），基准 -62% ÷ 悲观 −91%，不成立（数据稳定性存疑，见劣势）；最新单季营收 -12.2%、累计毛利率 8.0%,价格 2026-09-30 收盘；财务截至 2026-06-30（同花顺财务摘要，累计口径，已还原为单季）；TTM = 上年年报 + 本期累计 − 上年同期累计；程序化情景规则见「研究标准」页，不是目标价。,12.82,1.1,4.8,-0.6843003412969283,True,仅字段与算术审计，未完成一手深研,,保留历史筛选；模型未获本轮认证
600968,海油发展,条件关注,条件关注：TTM PE 10.2×（行业中位 17.7×），基准 +31% ÷ 悲观 −30% ≈ 1.02:1；最新单季营收 +6.5%、累计毛利率 15.6%,价格 2026-09-30 收盘；财务截至 2026-06-30（同花顺财务摘要，累计口径，已还原为单季）；TTM = 上年年报 + 本期累计 − 上年同期累计；程序化情景规则见「研究标准」页，不是目标价。,3.92,2.7,5.1,0.9672131147540983,True,仅字段与算术审计，未完成一手深研,,保留历史筛选；模型未获本轮认证
600970,中材国际,条件关注,条件关注：TTM PE 8.5×（行业中位 19.7×），基准 +27% ÷ 悲观 −25% ≈ 1.07:1；最新单季营收 +2.0%、累计毛利率 16.8%,价格 2026-09-30 收盘；财务截至 2026-06-30（同花顺财务摘要，累计口径，已还原为单季）；TTM = 上年年报 + 本期累计 − 上年同期累计；程序化情景规则见「研究标准」页，不是目标价。,7.72,5.8,9.8,1.083333333333334,True,仅字段与算术审计，未完成一手深研,,保留历史筛选；模型未获本轮认证
600977,中国电影,观察,观察：TTM PE 207.9×（行业中位 29.4×），基准 -82% ÷ 悲观 −93%，不成立（数据稳定性存疑，见劣势）；最新单季营收 -8.7%、累计毛利率 6.4%,价格 2026-09-30 收盘；财务截至 2026-06-30（同花顺财务摘要，累计口径，已还原为单季）；TTM = 上年年报 + 本期累计 − 上年同期累计；程序化情景规则见「研究标准」页，不是目标价。,12.89,0.9,2.4,-0.8748957464553795,True,仅字段与算术审计，未完成一手深研,,保留历史筛选；模型未获本轮认证
600985,淮北矿业,观察,观察：TTM PE 24.9×（行业中位 17.7×），基准 -8% ÷ 悲观 −70%，不成立；最新单季营收 +11.6%、累计毛利率 20.4%,价格 2026-09-30 收盘；财务截至 2026-06-30（同花顺财务摘要，累计口径，已还原为单季）；TTM = 上年年报 + 本期累计 − 上年同期累计；程序化情景规则见「研究标准」页，不是目标价。,15.87,4.7,14.7,-0.10474485228290063,True,仅字段与算术审计，未完成一手深研,,保留历史筛选；模型未获本轮认证
600988,赤峰黄金,观察,观察：TTM PE 19.5×（行业中位 19.4×），基准 +15% ÷ 悲观 −58% ≈ 0.25:1；最新单季营收 +20.9%、累计毛利率 57.5%,价格 2026-09-30 收盘；财务截至 2026-06-30（同花顺财务摘要，累计口径，已还原为单季）；TTM = 上年年报 + 本期累计 − 上年同期累计；程序化情景规则见「研究标准」页，不是目标价。,39.56,16.6,45.3,0.24999999999999978,True,仅字段与算术审计，未完成一手深研,,保留历史筛选；模型未获本轮认证
600995,南网储能,观察,观察：TTM PE 19.2×（行业中位 17.0×），基准 +13% ÷ 悲观 −55% ≈ 0.24:1；最新单季营收 +30.2%、累计毛利率 52.0%,价格 2026-09-30 收盘；财务截至 2026-06-30（同花顺财务摘要，累计口径，已还原为单季）；TTM = 上年年报 + 本期累计 − 上年同期累计；程序化情景规则见「研究标准」页，不是目标价。,11.86,5.4,13.4,0.23839009287925714,True,仅字段与算术审计，未完成一手深研,,保留历史筛选；模型未获本轮认证
600998,九州通,条件关注,条件关注：TTM PE 12.9×（行业中位 20.2×），基准 +33% ÷ 悲观 −23% ≈ 1.42:1；最新单季营收 +8.7%、累计毛利率 7.8%,价格 2026-09-30 收盘；财务截至 2026-06-30（同花顺财务摘要，累计口径，已还原为单季）；TTM = 上年年报 + 本期累计 − 上年同期累计；程序化情景规则见「研究标准」页，不是目标价。,5.05,3.9,6.7,1.4347826086956526,True,仅字段与算术审计，未完成一手深研,,保留历史筛选；模型未获本轮认证
600999,招商证券,观察,观察：TTM PE 8.8×（行业中位 9.7×），基准 +26% ÷ 悲观 −47% ≈ 0.56:1（数据稳定性存疑，见劣势）；最新单季营收 +157.1%,价格 2026-09-30 收盘；财务截至 2026-06-30（同花顺财务摘要，累计口径，已还原为单季）；TTM = 上年年报 + 本期累计 − 上年同期累计；程序化情景规则见「研究标准」页，不是目标价。,17.07,9.1,21.6,0.5683814303638646,True,仅字段与算术审计，未完成一手深研,,保留历史筛选；模型未获本轮认证
601000,唐山港,条件关注,条件关注：TTM PE 12.9×（行业中位 19.7×），基准 +32% ÷ 悲观 −31% ≈ 1.04:1；最新单季营收 +8.6%、累计毛利率 49.8%,价格 2026-09-30 收盘；财务截至 2026-06-30（同花顺财务摘要，累计口径，已还原为单季）；TTM = 上年年报 + 本期累计 − 上年同期累计；程序化情景规则见「研究标准」页，不是目标价。,4.62,3.2,6.1,1.0422535211267603,True,仅字段与算术审计，未完成一手深研,,保留历史筛选；模型未获本轮认证
601001,晋控煤业,观察,观察：TTM PE 17.2×（行业中位 17.7×），基准 -4% ÷ 悲观 −57%，不成立；最新单季营收 -13.2%、累计毛利率 35.6%,价格 2026-09-30 收盘；财务截至 2026-06-30（同花顺财务摘要，累计口径，已还原为单季）；TTM = 上年年报 + 本期累计 − 上年同期累计；程序化情景规则见「研究标准」页，不是目标价。,17.21,7.4,16.6,-0.06218144750254836,True,仅字段与算术审计，未完成一手深研,,保留历史筛选；模型未获本轮认证
601006,大秦铁路,条件关注,条件关注：TTM PE 11.1×（行业中位 19.7×），基准 +32% ÷ 悲观 −25% ≈ 1.28:1；最新单季营收 +7.9%、累计毛利率 12.9%,价格 2026-09-30 收盘；财务截至 2026-06-30（同花顺财务摘要，累计口径，已还原为单季）；TTM = 上年年报 + 本期累计 − 上年同期累计；程序化情景规则见「研究标准」页，不是目标价。,4.74,3.6,6.3,1.3684210526315785,True,仅字段与算术审计，未完成一手深研,,保留历史筛选；模型未获本轮认证
601009,南京银行,条件关注,条件关注：TTM PE 6.5×（行业中位 9.7×），基准 +32% ÷ 悲观 −28% ≈ 1.12:1；最新单季营收 +8.4%,价格 2026-09-30 收盘；财务截至 2026-06-30（同花顺财务摘要，累计口径，已还原为单季）；TTM = 上年年报 + 本期累计 − 上年同期累计；程序化情景规则见「研究标准」页，不是目标价。,11.98,8.6,15.8,1.1301775147928992,True,仅字段与算术审计，未完成一手深研,,保留历史筛选；模型未获本轮认证
601012,隆基绿能,回避,回避：TTM 亏损，PE 不适用；最新单季营收 -17.3%、累计毛利率 1.3%,价格 2026-09-30 收盘；财务截至 2026-06-30（同花顺财务摘要，累计口径，已还原为单季）；TTM = 上年年报 + 本期累计 − 上年同期累计；程序化情景规则见「研究标准」页，不是目标价。,11.21,,,,True,仅字段与算术审计，未完成一手深研,,保留历史筛选；模型未获本轮认证
601016,节能风电,观察,观察：TTM PE 32.6×（行业中位 17.0×），基准 -27% ÷ 悲观 −73%，不成立；最新单季营收 -6.2%、累计毛利率 39.8%,价格 2026-09-30 收盘；财务截至 2026-06-30（同花顺财务摘要，累计口径，已还原为单季）；TTM = 上年年报 + 本期累计 − 上年同期累计；程序化情景规则见「研究标准」页，不是目标价。,3.26,0.9,2.4,-0.3644067796610169,True,仅字段与算术审计，未完成一手深研,,保留历史筛选；模型未获本轮认证
601018,宁波港,条件关注,条件关注：TTM PE 13.2×（行业中位 19.7×），基准 +34% ÷ 悲观 −33% ≈ 1.02:1；最新单季营收 +10.2%、累计毛利率 28.2%,价格 2026-09-30 收盘；财务截至 2026-06-30（同花顺财务摘要，累计口径，已还原为单季）；TTM = 上年年报 + 本期累计 − 上年同期累计；程序化情景规则见「研究标准」页，不是目标价。,3.53,2.4,4.7,1.035398230088496,True,仅字段与算术审计，未完成一手深研,,保留历史筛选；模型未获本轮认证
601019,山东出版,观察,观察：TTM PE 8.7×（行业中位 29.4×），基准 +19% ÷ 悲观 −20% ≈ 0.94:1；最新单季营收 -17.2%、累计毛利率 38.4%,价格 2026-09-30 收盘；财务截至 2026-06-30（同花顺财务摘要，累计口径，已还原为单季）；TTM = 上年年报 + 本期累计 − 上年同期累计；程序化情景规则见「研究标准」页，不是目标价。,6.84,5.5,8.1,0.9402985074626865,True,仅字段与算术审计，未完成一手深研,,保留历史筛选；模型未获本轮认证
601021,春秋航空,观察,观察：TTM PE 18.1×（行业中位 19.7×），基准 +23% ÷ 悲观 −51% ≈ 0.46:1（数据稳定性存疑，见劣势）；最新单季营收 +25.6%、累计毛利率 10.4%,价格 2026-09-30 收盘；财务截至 2026-06-30（同花顺财务摘要，累计口径，已还原为单季）；TTM = 上年年报 + 本期累计 − 上年同期累计；程序化情景规则见「研究标准」页，不是目标价。,40.76,20.0,50.2,0.4547206165703278,True,仅字段与算术审计，未完成一手深研,,保留历史筛选；模型未获本轮认证
601058,赛轮轮胎,条件关注,条件关注：TTM PE 11.2×（行业中位 17.8×），基准 +38% ÷ 悲观 −26% ≈ 1.48:1；最新单季营收 +15.1%、累计毛利率 27.0%,价格 2026-09-30 收盘；财务截至 2026-06-30（同花顺财务摘要，累计口径，已还原为单季）；TTM = 上年年报 + 本期累计 − 上年同期累计；程序化情景规则见「研究标准」页，不是目标价。,13.24,9.8,18.3,1.47093023255814,True,仅字段与算术审计，未完成一手深研,,保留历史筛选；模型未获本轮认证
601059,信达证券,观察,观察：TTM PE 27.7×（行业中位 9.7×），基准 -20% ÷ 悲观 −83%，不成立；最新单季营收 +25.5%,价格 2026-09-14 收盘；财务截至 2026-06-30（同花顺财务摘要，累计口径，已还原为单季）；TTM = 上年年报 + 本期累计 − 上年同期累计；程序化情景规则见「研究标准」页，不是目标价。,15.56,2.6,12.4,-0.24382716049382716,True,仅字段与算术审计，未完成一手深研,,保留历史筛选；模型未获本轮认证
601066,中信建投,观察,观察：TTM PE 15.9×（行业中位 9.7×），基准 -3% ÷ 悲观 −71%，不成立；最新单季营收 +42.3%,价格 2026-09-30 收盘；财务截至 2026-06-30（同花顺财务摘要，累计口径，已还原为单季）；TTM = 上年年报 + 本期累计 − 上年同期累计；程序化情景规则见「研究标准」页，不是目标价。,23.03,6.8,22.3,-0.04497843499691931,True,仅字段与算术审计，未完成一手深研,,保留历史筛选；模型未获本轮认证
601077,渝农商行,条件关注,条件关注：TTM PE 6.2×（行业中位 9.7×），基准 +31% ÷ 悲观 −24% ≈ 1.29:1；最新单季营收 +7.3%,价格 2026-09-30 收盘；财务截至 2026-06-30（同花顺财务摘要，累计口径，已还原为单季）；TTM = 上年年报 + 本期累计 − 上年同期累计；程序化情景规则见「研究标准」页，不是目标价。,6.71,5.1,8.8,1.298136645962733,True,仅字段与算术审计，未完成一手深研,,保留历史筛选；模型未获本轮认证
601088,中国神华,观察,观察：TTM PE 17.6×（行业中位 17.7×），基准 +9% ÷ 悲观 −58% ≈ 0.15:1；最新单季营收 +12.4%、累计毛利率 35.5%,价格 2026-09-30 收盘；财务截至 2026-06-30（同花顺财务摘要，累计口径，已还原为单季）；TTM = 上年年报 + 本期累计 − 上年同期累计；程序化情景规则见「研究标准」页，不是目标价。,47.8,20.2,52.1,0.15579710144927553,True,仅字段与算术审计，未完成一手深研,,保留历史筛选；模型未获本轮认证
601098,中南传媒,观察,观察：TTM PE 12.2×（行业中位 29.4×），基准 +19% ÷ 悲观 −20% ≈ 0.94:1；最新单季营收 -16.0%、累计毛利率 47.9%,价格 2026-09-30 收盘；财务截至 2026-06-30（同花顺财务摘要，累计口径，已还原为单季）；TTM = 上年年报 + 本期累计 − 上年同期累计；程序化情景规则见「研究标准」页，不是目标价。,10.27,8.2,12.2,0.9323671497584538,True,仅字段与算术审计，未完成一手深研,,保留历史筛选；模型未获本轮认证
601099,太平洋,观察,观察：TTM PE 101.0×（行业中位 9.7×），基准 -52% ÷ 悲观 −95%，不成立（数据稳定性存疑，见劣势）；最新单季营收 +42.3%,价格 2026-09-30 收盘；财务截至 2026-06-30（同花顺财务摘要，累计口径，已还原为单季）；TTM = 上年年报 + 本期累计 − 上年同期累计；程序化情景规则见「研究标准」页，不是目标价。,3.46,0.2,1.6,-0.5705521472392638,True,仅字段与算术审计，未完成一手深研,,保留历史筛选；模型未获本轮认证
601106,中国一重,回避,回避：TTM 亏损，PE 不适用；最新单季营收 -22.8%、累计毛利率 15.8%,价格 2026-09-30 收盘；财务截至 2026-06-30（同花顺财务摘要，累计口径，已还原为单季）；TTM = 上年年报 + 本期累计 − 上年同期累计；程序化情景规则见「研究标准」页，不是目标价。,2.95,,,,True,仅字段与算术审计，未完成一手深研,,保留历史筛选；模型未获本轮认证
601108,财通证券,观察,观察：TTM PE 10.9×（行业中位 9.7×），基准 +13% ÷ 悲观 −57% ≈ 0.23:1；最新单季营收 +42.6%,价格 2026-09-30 收盘；财务截至 2026-06-30（同花顺财务摘要，累计口径，已还原为单季）；TTM = 上年年报 + 本期累计 − 上年同期累计；程序化情景规则见「研究标准」页，不是目标价。,8.15,3.5,9.2,0.22580645161290297,True,仅字段与算术审计，未完成一手深研,,保留历史筛选；模型未获本轮认证
601111,中国国航,回避,回避：TTM 亏损，PE 不适用；最新单季营收 +9.8%、累计毛利率 0.4%,价格 2026-09-30 收盘；财务截至 2026-06-30（同花顺财务摘要，累计口径，已还原为单季）；TTM = 上年年报 + 本期累计 − 上年同期累计；程序化情景规则见「研究标准」页，不是目标价。,5.91,,,,True,仅字段与算术审计，未完成一手深研,,保留历史筛选；模型未获本轮认证
601112,振石股份,观察,观察：TTM PE 29.2×（行业中位 19.4×），基准 -8% ÷ 悲观 −72%，不成立；最新单季营收 +14.2%、累计毛利率 22.1%,价格 2026-09-30 收盘；财务截至 2026-06-30（同花顺财务摘要，累计口径，已还原为单季）；TTM = 上年年报 + 本期累计 − 上年同期累计；程序化情景规则见「研究标准」页，不是目标价。,15.82,4.4,14.5,-0.11558669001751316,True,仅字段与算术审计，未完成一手深研,,保留历史筛选；模型未获本轮认证
601117,中国化学,观察,观察：TTM PE 6.7×（行业中位 19.7×），基准 +24% ÷ 悲观 −25% ≈ 0.96:1；最新单季营收 -1.0%、累计毛利率 10.0%,价格 2026-09-30 收盘；财务截至 2026-06-30（同花顺财务摘要，累计口径，已还原为单季）；TTM = 上年年报 + 本期累计 − 上年同期累计；程序化情景规则见「研究标准」页，不是目标价。,7.17,5.4,8.9,0.9774011299435033,True,仅字段与算术审计，未完成一手深研,,保留历史筛选；模型未获本轮认证
601118,海南橡胶,回避,回避：TTM 亏损，PE 不适用；最新单季营收 -28.6%、累计毛利率 3.4%,价格 2026-09-30 收盘；财务截至 2026-06-30（同花顺财务摘要，累计口径，已还原为单季）；TTM = 上年年报 + 本期累计 − 上年同期累计；程序化情景规则见「研究标准」页，不是目标价。,6.37,,,,True,仅字段与算术审计，未完成一手深研,,保留历史筛选；模型未获本轮认证
601128,常熟银行,条件关注,条件关注：TTM PE 4.7×（行业中位 9.7×），基准 +55% ÷ 悲观 −15% ≈ 3.69:1；最新单季营收 +5.4%,价格 2026-09-30 收盘；财务截至 2026-06-30（同花顺财务摘要，累计口径，已还原为单季）；TTM = 上年年报 + 本期累计 − 上年同期累计；程序化情景规则见「研究标准」页，不是目标价。,6.26,5.3,9.7,3.583333333333333,True,待一手核实,6.26,观察（待证据）：保留原经营研究方向，旧赔率未认证
601136,首创证券,观察,观察：TTM PE 30.4×（行业中位 9.7×），基准 -27% ÷ 悲观 −85%，不成立；最新单季营收 +14.9%,价格 2026-09-30 收盘；财务截至 2026-06-30（同花顺财务摘要，累计口径，已还原为单季）；TTM = 上年年报 + 本期累计 − 上年同期累计；程序化情景规则见「研究标准」页，不是目标价。,13.89,2.1,10.1,-0.3214588634435963,True,仅字段与算术审计，未完成一手深研,,保留历史筛选；模型未获本轮认证
601139,深圳燃气,观察,观察：TTM PE 11.6×（行业中位 17.0×），基准 +24% ÷ 悲观 −25% ≈ 0.95:1；最新单季营收 +0.7%、累计毛利率 15.8%,价格 2026-09-30 收盘；财务截至 2026-06-30（同花顺财务摘要，累计口径，已还原为单季）；TTM = 上年年报 + 本期累计 − 上年同期累计；程序化情景规则见「研究标准」页，不是目标价。,6.25,4.7,7.7,0.9354838709677421,True,仅字段与算术审计，未完成一手深研,,保留历史筛选；模型未获本轮认证
601155,新城控股,观察,观察：TTM PE 46.0×（行业中位 19.7×），基准 -32% ÷ 悲观 −82%，不成立（数据稳定性存疑，见劣势）；最新单季营收 -16.5%、累计毛利率 33.1%,价格 2026-09-30 收盘；财务截至 2026-06-30（同花顺财务摘要，累计口径，已还原为单季）；TTM = 上年年报 + 本期累计 − 上年同期累计；程序化情景规则见「研究标准」页，不是目标价。,12.87,2.3,8.7,-0.3945127719962157,True,仅字段与算术审计，未完成一手深研,,保留历史筛选；模型未获本轮认证
601156,东航物流,条件关注,条件关注：TTM PE 10.4×（行业中位 19.7×），基准 +50% ÷ 悲观 −25% ≈ 2.00:1；最新单季营收 +34.1%、累计毛利率 15.7%,价格 2026-09-30 收盘；财务截至 2026-06-30（同花顺财务摘要，累计口径，已还原为单季）；TTM = 上年年报 + 本期累计 − 上年同期累计；程序化情景规则见「研究标准」页，不是目标价。,18.39,13.8,27.6,2.0065359477124187,True,待一手核实,18.39,观察（待证据）：保留原经营研究方向，旧赔率未认证
601162,天风证券,观察,观察：TTM PE 110.5×（行业中位 9.7×），基准 -57% ÷ 悲观 −96%，不成立（数据稳定性存疑，见劣势）；最新单季营收 +95.7%,价格 2026-09-30 收盘；财务截至 2026-06-30（同花顺财务摘要，累计口径，已还原为单季）；TTM = 上年年报 + 本期累计 − 上年同期累计；程序化情景规则见「研究标准」页，不是目标价。,3.56,0.1,1.5,-0.5953757225433526,True,仅字段与算术审计，未完成一手深研,,保留历史筛选；模型未获本轮认证
601166,兴业银行,条件关注,条件关注：TTM PE 5.4×（行业中位 9.7×），基准 +31% ÷ 悲观 −20% ≈ 1.56:1；最新单季营收 +0.6%,价格 2026-09-30 收盘；财务截至 2026-06-30（同花顺财务摘要，累计口径，已还原为单季）；TTM = 上年年报 + 本期累计 − 上年同期累计；程序化情景规则见「研究标准」页，不是目标价。,18.05,14.4,23.7,1.5479452054794516,True,仅字段与算术审计，未完成一手深研,,保留历史筛选；模型未获本轮认证
601169,北京银行,观察,观察：TTM PE 5.8×（行业中位 9.7×），基准 +23% ÷ 悲观 −20% ≈ 1.13:1（数据稳定性存疑，见劣势）；最新单季营收 -2.3%,价格 2026-09-30 收盘；财务截至 2026-06-30（同花顺财务摘要，累计口径，已还原为单季）；TTM = 上年年报 + 本期累计 − 上年同期累计；程序化情景规则见「研究标准」页，不是目标价。,5.57,4.4,6.8,1.0512820512820509,True,仅字段与算术审计，未完成一手深研,,保留历史筛选；模型未获本轮认证
601179,中国西电,观察,观察：TTM PE 43.4×（行业中位 19.7×），基准 -22% ÷ 悲观 −80%，不成立；最新单季营收 +10.5%、累计毛利率 24.5%,价格 2026-09-30 收盘；财务截至 2026-06-30（同花顺财务摘要，累计口径，已还原为单季）；TTM = 上年年报 + 本期累计 − 上年同期累计；程序化情景规则见「研究标准」页，不是目标价。,11.61,2.4,9.1,-0.2725298588490771,True,仅字段与算术审计，未完成一手深研,,保留历史筛选；模型未获本轮认证
601186,中国铁建,观察,观察：TTM PE 5.7×（行业中位 19.7×），基准 +19% ÷ 悲观 −25% ≈ 0.75:1；最新单季营收 -15.3%、累计毛利率 10.9%,价格 2026-09-30 收盘；财务截至 2026-06-30（同花顺财务摘要，累计口径，已还原为单季）；TTM = 上年年报 + 本期累计 − 上年同期累计；程序化情景规则见「研究标准」页，不是目标价。,6.02,4.5,7.1,0.7105263157894739,True,仅字段与算术审计，未完成一手深研,,保留历史筛选；模型未获本轮认证
601198,东兴证券,观察,观察：TTM PE 18.4×（行业中位 9.7×），基准 -8% ÷ 悲观 −75%，不成立；最新单季营收 +30.9%,价格 2026-09-14 收盘；财务截至 2026-06-30（同花顺财务摘要，累计口径，已还原为单季）；TTM = 上年年报 + 本期累计 − 上年同期累计；程序化情景规则见「研究标准」页，不是目标价。,13.06,3.3,12.0,-0.10860655737704922,True,仅字段与算术审计，未完成一手深研,,保留历史筛选；模型未获本轮认证
601211,国泰海通,观察,观察：TTM PE 8.3×（行业中位 9.7×），基准 +30% ÷ 悲观 −44% ≈ 0.67:1（数据稳定性存疑，见劣势）；最新单季营收 +126.5%,价格 2026-09-30 收盘；财务截至 2026-06-30（同花顺财务摘要，累计口径，已还原为单季）；TTM = 上年年报 + 本期累计 − 上年同期累计；程序化情景规则见「研究标准」页，不是目标价。,16.87,9.4,21.9,0.6733601070950465,True,仅字段与算术审计，未完成一手深研,,保留历史筛选；模型未获本轮认证
601212,白银有色,回避,回避：TTM 亏损，PE 不适用；最新单季营收 -1.0%、累计毛利率 10.6%,价格 2026-09-30 收盘；财务截至 2026-06-30（同花顺财务摘要，累计口径，已还原为单季）；TTM = 上年年报 + 本期累计 − 上年同期累计；程序化情景规则见「研究标准」页，不是目标价。,5.65,,,,True,仅字段与算术审计，未完成一手深研,,保留历史筛选；模型未获本轮认证
601216,君正集团,观察,观察：TTM PE 12.5×（行业中位 19.4×），基准 +30% ÷ 悲观 −35% ≈ 0.86:1；最新单季营收 +5.4%、累计毛利率 20.7%,价格 2026-09-30 收盘；财务截至 2026-06-30（同花顺财务摘要，累计口径，已还原为单季）；TTM = 上年年报 + 本期累计 − 上年同期累计；程序化情景规则见「研究标准」页，不是目标价。,4.54,3.0,5.9,0.8831168831168833,True,仅字段与算术审计，未完成一手深研,,保留历史筛选；模型未获本轮认证
601225,陕西煤业,观察,观察：TTM PE 12.4×（行业中位 17.7×），基准 +26% ÷ 悲观 −40% ≈ 0.66:1；最新单季营收 +5.6%、累计毛利率 33.4%,价格 2026-09-30 收盘；财务截至 2026-06-30（同花顺财务摘要，累计口径，已还原为单季）；TTM = 上年年报 + 本期累计 − 上年同期累计；程序化情景规则见「研究标准」页，不是目标价。,26.03,15.6,32.9,0.6586768935762221,True,仅字段与算术审计，未完成一手深研,,保留历史筛选；模型未获本轮认证
601228,广州港,观察,观察：TTM PE 28.4×（行业中位 19.7×），基准 -14% ÷ 悲观 −69%，不成立；最新单季营收 +2.6%、累计毛利率 24.2%,价格 2026-09-30 收盘；财务截至 2026-06-30（同花顺财务摘要，累计口径，已还原为单季）；TTM = 上年年报 + 本期累计 − 上年同期累计；程序化情景规则见「研究标准」页，不是目标价。,3.11,1.0,2.7,-0.19431279620853067,True,仅字段与算术审计，未完成一手深研,,保留历史筛选；模型未获本轮认证
601229,上海银行,条件关注,条件关注：TTM PE 5.9×（行业中位 9.7×），基准 +31% ÷ 悲观 −21% ≈ 1.47:1；最新单季营收 +6.7%,价格 2026-09-30 收盘；财务截至 2026-06-30（同花顺财务摘要，累计口径，已还原为单季）；TTM = 上年年报 + 本期累计 − 上年同期累计；程序化情景规则见「研究标准」页，不是目标价。,9.75,7.7,12.8,1.487804878048781,True,仅字段与算术审计，未完成一手深研,,保留历史筛选；模型未获本轮认证
601233,桐昆股份,条件关注,条件关注：TTM PE 10.5×（行业中位 19.4×），基准 +41% ÷ 悲观 −30% ≈ 1.38:1；最新单季营收 +18.6%、累计毛利率 10.0%,价格 2026-09-30 收盘；财务截至 2026-06-30（同花顺财务摘要，累计口径，已还原为单季）；TTM = 上年年报 + 本期累计 − 上年同期累计；程序化情景规则见「研究标准」页，不是目标价。,22.73,15.9,32.1,1.3718887262079065,True,仅字段与算术审计，未完成一手深研,,保留历史筛选；模型未获本轮认证
601236,红塔证券,观察,观察：TTM PE 31.1×（行业中位 9.7×），基准 -38% ÷ 悲观 −85%，不成立（数据稳定性存疑，见劣势）；最新单季营收 -7.1%,价格 2026-09-30 收盘；财务截至 2026-06-30（同花顺财务摘要，累计口径，已还原为单季）；TTM = 上年年报 + 本期累计 − 上年同期累计；程序化情景规则见「研究标准」页，不是目标价。,7.01,1.1,4.4,-0.4416243654822334,True,仅字段与算术审计，未完成一手深研,,保留历史筛选；模型未获本轮认证
601238,广汽集团,回避,回避：TTM 亏损，PE 不适用；最新单季营收 +15.6%、累计毛利率 -1.1%,价格 2026-09-30 收盘；财务截至 2026-06-30（同花顺财务摘要，累计口径，已还原为单季）；TTM = 上年年报 + 本期累计 − 上年同期累计；程序化情景规则见「研究标准」页，不是目标价。,5.84,,,,True,仅字段与算术审计，未完成一手深研,,保留历史筛选；模型未获本轮认证
601288,农业银行,观察,观察：TTM PE 8.7×（行业中位 9.7×），基准 +14% ÷ 悲观 −47% ≈ 0.30:1；最新单季营收 +11.7%,价格 2026-09-30 收盘；财务截至 2026-06-30（同花顺财务摘要，累计口径，已还原为单季）；TTM = 上年年报 + 本期累计 − 上年同期累计；程序化情景规则见「研究标准」页，不是目标价。,6.97,3.7,8.0,0.3149847094801224,True,仅字段与算术审计，未完成一手深研,,保留历史筛选；模型未获本轮认证
601298,青岛港,条件关注,条件关注：TTM PE 12.6×（行业中位 19.7×），基准 +38% ÷ 悲观 −30% ≈ 1.28:1；最新单季营收 +14.6%、累计毛利率 41.3%,价格 2026-09-30 收盘；财务截至 2026-06-30（同花顺财务摘要，累计口径，已还原为单季）；TTM = 上年年报 + 本期累计 − 上年同期累计；程序化情景规则见「研究标准」页，不是目标价。,10.06,7.1,13.9,1.297297297297297,True,仅字段与算术审计，未完成一手深研,,保留历史筛选；模型未获本轮认证
601318,中国平安,条件关注,条件关注：TTM PE 4.7×（行业中位 9.7×），基准 +78% ÷ 悲观 −15% ≈ 5.11:1；最新单季营收 +33.5%,价格 2026-09-30 收盘；财务截至 2026-06-30（同花顺财务摘要，累计口径，已还原为单季）；TTM = 上年年报 + 本期累计 − 上年同期累计；程序化情景规则见「研究标准」页，不是目标价。,53.29,45.2,94.8,5.131025957972808,True,公司公告核实,53.29,营运改善保留研究优先级；旧EPS与PE模型待重建
601319,中国人保,观察,观察：TTM PE 6.2×（行业中位 9.7×），基准 +45% ÷ 悲观 −25% ≈ 1.83:1（数据稳定性存疑，见劣势）；最新单季营收 +23.4%,价格 2026-09-30 收盘；财务截至 2026-06-30（同花顺财务摘要，累计口径，已还原为单季）；TTM = 上年年报 + 本期累计 − 上年同期累计；程序化情景规则见「研究标准」页，不是目标价。,7.98,6.0,11.6,1.8282828282828274,True,仅字段与算术审计，未完成一手深研,,保留历史筛选；模型未获本轮认证
601328,交通银行,观察,观察：TTM PE 7.0×（行业中位 9.7×），基准 +26% ÷ 悲观 −34% ≈ 0.77:1；最新单季营收 +8.6%,价格 2026-09-30 收盘；财务截至 2026-06-30（同花顺财务摘要，累计口径，已还原为单季）；TTM = 上年年报 + 本期累计 − 上年同期累计；程序化情景规则见「研究标准」页，不是目标价。,7.75,5.1,9.8,0.7735849056603775,True,仅字段与算术审计，未完成一手深研,,保留历史筛选；模型未获本轮认证
601336,新华保险,观察,观察：悲观情景价高于现价，赔率无意义，数据或假设需复核（TTM PE 4.0×）；最新单季营收 +66.8%,价格 2026-09-30 收盘；财务截至 2026-06-30（同花顺财务摘要，累计口径，已还原为单季）；TTM = 上年年报 + 本期累计 − 上年同期累计；程序化情景规则见「研究标准」页，不是目标价。,56.35,56.8,119.2,,True,仅字段与算术审计，未完成一手深研,,保留历史筛选；模型未获本轮认证
601360,三六零,观察,观察：TTM PE 113.5×（行业中位 42.5×），基准 -62% ÷ 悲观 −83%，不成立；最新单季营收 +10.1%、累计毛利率 69.7%,价格 2026-09-30 收盘；财务截至 2026-06-30（同花顺财务摘要，累计口径，已还原为单季）；TTM = 上年年报 + 本期累计 − 上年同期累计；程序化情景规则见「研究标准」页，不是目标价。,8.95,1.5,3.4,-0.7449664429530201,True,仅字段与算术审计，未完成一手深研,,保留历史筛选；模型未获本轮认证
601377,兴业证券,观察,观察：TTM PE 14.0×（行业中位 9.7×），基准 +2% ÷ 悲观 −67% ≈ 0.02:1；最新单季营收 +33.1%,价格 2026-09-30 收盘；财务截至 2026-06-30（同花顺财务摘要，累计口径，已还原为单季）；TTM = 上年年报 + 本期累计 − 上年同期累计；程序化情景规则见「研究标准」页，不是目标价。,5.72,1.9,5.8,0.02094240837696337,True,仅字段与算术审计，未完成一手深研,,保留历史筛选；模型未获本轮认证
601390,中国中铁,观察,观察：TTM PE 5.9×（行业中位 19.7×），基准 +19% ÷ 悲观 −25% ≈ 0.75:1；最新单季营收 -9.8%、累计毛利率 8.7%,价格 2026-09-30 收盘；财务截至 2026-06-30（同花顺财务摘要，累计口径，已还原为单季）；TTM = 上年年报 + 本期累计 − 上年同期累计；程序化情景规则见「研究标准」页，不是目标价。,4.33,3.2,5.1,0.6814159292035395,True,仅字段与算术审计，未完成一手深研,,保留历史筛选；模型未获本轮认证
601398,工商银行,观察,观察：TTM PE 8.2×（行业中位 9.7×），基准 +17% ÷ 悲观 −43% ≈ 0.40:1；最新单季营收 +9.9%,价格 2026-09-30 收盘；财务截至 2026-06-30（同花顺财务摘要，累计口径，已还原为单季）；TTM = 上年年报 + 本期累计 − 上年同期累计；程序化情景规则见「研究标准」页，不是目标价。,8.28,4.7,9.7,0.3966480446927375,True,仅字段与算术审计，未完成一手深研,,保留历史筛选；模型未获本轮认证
601399,国机重装,观察,观察：TTM PE 47.1×（行业中位 19.7×），基准 -29% ÷ 悲观 −81%，不成立；最新单季营收 +0.8%、累计毛利率 15.5%,价格 2026-09-30 收盘；财务截至 2026-06-30（同花顺财务摘要，累计口径，已还原为单季）；TTM = 上年年报 + 本期累计 − 上年同期累计；程序化情景规则见「研究标准」页，不是目标价。,3.15,0.6,2.2,-0.37254901960784303,True,仅字段与算术审计，未完成一手深研,,保留历史筛选；模型未获本轮认证
601456,国联民生,观察,观察：TTM PE 20.7×（行业中位 9.7×），基准 -21% ÷ 悲观 −77%，不成立（数据稳定性存疑，见劣势）；最新单季营收 +10.8%,价格 2026-09-30 收盘；财务截至 2026-06-30（同花顺财务摘要，累计口径，已还原为单季）；TTM = 上年年报 + 本期累计 − 上年同期累计；程序化情景规则见「研究标准」页，不是目标价。,8.51,1.9,6.7,-0.2738275340393343,True,仅字段与算术审计，未完成一手深研,,保留历史筛选；模型未获本轮认证
601555,东吴证券,观察,观察：TTM PE 10.1×（行业中位 9.7×），基准 +18% ÷ 悲观 −54% ≈ 0.33:1；最新单季营收 +71.0%,价格 2026-09-30 收盘；财务截至 2026-06-30（同花顺财务摘要，累计口径，已还原为单季）；TTM = 上年年报 + 本期累计 − 上年同期累计；程序化情景规则见「研究标准」页，不是目标价。,8.13,3.8,9.6,0.33949191685912206,True,仅字段与算术审计，未完成一手深研,,保留历史筛选；模型未获本轮认证
601567,三星电气,观察,观察：TTM PE 16.8×（行业中位 19.7×），基准 +3% ÷ 悲观 −47% ≈ 0.07:1；最新单季营收 -7.3%、累计毛利率 24.8%,价格 2026-09-30 收盘；财务截至 2026-06-30（同花顺财务摘要，累计口径，已还原为单季）；TTM = 上年年报 + 本期累计 − 上年同期累计；程序化情景规则见「研究标准」页，不是目标价。,13.67,7.2,14.1,0.06646058732612052,True,仅字段与算术审计，未完成一手深研,,保留历史筛选；模型未获本轮认证
601577,长沙银行,条件关注,条件关注：TTM PE 4.9×（行业中位 9.7×），基准 +45% ÷ 悲观 −18% ≈ 2.46:1；最新单季营收 +2.3%,价格 2026-09-30 收盘；财务截至 2026-06-30（同花顺财务摘要，累计口径，已还原为单季）；TTM = 上年年报 + 本期累计 − 上年同期累计；程序化情景规则见「研究标准」页，不是目标价。,9.71,7.9,14.1,2.425414364640883,True,原件定位，指标待核,9.71,观察：除息与金融估值口径待重建
601598,中国外运,观察,观察：TTM PE 12.5×（行业中位 19.7×），基准 +19% ÷ 悲观 −29% ≈ 0.65:1；最新单季营收 -6.9%、累计毛利率 6.5%,价格 2026-09-30 收盘；财务截至 2026-06-30（同花顺财务摘要，累计口径，已还原为单季）；TTM = 上年年报 + 本期累计 − 上年同期累计；程序化情景规则见「研究标准」页，不是目标价。,6.61,4.7,7.9,0.675392670157068,True,仅字段与算术审计，未完成一手深研,,保留历史筛选；模型未获本轮认证
601600,中国铝业,条件关注,条件关注：TTM PE 8.8×（行业中位 19.4×），基准 +34% ÷ 悲观 −30% ≈ 1.14:1；最新单季营收 +10.4%、累计毛利率 26.9%,价格 2026-09-30 收盘；财务截至 2026-06-30（同花顺财务摘要，累计口径，已还原为单季）；TTM = 上年年报 + 本期累计 − 上年同期累计；程序化情景规则见「研究标准」页，不是目标价。,8.93,6.3,12.0,1.167300380228137,True,仅字段与算术审计，未完成一手深研,,保留历史筛选；模型未获本轮认证
601601,中国太保,条件关注,条件关注：TTM PE 5.3×（行业中位 9.7×），基准 +43% ÷ 悲观 −20% ≈ 2.16:1；最新单季营收 +12.0%,价格 2026-09-30 收盘；财务截至 2026-06-30（同花顺财务摘要，累计口径，已还原为单季）；TTM = 上年年报 + 本期累计 − 上年同期累计；程序化情景规则见「研究标准」页，不是目标价。,31.06,24.8,44.5,2.1469648562300327,True,官网定位，指标待核,31.06,观察：寿险改P-EV及营运利润专项复核
601607,上海医药,条件关注,条件关注：TTM PE 12.6×（行业中位 20.2×），基准 +27% ÷ 悲观 −22% ≈ 1.24:1；最新单季营收 +1.9%、累计毛利率 11.0%,价格 2026-09-30 收盘；财务截至 2026-06-30（同花顺财务摘要，累计口径，已还原为单季）；TTM = 上年年报 + 本期累计 − 上年同期累计；程序化情景规则见「研究标准」页，不是目标价。,16.22,12.7,20.6,1.2443181818181828,True,仅字段与算术审计，未完成一手深研,,保留历史筛选；模型未获本轮认证
601608,中信重工,观察,观察：TTM PE 55.1×（行业中位 19.7×），基准 -31% ÷ 悲观 −84%，不成立；最新单季营收 +1.8%、累计毛利率 19.9%,价格 2026-09-30 收盘；财务截至 2026-06-30（同花顺财务摘要，累计口径，已还原为单季）；TTM = 上年年报 + 本期累计 − 上年同期累计；程序化情景规则见「研究标准」页，不是目标价。,4.59,0.7,3.2,-0.3573264781491002,True,仅字段与算术审计，未完成一手深研,,保留历史筛选；模型未获本轮认证
601611,中国核建,观察,观察：TTM PE 34.3×（行业中位 19.7×），基准 -25% ÷ 悲观 −74%，不成立；最新单季营收 -12.4%、累计毛利率 9.7%,价格 2026-09-30 收盘；财务截至 2026-06-30（同花顺财务摘要，累计口径，已还原为单季）；TTM = 上年年报 + 本期累计 − 上年同期累计；程序化情景规则见「研究标准」页，不是目标价。,10.08,2.6,7.5,-0.3449197860962567,True,仅字段与算术审计，未完成一手深研,,保留历史筛选；模型未获本轮认证
601615,明阳智能,观察,观察：TTM PE 136.7×（行业中位 19.7×），基准 -72% ÷ 悲观 −94%，不成立（数据稳定性存疑，见劣势）；最新单季营收 -11.3%、累计毛利率 11.4%,价格 2026-09-30 收盘；财务截至 2026-06-30（同花顺财务摘要，累计口径，已还原为单季）；TTM = 上年年报 + 本期累计 − 上年同期累计；程序化情景规则见「研究标准」页，不是目标价。,9.77,0.6,2.7,-0.7709923664122137,True,仅字段与算术审计，未完成一手深研,,保留历史筛选；模型未获本轮认证
601618,中国中冶,观察,观察：TTM PE 141.3×（行业中位 19.7×），基准 -73% ÷ 悲观 −94%，不成立（数据稳定性存疑，见劣势）；最新单季营收 -27.4%、累计毛利率 9.8%,价格 2026-09-30 收盘；财务截至 2026-06-30（同花顺财务摘要，累计口径，已还原为单季）；TTM = 上年年报 + 本期累计 − 上年同期累计；程序化情景规则见「研究标准」页，不是目标价。,2.54,0.2,0.7,-0.7863247863247864,True,仅字段与算术审计，未完成一手深研,,保留历史筛选；模型未获本轮认证
601628,中国人寿,观察,观察：TTM PE 4.2×（行业中位 9.7×），基准 +101% ÷ 悲观 −4% ≈ 22.57:1（数据稳定性存疑，见劣势）；最新单季营收 +164.2%,价格 2026-09-30 收盘；财务截至 2026-06-30（同花顺财务摘要，累计口径，已还原为单季）；TTM = 上年年报 + 本期累计 − 上年同期累计；程序化情景规则见「研究标准」页，不是目标价。,36.7,35.1,73.6,23.062499999999975,True,待一手核实,36.7,观察：旧23.06倍来自过窄悲观端
601658,邮储银行,观察,观察：TTM PE 7.3×（行业中位 9.7×），基准 +22% ÷ 悲观 −36% ≈ 0.61:1；最新单季营收 +6.9%,价格 2026-09-30 收盘；财务截至 2026-06-30（同花顺财务摘要，累计口径，已还原为单季）；TTM = 上年年报 + 本期累计 − 上年同期累计；程序化情景规则见「研究标准」页，不是目标价。,5.46,3.5,6.7,0.6326530612244899,True,仅字段与算术审计，未完成一手深研,,保留历史筛选；模型未获本轮认证
601665,齐鲁银行,条件关注,条件关注：TTM PE 6.6×（行业中位 9.7×），基准 +30% ÷ 悲观 −30% ≈ 1.03:1；最新单季营收 +8.4%,价格 2026-09-30 收盘；财务截至 2026-06-30（同花顺财务摘要，累计口径，已还原为单季）；TTM = 上年年报 + 本期累计 − 上年同期累计；程序化情景规则见「研究标准」页，不是目标价。,7.13,5.0,9.3,1.0187793427230052,True,仅字段与算术审计，未完成一手深研,,保留历史筛选；模型未获本轮认证
601666,平煤股份,观察,观察：TTM PE 75.3×（行业中位 17.7×），基准 -37% ÷ 悲观 −90%，不成立（数据稳定性存疑，见劣势）；最新单季营收 +25.9%、累计毛利率 16.3%,价格 2026-09-30 收盘；财务截至 2026-06-30（同花顺财务摘要，累计口径，已还原为单季）；TTM = 上年年报 + 本期累计 − 上年同期累计；程序化情景规则见「研究标准」页，不是目标价。,8.82,0.9,5.5,-0.4191919191919192,True,仅字段与算术审计，未完成一手深研,,保留历史筛选；模型未获本轮认证
601668,中国建筑,观察,观察：TTM PE 5.7×（行业中位 19.7×），基准 +19% ÷ 悲观 −25% ≈ 0.75:1；最新单季营收 -16.1%、累计毛利率 12.9%,价格 2026-09-30 收盘；财务截至 2026-06-30（同花顺财务摘要，累计口径，已还原为单季）；TTM = 上年年报 + 本期累计 − 上年同期累计；程序化情景规则见「研究标准」页，不是目标价。,4.34,3.3,5.2,0.8269230769230772,True,仅字段与算术审计，未完成一手深研,,保留历史筛选；模型未获本轮认证
601669,中国电建,观察,观察：TTM PE 10.3×（行业中位 19.7×），基准 +22% ÷ 悲观 −25% ≈ 0.87:1；最新单季营收 -3.7%、累计毛利率 11.0%,价格 2026-09-30 收盘；财务截至 2026-06-30（同花顺财务摘要，累计口径，已还原为单季）；TTM = 上年年报 + 本期累计 − 上年同期累计；程序化情景规则见「研究标准」页，不是目标价。,4.57,3.4,5.6,0.8803418803418795,True,仅字段与算术审计，未完成一手深研,,保留历史筛选；模型未获本轮认证
601688,华泰证券,观察,观察：TTM PE 8.2×（行业中位 9.7×），基准 +31% ÷ 悲观 −43% ≈ 0.71:1；最新单季营收 +49.5%,价格 2026-09-30 收盘；财务截至 2026-06-30（同花顺财务摘要，累计口径，已还原为单季）；TTM = 上年年报 + 本期累计 − 上年同期累计；程序化情景规则见「研究标准」页，不是目标价。,17.8,10.1,23.3,0.7142857142857142,True,仅字段与算术审计，未完成一手深研,,保留历史筛选；模型未获本轮认证
601696,中银证券,观察,观察：TTM PE 24.6×（行业中位 9.7×），基准 -16% ÷ 悲观 −81%，不成立；最新单季营收 +32.9%,价格 2026-09-30 收盘；财务截至 2026-06-30（同花顺财务摘要，累计口径，已还原为单季）；TTM = 上年年报 + 本期累计 − 上年同期累计；程序化情景规则见「研究标准」页，不是目标价。,10.96,2.1,9.2,-0.19864559819413108,True,仅字段与算术审计，未完成一手深研,,保留历史筛选；模型未获本轮认证
601698,中国卫通,观察,观察：TTM PE 255.9×（行业中位 29.4×），基准 -84% ÷ 悲观 −94%，不成立；最新单季营收 +0.7%、累计毛利率 22.8%,价格 2026-09-30 收盘；财务截至 2026-06-30（同花顺财务摘要，累计口径，已还原为单季）；TTM = 上年年报 + 本期累计 − 上年同期累计；程序化情景规则见「研究标准」页，不是目标价。,22.6,1.2,3.6,-0.8878504672897195,True,仅字段与算术审计，未完成一手深研,,保留历史筛选；模型未获本轮认证
601699,潞安环能,观察,观察：TTM PE 29.4×（行业中位 17.7×），基准 -15% ÷ 悲观 −75%，不成立（数据稳定性存疑，见劣势）；最新单季营收 +9.1%、累计毛利率 40.1%,价格 2026-09-30 收盘；财务截至 2026-06-30（同花顺财务摘要，累计口径，已还原为单季）；TTM = 上年年报 + 本期累计 − 上年同期累计；程序化情景规则见「研究标准」页，不是目标价。,15.09,3.8,12.8,-0.20283436669619126,True,仅字段与算术审计，未完成一手深研,,保留历史筛选；模型未获本轮认证
601717,中创智领,观察,观察：TTM PE 6.9×（行业中位 19.7×），基准 +19% ÷ 悲观 −25% ≈ 0.75:1；最新单季营收 -9.7%、累计毛利率 19.8%,价格 2026-09-30 收盘；财务截至 2026-06-30（同花顺财务摘要，累计口径，已还原为单季）；TTM = 上年年报 + 本期累计 − 上年同期累计；程序化情景规则见「研究标准」页，不是目标价。,13.35,10.0,15.9,0.7611940298507466,True,仅字段与算术审计，未完成一手深研,,保留历史筛选；模型未获本轮认证
601727,上海电气,观察,观察：TTM PE 73.5×（行业中位 19.7×），基准 -37% ÷ 悲观 −88%，不成立；最新单季营收 +21.7%、累计毛利率 18.3%,价格 2026-09-30 收盘；财务截至 2026-06-30（同花顺财务摘要，累计口径，已还原为单季）；TTM = 上年年报 + 本期累计 − 上年同期累计；程序化情景规则见「研究标准」页，不是目标价。,6.44,0.8,4.0,-0.4326241134751773,True,仅字段与算术审计，未完成一手深研,,保留历史筛选；模型未获本轮认证
601728,中国电信,观察,观察：TTM PE 19.5×（行业中位 29.4×），基准 +20% ÷ 悲观 −27% ≈ 0.74:1；最新单季营收 -5.4%、累计毛利率 29.8%,价格 2026-09-30 收盘；财务截至 2026-06-30（同花顺财务摘要，累计口径，已还原为单季）；TTM = 上年年报 + 本期累计 − 上年同期累计；程序化情景规则见「研究标准」页，不是目标价。,6.28,4.6,7.6,0.785714285714285,True,仅字段与算术审计，未完成一手深研,,保留历史筛选；模型未获本轮认证
601766,中国中车,条件关注,条件关注：TTM PE 12.7×（行业中位 19.7×），基准 +33% ÷ 悲观 −30% ≈ 1.10:1；最新单季营收 +9.5%、累计毛利率 22.3%,价格 2026-09-30 收盘；财务截至 2026-06-30（同花顺财务摘要，累计口径，已还原为单季）；TTM = 上年年报 + 本期累计 − 上年同期累计；程序化情景规则见「研究标准」页，不是目标价。,6.19,4.3,8.3,1.1164021164021163,True,仅字段与算术审计，未完成一手深研,,保留历史筛选；模型未获本轮认证
601788,光大证券,观察,观察：TTM PE 16.3×（行业中位 9.7×），基准 -13% ÷ 悲观 −72%，不成立；最新单季营收 +13.4%,价格 2026-09-30 收盘；财务截至 2026-06-30（同花顺财务摘要，累计口径，已还原为单季）；TTM = 上年年报 + 本期累计 − 上年同期累计；程序化情景规则见「研究标准」页，不是目标价。,13.68,3.9,11.9,-0.18200408997955006,True,仅字段与算术审计，未完成一手深研,,保留历史筛选；模型未获本轮认证
601799,星宇股份,观察,观察：TTM PE 12.6×（行业中位 17.8×），基准 +16% ÷ 悲观 −34% ≈ 0.46:1；最新单季营收 -5.7%、累计毛利率 18.8%,价格 2026-09-30 收盘；财务截至 2026-06-30（同花顺财务摘要，累计口径，已还原为单季）；TTM = 上年年报 + 本期累计 − 上年同期累计；程序化情景规则见「研究标准」页，不是目标价。,70.33,46.4,81.3,0.45842039281236935,True,仅字段与算术审计，未完成一手深研,,保留历史筛选；模型未获本轮认证
601800,中国交建,观察,观察：TTM PE 8.3×（行业中位 19.7×），基准 +23% ÷ 悲观 −25% ≈ 0.90:1；最新单季营收 -2.8%、累计毛利率 9.8%,价格 2026-09-30 收盘；财务截至 2026-06-30（同花顺财务摘要，累计口径，已还原为单季）；TTM = 上年年报 + 本期累计 − 上年同期累计；程序化情景规则见「研究标准」页，不是目标价。,5.94,4.5,7.3,0.9444444444444438,True,仅字段与算术审计，未完成一手深研,,保留历史筛选；模型未获本轮认证
601808,中海油服,观察,观察：TTM PE 15.0×（行业中位 17.7×），基准 +9% ÷ 悲观 −51% ≈ 0.17:1；最新单季营收 -0.2%、累计毛利率 18.5%,价格 2026-09-30 收盘；财务截至 2026-06-30（同花顺财务摘要，累计口径，已还原为单季）；TTM = 上年年报 + 本期累计 − 上年同期累计；程序化情景规则见「研究标准」页，不是目标价。,12.22,6.0,13.3,0.17363344051446944,True,仅字段与算术审计，未完成一手深研,,保留历史筛选；模型未获本轮认证
601816,京沪高铁,观察,观察：TTM PE 17.1×（行业中位 19.7×），基准 +11% ÷ 悲观 −48% ≈ 0.23:1；最新单季营收 +4.6%、累计毛利率 45.4%,价格 2026-09-30 收盘；财务截至 2026-06-30（同花顺财务摘要，累计口径，已还原为单季）；TTM = 上年年报 + 本期累计 − 上年同期累计；程序化情景规则见「研究标准」页，不是目标价。,4.76,2.5,5.3,0.23893805309734517,True,仅字段与算术审计，未完成一手深研,,保留历史筛选；模型未获本轮认证
601818,光大银行,观察,观察：TTM PE 6.2×（行业中位 9.7×），基准 +21% ÷ 悲观 −25% ≈ 0.84:1；最新单季营收 -4.8%,价格 2026-09-30 收盘；财务截至 2026-06-30（同花顺财务摘要，累计口径，已还原为单季）；TTM = 上年年报 + 本期累计 − 上年同期累计；程序化情景规则见「研究标准」页，不是目标价。,3.04,2.3,3.7,0.8918918918918918,True,仅字段与算术审计，未完成一手深研,,保留历史筛选；模型未获本轮认证
601825,沪农商行,观察,观察：TTM PE 6.7×（行业中位 9.7×），基准 +24% ÷ 悲观 −30% ≈ 0.80:1；最新单季营收 +2.4%,价格 2026-09-30 收盘；财务截至 2026-06-30（同花顺财务摘要，累计口径，已还原为单季）；TTM = 上年年报 + 本期累计 − 上年同期累计；程序化情景规则见「研究标准」页，不是目标价。,8.61,6.0,10.7,0.8007662835249043,True,仅字段与算术审计，未完成一手深研,,保留历史筛选；模型未获本轮认证
601838,成都银行,条件关注,条件关注：TTM PE 6.2×（行业中位 9.7×），基准 +27% ÷ 悲观 −24% ≈ 1.09:1；最新单季营收 +1.9%,价格 2026-09-30 收盘；财务截至 2026-06-30（同花顺财务摘要，累计口径，已还原为单季）；TTM = 上年年报 + 本期累计 − 上年同期累计；程序化情景规则见「研究标准」页，不是目标价。,19.31,14.6,24.5,1.1019108280254781,True,仅字段与算术审计，未完成一手深研,,保留历史筛选；模型未获本轮认证
601857,中国石油,条件关注,条件关注：TTM PE 11.7×（行业中位 17.7×），基准 +37% ÷ 悲观 −36% ≈ 1.01:1；最新单季营收 +13.5%、累计毛利率 20.9%,价格 2026-09-30 收盘；财务截至 2026-06-30（同花顺财务摘要，累计口径，已还原为单季）；TTM = 上年年报 + 本期累计 − 上年同期累计；程序化情景规则见「研究标准」页，不是目标价。,11.21,7.1,15.3,0.9951338199513379,True,仅字段与算术审计，未完成一手深研,,保留历史筛选；模型未获本轮认证
601865,福莱特,观察,观察：TTM PE 60.3×（行业中位 19.7×），基准 -37% ÷ 悲观 −85%，不成立（数据稳定性存疑，见劣势）；最新单季营收 -18.2%、累计毛利率 8.2%,价格 2026-09-30 收盘；财务截至 2026-06-30（同花顺财务摘要，累计口径，已还原为单季）；TTM = 上年年报 + 本期累计 − 上年同期累计；程序化情景规则见「研究标准」页，不是目标价。,9.22,1.4,5.8,-0.4373401534526855,True,仅字段与算术审计，未完成一手深研,,保留历史筛选；模型未获本轮认证
601866,中远海发,观察,观察：TTM PE 19.7×（行业中位 19.7×），基准 +8% ÷ 悲观 −55% ≈ 0.15:1；最新单季营收 +11.6%、累计毛利率 15.4%,价格 2026-09-30 收盘；财务截至 2026-06-30（同花顺财务摘要，累计口径，已还原为单季）；TTM = 上年年报 + 本期累计 − 上年同期累计；程序化情景规则见「研究标准」页，不是目标价。,2.44,1.1,2.6,0.11940298507462699,True,仅字段与算术审计，未完成一手深研,,保留历史筛选；模型未获本轮认证
601868,中国能建,观察,观察：TTM PE 20.2×（行业中位 19.7×），基准 -5% ÷ 悲观 −56%，不成立；最新单季营收 -4.9%、累计毛利率 11.3%,价格 2026-09-30 收盘；财务截至 2026-06-30（同花顺财务摘要，累计口径，已还原为单季）；TTM = 上年年报 + 本期累计 − 上年同期累计；程序化情景规则见「研究标准」页，不是目标价。,2.39,1.1,2.3,-0.06976744186046535,True,仅字段与算术审计，未完成一手深研,,保留历史筛选；模型未获本轮认证
601869,长飞光纤,观察,观察：TTM PE 98.1×（行业中位 29.4×），基准 -51% ÷ 悲观 −86%，不成立（数据稳定性存疑，见劣势）；最新单季营收 +75.2%、累计毛利率 53.4%,价格 2026-09-30 收盘；财务截至 2026-06-30（同花顺财务摘要，累计口径，已还原为单季）；TTM = 上年年报 + 本期累计 − 上年同期累计；程序化情景规则见「研究标准」页，不是目标价。,411.16,59.2,201.1,-0.5968291851346744,True,仅字段与算术审计，未完成一手深研,,保留历史筛选；模型未获本轮认证
601872,招商轮船,观察,观察：TTM PE 15.0×（行业中位 19.7×），基准 +39% ÷ 悲观 −41% ≈ 0.95:1；最新单季营收 +58.7%、累计毛利率 45.0%,价格 2026-09-30 收盘；财务截至 2026-06-30（同花顺财务摘要，累计口径，已还原为单季）；TTM = 上年年报 + 本期累计 − 上年同期累计；程序化情景规则见「研究标准」页，不是目标价。,20.15,11.9,28.0,0.9515151515151519,True,仅字段与算术审计，未完成一手深研,,保留历史筛选；模型未获本轮认证
601877,正泰电器,条件关注,条件关注：TTM PE 10.5×（行业中位 19.7×），基准 +35% ÷ 悲观 −25% ≈ 1.39:1；最新单季营收 +11.2%、累计毛利率 23.5%,价格 2026-09-30 收盘；财务截至 2026-06-30（同花顺财务摘要，累计口径，已还原为单季）；TTM = 上年年报 + 本期累计 − 上年同期累计；程序化情景规则见「研究标准」页，不是目标价。,24.95,18.7,33.6,1.3840000000000003,True,仅字段与算术审计，未完成一手深研,,保留历史筛选；模型未获本轮认证
601878,浙商证券,观察,观察：TTM PE 14.2×（行业中位 9.7×），基准 +1% ÷ 悲观 −67% ≈ 0.01:1（数据稳定性存疑，见劣势）；最新单季营收 +56.0%,价格 2026-09-30 收盘；财务截至 2026-06-30（同花顺财务摘要，累计口径，已还原为单季）；TTM = 上年年报 + 本期累计 − 上年同期累计；程序化情景规则见「研究标准」页，不是目标价。,8.97,2.9,9.1,0.021416803953871334,True,仅字段与算术审计，未完成一手深研,,保留历史筛选；模型未获本轮认证
601880,辽港股份,观察,观察：TTM PE 23.5×（行业中位 19.7×），基准 -13% ÷ 悲观 −62%，不成立；最新单季营收 -13.3%、累计毛利率 30.4%,价格 2026-09-30 收盘；财务截至 2026-06-30（同花顺财务摘要，累计口径，已还原为单季）；TTM = 上年年报 + 本期累计 − 上年同期累计；程序化情景规则见「研究标准」页，不是目标价。,1.47,0.6,1.3,-0.19540229885057464,True,仅字段与算术审计，未完成一手深研,,保留历史筛选；模型未获本轮认证
601881,中国银河,观察,观察：TTM PE 10.2×（行业中位 9.7×），基准 +17% ÷ 悲观 −54% ≈ 0.31:1；最新单季营收 +28.5%,价格 2026-09-30 收盘；财务截至 2026-06-30（同花顺财务摘要，累计口径，已还原为单季）；TTM = 上年年报 + 本期累计 − 上年同期累计；程序化情景规则见「研究标准」页，不是目标价。,11.59,5.3,13.6,0.3195548489666136,True,仅字段与算术审计，未完成一手深研,,保留历史筛选；模型未获本轮认证
601888,中国中免,观察,观察：TTM PE 26.0×（行业中位 17.8×），基准 -19% ÷ 悲观 −68%，不成立（数据稳定性存疑，见劣势）；最新单季营收 -5.8%、累计毛利率 33.9%,价格 2026-09-30 收盘；财务截至 2026-06-30（同花顺财务摘要，累计口径，已还原为单季）；TTM = 上年年报 + 本期累计 − 上年同期累计；程序化情景规则见「研究标准」页，不是目标价。,51.44,16.4,41.5,-0.28367579908675794,True,仅字段与算术审计，未完成一手深研,,保留历史筛选；模型未获本轮认证
601898,中煤能源,条件关注,条件关注：TTM PE 10.0×（行业中位 17.7×），基准 +32% ÷ 悲观 −30% ≈ 1.07:1；最新单季营收 +8.0%、累计毛利率 26.9%,价格 2026-09-30 收盘；财务截至 2026-06-30（同花顺财务摘要，累计口径，已还原为单季）；TTM = 上年年报 + 本期累计 − 上年同期累计；程序化情景规则见「研究标准」页，不是目标价。,13.8,9.7,18.2,1.0731707317073162,True,仅字段与算术审计，未完成一手深研,,保留历史筛选；模型未获本轮认证
601899,紫金矿业,条件关注,条件关注：TTM PE 11.7×（行业中位 19.4×），基准 +32% ÷ 悲观 −30% ≈ 1.05:1；最新单季营收 +7.8%、累计毛利率 37.8%,价格 2026-09-30 收盘；财务截至 2026-06-30（同花顺财务摘要，累计口径，已还原为单季）；TTM = 上年年报 + 本期累计 − 上年同期累计；程序化情景规则见「研究标准」页，不是目标价。,29.79,20.8,39.3,1.057842046718576,True,仅字段与算术审计，未完成一手深研,,保留历史筛选；模型未获本轮认证
601901,方正证券,观察,观察：TTM PE 12.2×（行业中位 9.7×），基准 +8% ÷ 悲观 −62% ≈ 0.12:1（数据稳定性存疑，见劣势）；最新单季营收 +46.0%,价格 2026-09-30 收盘；财务截至 2026-06-30（同花顺财务摘要，累计口径，已还原为单季）；TTM = 上年年报 + 本期累计 − 上年同期累计；程序化情景规则见「研究标准」页，不是目标价。,6.71,2.6,7.2,0.11922141119221417,True,仅字段与算术审计，未完成一手深研,,保留历史筛选；模型未获本轮认证
601916,浙商银行,观察,观察：TTM PE 6.5×（行业中位 9.7×），基准 +25% ÷ 悲观 −28% ≈ 0.88:1；最新单季营收 -0.5%,价格 2026-09-30 收盘；财务截至 2026-06-30（同花顺财务摘要，累计口径，已还原为单季）；TTM = 上年年报 + 本期累计 − 上年同期累计；程序化情景规则见「研究标准」页，不是目标价。,2.88,2.1,3.6,0.9230769230769236,True,仅字段与算术审计，未完成一手深研,,保留历史筛选；模型未获本轮认证
601919,中远海控,条件关注,条件关注：TTM PE 9.5×（行业中位 19.7×），基准 +40% ÷ 悲观 −25% ≈ 1.62:1；最新单季营收 +17.6%、累计毛利率 18.3%,价格 2026-09-30 收盘；财务截至 2026-06-30（同花顺财务摘要，累计口径，已还原为单季）；TTM = 上年年报 + 本期累计 − 上年同期累计；程序化情景规则见「研究标准」页，不是目标价。,16.37,12.3,23.0,1.6289926289926286,True,仅字段与算术审计，未完成一手深研,,保留历史筛选；模型未获本轮认证
601928,凤凰传媒,观察,观察：TTM PE 16.2×（行业中位 29.4×），基准 +19% ÷ 悲观 −20% ≈ 0.94:1；最新单季营收 -17.3%、累计毛利率 37.3%,价格 2026-09-30 收盘；财务截至 2026-06-30（同花顺财务摘要，累计口径，已还原为单季）；TTM = 上年年报 + 本期累计 − 上年同期累计；程序化情景规则见「研究标准」页，不是目标价。,8.34,6.7,9.9,0.9512195121951225,True,仅字段与算术审计，未完成一手深研,,保留历史筛选；模型未获本轮认证
601939,建设银行,观察,观察：TTM PE 8.3×（行业中位 9.7×），基准 +16% ÷ 悲观 −44% ≈ 0.36:1；最新单季营收 +10.3%,价格 2026-09-30 收盘；财务截至 2026-06-30（同花顺财务摘要，累计口径，已还原为单季）；TTM = 上年年报 + 本期累计 − 上年同期累计；程序化情景规则见「研究标准」页，不是目标价。,11.06,6.2,12.8,0.3580246913580247,True,仅字段与算术审计，未完成一手深研,,保留历史筛选；模型未获本轮认证
601958,金钼股份,观察,观察：TTM PE 17.7×（行业中位 19.4×），基准 +6% ÷ 悲观 −54% ≈ 0.12:1；最新单季营收 +2.3%、累计毛利率 42.0%,价格 2026-09-30 收盘；财务截至 2026-06-30（同花顺财务摘要，累计口径，已还原为单季）；TTM = 上年年报 + 本期累计 − 上年同期累计；程序化情景规则见「研究标准」页，不是目标价。,19.37,8.9,20.6,0.11747851002865332,True,仅字段与算术审计，未完成一手深研,,保留历史筛选；模型未获本轮认证
601966,玲珑轮胎,观察,观察：TTM PE 24.8×（行业中位 17.8×），基准 -9% ÷ 悲观 −66%，不成立；最新单季营收 +9.2%、累计毛利率 15.8%,价格 2026-09-30 收盘；财务截至 2026-06-30（同花顺财务摘要，累计口径，已还原为单季）；TTM = 上年年报 + 本期累计 − 上年同期累计；程序化情景规则见「研究标准」页，不是目标价。,10.49,3.5,9.6,-0.12732474964234627,True,仅字段与算术审计，未完成一手深研,,保留历史筛选；模型未获本轮认证
601985,中国核电,观察,观察：TTM PE 25.6×（行业中位 17.0×），基准 -20% ÷ 悲观 −66%，不成立；最新单季营收 -5.9%、累计毛利率 36.5%,价格 2026-09-30 收盘；财务截至 2026-06-30（同花顺财务摘要，累计口径，已还原为单季）；TTM = 上年年报 + 本期累计 − 上年同期累计；程序化情景规则见「研究标准」页，不是目标价。,9.07,3.1,7.2,-0.3132328308207705,True,仅字段与算术审计，未完成一手深研,,保留历史筛选；模型未获本轮认证
601988,中国银行,观察,观察：TTM PE 8.9×（行业中位 9.7×），基准 +11% ÷ 悲观 −48% ≈ 0.23:1；最新单季营收 +8.5%,价格 2026-09-30 收盘；财务截至 2026-06-30（同花顺财务摘要，累计口径，已还原为单季）；TTM = 上年年报 + 本期累计 − 上年同期累计；程序化情景规则见「研究标准」页，不是目标价。,6.73,3.5,7.5,0.2383900928792568,True,仅字段与算术审计，未完成一手深研,,保留历史筛选；模型未获本轮认证
601990,南京证券,观察,观察：TTM PE 19.5×（行业中位 9.7×），基准 -10% ÷ 悲观 −76%，不成立（数据稳定性存疑，见劣势）；最新单季营收 +41.6%,价格 2026-09-30 收盘；财务截至 2026-06-30（同花顺财务摘要，累计口径，已还原为单季）；TTM = 上年年报 + 本期累计 − 上年同期累计；程序化情景规则见「研究标准」页，不是目标价。,6.58,1.6,5.9,-0.13654618473895574,True,仅字段与算术审计，未完成一手深研,,保留历史筛选；模型未获本轮认证
601991,大唐发电,条件关注,条件关注：TTM PE 11.7×（行业中位 17.0×），基准 +26% ÷ 悲观 −26% ≈ 1.01:1；最新单季营收 +4.3%、累计毛利率 19.3%,价格 2026-09-30 收盘；财务截至 2026-06-30（同花顺财务摘要，累计口径，已还原为单季）；TTM = 上年年报 + 本期累计 − 上年同期累计；程序化情景规则见「研究标准」页，不是目标价。,5.31,3.9,6.7,0.9858156028368801,True,仅字段与算术审计，未完成一手深研,,保留历史筛选；模型未获本轮认证
601995,中金公司,观察,观察：TTM PE 11.7×（行业中位 9.7×），基准 +10% ÷ 悲观 −60% ≈ 0.16:1；最新单季营收 +47.4%,价格 2026-09-30 收盘；财务截至 2026-06-30（同花顺财务摘要，累计口径，已还原为单季）；TTM = 上年年报 + 本期累计 − 上年同期累计；程序化情景规则见「研究标准」页，不是目标价。,30.63,12.2,33.6,0.1611502984264787,True,仅字段与算术审计，未完成一手深研,,保留历史筛选；模型未获本轮认证
601997,贵阳银行,条件关注,条件关注：TTM PE 4.2×（行业中位 9.7×），基准 +76% ÷ 悲观 −4% ≈ 17.15:1；最新单季营收 +7.6%,价格 2026-09-30 收盘；财务截至 2026-06-30（同花顺财务摘要，累计口径，已还原为单季）；TTM = 上年年报 + 本期累计 − 上年同期累计；程序化情景规则见「研究标准」页，不是目标价。,5.61,5.4,9.9,20.42857142857143,True,待一手核实,5.61,观察：旧20.43倍来自过窄悲观端
601998,中信银行,观察,观察：TTM PE 7.5×（行业中位 9.7×），基准 +16% ÷ 悲观 −38% ≈ 0.42:1；最新单季营收 +1.0%,价格 2026-09-30 收盘；财务截至 2026-06-30（同花顺财务摘要，累计口径，已还原为单季）；TTM = 上年年报 + 本期累计 − 上年同期累计；程序化情景规则见「研究标准」页，不是目标价。,9.1,5.7,10.5,0.4117647058823531,True,仅字段与算术审计，未完成一手深研,,保留历史筛选；模型未获本轮认证
603000,人民网,观察,观察：TTM PE 76.3×（行业中位 29.4×），基准 -46% ÷ 悲观 −82%，不成立（数据稳定性存疑，见劣势）；最新单季营收 +4.3%、累计毛利率 39.3%,价格 2026-09-30 收盘；财务截至 2026-06-30（同花顺财务摘要，累计口径，已还原为单季）；TTM = 上年年报 + 本期累计 − 上年同期累计；程序化情景规则见「研究标准」页，不是目标价。,16.51,3.1,8.9,-0.5674869500372857,True,仅字段与算术审计，未完成一手深研,,保留历史筛选；模型未获本轮认证
603049,中策橡胶,条件关注,条件关注：TTM PE 8.6×（行业中位 17.8×），基准 +33% ÷ 悲观 −22% ≈ 1.52:1；最新单季营收 +9.5%、累计毛利率 20.8%,价格 2026-09-30 收盘；财务截至 2026-06-30（同花顺财务摘要，累计口径，已还原为单季）；TTM = 上年年报 + 本期累计 − 上年同期累计；程序化情景规则见「研究标准」页，不是目标价。,43.96,34.3,58.6,1.5155279503105585,True,仅字段与算术审计，未完成一手深研,,保留历史筛选；模型未获本轮认证
603077,和邦生物,回避,回避：TTM 亏损，PE 不适用；最新单季营收 -31.7%、累计毛利率 28.9%,价格 2026-09-30 收盘；财务截至 2026-06-30（同花顺财务摘要，累计口径，已还原为单季）；TTM = 上年年报 + 本期累计 − 上年同期累计；程序化情景规则见「研究标准」页，不是目标价。,2.19,,,,True,仅字段与算术审计，未完成一手深研,,保留历史筛选；模型未获本轮认证
603087,甘李药业,观察,观察：TTM PE 39.9×（行业中位 20.2×），基准 -12% ÷ 悲观 −75%，不成立；最新单季营收 +24.3%、累计毛利率 74.1%,价格 2026-09-30 收盘；财务截至 2026-06-30（同花顺财务摘要，累计口径，已还原为单季）；TTM = 上年年报 + 本期累计 − 上年同期累计；程序化情景规则见「研究标准」页，不是目标价。,77.4,19.2,68.2,-0.1580756013745705,True,仅字段与算术审计，未完成一手深研,,保留历史筛选；模型未获本轮认证
603092,德力佳,观察,观察：TTM PE 20.7×（行业中位 19.7×），基准 -7% ÷ 悲观 −57%，不成立；最新单季营收 -9.7%、累计毛利率 24.4%,价格 2026-09-30 收盘；财务截至 2026-06-30（同花顺财务摘要，累计口径，已还原为单季）；TTM = 上年年报 + 本期累计 − 上年同期累计；程序化情景规则见「研究标准」页，不是目标价。,48.19,20.7,44.7,-0.12695525645689323,True,仅字段与算术审计，未完成一手深研,,保留历史筛选；模型未获本轮认证
603119,浙江荣泰,观察,观察：TTM PE 62.3×（行业中位 17.8×），基准 -23% ÷ 悲观 −87%，不成立；最新单季营收 +70.6%、累计毛利率 36.6%,价格 2026-09-30 收盘；财务截至 2026-06-30（同花顺财务摘要，累计口径，已还原为单季）；TTM = 上年年报 + 本期累计 − 上年同期累计；程序化情景规则见「研究标准」页，不是目标价。,52.6,7.0,40.5,-0.2653508771929825,True,仅字段与算术审计，未完成一手深研,,保留历史筛选；模型未获本轮认证
603129,春风动力,观察,观察：TTM PE 25.2×（行业中位 17.8×），基准 +2% ÷ 悲观 −67% ≈ 0.03:1；最新单季营收 +43.2%、累计毛利率 27.3%,价格 2026-09-30 收盘；财务截至 2026-06-30（同花顺财务摘要，累计口径，已还原为单季）；TTM = 上年年报 + 本期累计 − 上年同期累计；程序化情景规则见「研究标准」页，不是目标价。,287.06,94.8,293.8,0.03505669406012696,True,仅字段与算术审计，未完成一手深研,,保留历史筛选；模型未获本轮认证
603156,养元饮品,观察,观察：TTM PE 40.1×（行业中位 19.4×），基准 -11% ÷ 悲观 −75%，不成立（数据稳定性存疑，见劣势）；最新单季营收 +55.9%、累计毛利率 41.4%,价格 2026-09-30 收盘；财务截至 2026-06-30（同花顺财务摘要，累计口径，已还原为单季）；TTM = 上年年报 + 本期累计 − 上年同期累计；程序化情景规则见「研究标准」页，不是目标价。,43.63,10.7,38.8,-0.14667476465229287,True,仅字段与算术审计，未完成一手深研,,保留历史筛选；模型未获本轮认证
603160,汇顶科技,观察,观察：TTM PE 37.2×（行业中位 42.5×），基准 +2% ÷ 悲观 −49% ≈ 0.04:1；最新单季营收 -7.8%、累计毛利率 40.7%,价格 2026-09-30 收盘；财务截至 2026-06-30（同花顺财务摘要，累计口径，已还原为单季）；TTM = 上年年报 + 本期累计 − 上年同期累计；程序化情景规则见「研究标准」页，不是目标价。,53.19,27.4,54.1,0.035284994183792315,True,仅字段与算术审计，未完成一手深研,,保留历史筛选；模型未获本轮认证
603175,超颖电子,回避,回避：TTM 亏损，PE 不适用；最新单季营收 +38.6%、累计毛利率 15.2%,价格 2026-09-30 收盘；财务截至 2026-06-30（同花顺财务摘要，累计口径，已还原为单季）；TTM = 上年年报 + 本期累计 − 上年同期累计；程序化情景规则见「研究标准」页，不是目标价。,104.45,,,,True,仅字段与算术审计，未完成一手深研,,保留历史筛选；模型未获本轮认证
603179,新泉股份,观察,观察：TTM PE 24.6×（行业中位 17.8×），基准 -7% ÷ 悲观 −66%，不成立；最新单季营收 +11.1%、累计毛利率 20.1%,价格 2026-09-30 收盘；财务截至 2026-06-30（同花顺财务摘要，累计口径，已还原为单季）；TTM = 上年年报 + 本期累计 − 上年同期累计；程序化情景规则见「研究标准」页，不是目标价。,40.48,13.7,37.5,-0.11127707244212087,True,仅字段与算术审计，未完成一手深研,,保留历史筛选；模型未获本轮认证
603225,新凤鸣,观察,观察：TTM PE 15.1×（行业中位 19.4×），基准 +32% ÷ 悲观 −46% ≈ 0.70:1（数据稳定性存疑，见劣势）；最新单季营收 +22.3%、累计毛利率 8.4%,价格 2026-09-30 收盘；财务截至 2026-06-30（同花顺财务摘要，累计口径，已还原为单季）；TTM = 上年年报 + 本期累计 − 上年同期累计；程序化情景规则见「研究标准」页，不是目标价。,16.72,9.0,22.1,0.696891191709845,True,仅字段与算术审计，未完成一手深研,,保留历史筛选；模型未获本轮认证
603233,大参林,观察,观察：TTM PE 15.3×（行业中位 20.2×），基准 +22% ÷ 悲观 −35% ≈ 0.62:1；最新单季营收 +6.9%、累计毛利率 35.6%,价格 2026-09-30 收盘；财务截至 2026-06-30（同花顺财务摘要，累计口径，已还原为单季）；TTM = 上年年报 + 本期累计 − 上年同期累计；程序化情景规则见「研究标准」页，不是目标价。,18.2,11.8,22.1,0.6093750000000004,True,仅字段与算术审计，未完成一手深研,,保留历史筛选；模型未获本轮认证
603256,宏和科技,观察,观察：TTM PE 238.9×（行业中位 19.4×），基准 -80% ÷ 悲观 −97%，不成立；最新单季营收 +99.3%、累计毛利率 59.3%,价格 2026-09-30 收盘；财务截至 2026-06-30（同花顺财务摘要，累计口径，已还原为单季）；TTM = 上年年报 + 本期累计 − 上年同期累计；程序化情景规则见「研究标准」页，不是目标价。,130.7,4.5,26.3,-0.8272583201267829,True,仅字段与算术审计，未完成一手深研,,保留历史筛选；模型未获本轮认证
603259,药明康德,观察,观察：TTM PE 22.1×（行业中位 20.2×），基准 +15% ÷ 悲观 −55% ≈ 0.27:1；最新单季营收 +47.7%、累计毛利率 53.9%,价格 2026-09-30 收盘；财务截至 2026-06-30（同花顺财务摘要，累计口径，已还原为单季）；TTM = 上年年报 + 本期累计 − 上年同期累计；程序化情景规则见「研究标准」页，不是目标价。,167.34,75.2,192.1,0.2687215107445191,True,仅字段与算术审计，未完成一手深研,,保留历史筛选；模型未获本轮认证
603288,海天味业,观察,观察：TTM PE 25.9×（行业中位 19.4×），基准 -11% ÷ 悲观 −62%，不成立；最新单季营收 +2.9%、累计毛利率 41.0%,价格 2026-09-30 收盘；财务截至 2026-06-30（同花顺财务摘要，累计口径，已还原为单季）；TTM = 上年年报 + 本期累计 − 上年同期累计；程序化情景规则见「研究标准」页，不是目标价。,33.17,12.6,29.6,-0.17355371900826447,True,仅字段与算术审计，未完成一手深研,,保留历史筛选；模型未获本轮认证
603290,斯达半导,观察,观察：TTM PE 161.5×（行业中位 42.5×），基准 -74% ÷ 悲观 −88%，不成立；最新单季营收 +4.6%、累计毛利率 20.6%,价格 2026-09-30 收盘；财务截至 2026-06-30（同花顺财务摘要，累计口径，已还原为单季）；TTM = 上年年报 + 本期累计 − 上年同期累计；程序化情景规则见「研究标准」页，不是目标价。,81.21,9.6,20.8,-0.8435972629521016,True,仅字段与算术审计，未完成一手深研,,保留历史筛选；模型未获本轮认证
603296,华勤技术,条件关注,条件关注：TTM PE 14.5×（行业中位 42.5×），基准 +32% ÷ 悲观 −25% ≈ 1.29:1；最新单季营收 +8.2%、累计毛利率 8.1%,价格 2026-09-30 收盘；财务截至 2026-06-30（同花顺财务摘要，累计口径，已还原为单季）；TTM = 上年年报 + 本期累计 − 上年同期累计；程序化情景规则见「研究标准」页，不是目标价。,74.49,55.9,98.5,1.2915545992469075,True,仅字段与算术审计，未完成一手深研,,保留历史筛选；模型未获本轮认证
603298,杭叉集团,条件关注,条件关注：TTM PE 12.5×（行业中位 19.7×），基准 +31% ÷ 悲观 −29% ≈ 1.07:1；最新单季营收 +7.1%、累计毛利率 24.9%,价格 2026-09-30 收盘；财务截至 2026-06-30（同花顺财务摘要，累计口径，已还原为单季）；TTM = 上年年报 + 本期累计 − 上年同期累计；程序化情景规则见「研究标准」页，不是目标价。,21.87,15.5,28.7,1.072213500784929,True,仅字段与算术审计，未完成一手深研,,保留历史筛选；模型未获本轮认证
603308,应流股份,观察,观察：TTM PE 63.8×（行业中位 19.7×），基准 -25% ÷ 悲观 −86%，不成立；最新单季营收 +30.5%、累计毛利率 34.0%,价格 2026-09-30 收盘；财务截至 2026-06-30（同花顺财务摘要，累计口径，已还原为单季）；TTM = 上年年报 + 本期累计 − 上年同期累计；程序化情景规则见「研究标准」页，不是目标价。,35.64,5.0,26.8,-0.2885117493472585,True,仅字段与算术审计，未完成一手深研,,保留历史筛选；模型未获本轮认证
603338,浙江鼎力,观察,观察：TTM PE 14.7×（行业中位 19.7×），基准 +35% ÷ 悲观 −40% ≈ 0.87:1；最新单季营收 +21.3%、累计毛利率 33.0%,价格 2026-09-30 收盘；财务截至 2026-06-30（同花顺财务摘要，累计口径，已还原为单季）；TTM = 上年年报 + 本期累计 − 上年同期累计；程序化情景规则见「研究标准」页，不是目标价。,53.36,32.2,71.8,0.8714555765595463,True,仅字段与算术审计，未完成一手深研,,保留历史筛选；模型未获本轮认证
603341,龙旗科技,观察,观察：TTM PE 34.1×（行业中位 42.5×），基准 +16% ÷ 悲观 −44% ≈ 0.37:1；最新单季营收 +5.4%、累计毛利率 9.6%,价格 2026-09-30 收盘；财务截至 2026-06-30（同花顺财务摘要，累计口径，已还原为单季）；TTM = 上年年报 + 本期累计 − 上年同期累计；程序化情景规则见「研究标准」页，不是目标价。,35.21,19.7,41.0,0.37330754352030937,True,仅字段与算术审计，未完成一手深研,,保留历史筛选；模型未获本轮认证
603345,安井食品,观察,观察：TTM PE 16.3×（行业中位 19.4×），基准 +20% ÷ 悲观 −39% ≈ 0.51:1；最新单季营收 +13.8%、累计毛利率 21.2%,价格 2026-09-30 收盘；财务截至 2026-06-30（同花顺财务摘要，累计口径，已还原为单季）；TTM = 上年年报 + 本期累计 − 上年同期累计；程序化情景规则见「研究标准」页，不是目标价。,79.4,48.2,95.3,0.5096153846153842,True,仅字段与算术审计，未完成一手深研,,保留历史筛选；模型未获本轮认证
603369,今世缘,观察,观察：TTM PE 14.3×（行业中位 19.4×），基准 +30% ÷ 悲观 −31% ≈ 0.96:1；最新单季营收 +14.1%、累计毛利率 74.1%,价格 2026-09-30 收盘；财务截至 2026-06-30（同花顺财务摘要，累计口径，已还原为单季）；TTM = 上年年报 + 本期累计 − 上年同期累计；程序化情景规则见「研究标准」页，不是目标价。,28.09,19.5,36.4,0.9674039580908032,True,仅字段与算术审计，未完成一手深研,,保留历史筛选；模型未获本轮认证
603379,三美股份,观察,观察：TTM PE 13.9×（行业中位 19.4×），基准 +40% ÷ 悲观 −41% ≈ 0.98:1；最新单季营收 +24.8%、累计毛利率 52.0%,价格 2026-09-30 收盘；财务截至 2026-06-30（同花顺财务摘要，累计口径，已还原为单季）；TTM = 上年年报 + 本期累计 − 上年同期累计；程序化情景规则见「研究标准」页，不是目标价。,49.12,28.8,69.0,0.9783464566929136,True,仅字段与算术审计，未完成一手深研,,保留历史筛选；模型未获本轮认证
603392,万泰生物,回避,回避：TTM 亏损，PE 不适用；最新单季营收 +18.5%、累计毛利率 63.9%,价格 2026-09-30 收盘；财务截至 2026-06-30（同花顺财务摘要，累计口径，已还原为单季）；TTM = 上年年报 + 本期累计 − 上年同期累计；程序化情景规则见「研究标准」页，不是目标价。,27.34,,,,True,仅字段与算术审计，未完成一手深研,,保留历史筛选；模型未获本轮认证
603444,吉比特,观察,观察：TTM PE 10.9×（行业中位 29.4×），基准 +50% ÷ 悲观 −20% ≈ 2.50:1（数据稳定性存疑，见劣势）；最新单季营收 +36.0%、累计毛利率 93.7%,价格 2026-09-30 收盘；财务截至 2026-06-30（同花顺财务摘要，累计口径，已还原为单季）；TTM = 上年年报 + 本期累计 − 上年同期累计；程序化情景规则见「研究标准」页，不是目标价。,339.69,271.8,509.5,2.5012520253351016,True,待一手核实,339.69,观察（待证据）：保留原经营研究方向，旧赔率未认证
603486,科沃斯,观察,观察：TTM PE 14.0×（行业中位 17.8×），基准 +24% ÷ 悲观 −40% ≈ 0.59:1；最新单季营收 +12.9%、累计毛利率 48.5%,价格 2026-09-30 收盘；财务截至 2026-06-30（同花顺财务摘要，累计口径，已还原为单季）；TTM = 上年年报 + 本期累计 − 上年同期累计；程序化情景规则见「研究标准」页，不是目标价。,49.89,29.7,61.8,0.589895988112927,True,仅字段与算术审计，未完成一手深研,,保留历史筛选；模型未获本轮认证
603529,爱玛科技,观察,观察：TTM PE 12.9×（行业中位 17.8×），基准 +13% ÷ 悲观 −36% ≈ 0.38:1；最新单季营收 -6.5%、累计毛利率 17.4%,价格 2026-09-30 收盘；财务截至 2026-06-30（同花顺财务摘要，累计口径，已还原为单季）；TTM = 上年年报 + 本期累计 − 上年同期累计；程序化情景规则见「研究标准」页，不是目标价。,22.23,14.3,25.2,0.3745271122320301,True,仅字段与算术审计，未完成一手深研,,保留历史筛选；模型未获本轮认证
603565,中谷物流,条件关注,条件关注：TTM PE 12.1×（行业中位 19.7×），基准 +28% ÷ 悲观 −27% ≈ 1.06:1；最新单季营收 +3.9%、累计毛利率 30.9%,价格 2026-09-30 收盘；财务截至 2026-06-30（同花顺财务摘要，累计口径，已还原为单季）；TTM = 上年年报 + 本期累计 − 上年同期累计；程序化情景规则见「研究标准」页，不是目标价。,11.59,8.5,14.9,1.0711974110032365,True,仅字段与算术审计，未完成一手深研,,保留历史筛选；模型未获本轮认证
603568,伟明环保,观察,观察：TTM PE 13.2×（行业中位 19.7×），基准 +19% ÷ 悲观 −33% ≈ 0.57:1；最新单季营收 -14.8%、累计毛利率 46.9%,价格 2026-09-30 收盘；财务截至 2026-06-30（同花顺财务摘要，累计口径，已还原为单季）；TTM = 上年年报 + 本期累计 − 上年同期累计；程序化情景规则见「研究标准」页，不是目标价。,13.42,9.0,15.9,0.5610859728506788,True,仅字段与算术审计，未完成一手深研,,保留历史筛选；模型未获本轮认证
603589,口子窖,观察,观察：TTM PE 32.9×（行业中位 19.4×），基准 -25% ÷ 悲观 −70%，不成立（数据稳定性存疑，见劣势）；最新单季营收 -20.0%、累计毛利率 67.3%,价格 2026-09-30 收盘；财务截至 2026-06-30（同花顺财务摘要，累计口径，已还原为单季）；TTM = 上年年报 + 本期累计 − 上年同期累计；程序化情景规则见「研究标准」页，不是目标价。,17.78,5.3,13.4,-0.3509615384615385,True,仅字段与算术审计，未完成一手深研,,保留历史筛选；模型未获本轮认证
603605,珀莱雅,条件关注,条件关注：TTM PE 11.5×（行业中位 19.4×），基准 +27% ÷ 悲观 −15% ≈ 1.80:1；最新单季营收 +2.2%、累计毛利率 74.3%,价格 2026-09-30 收盘；财务截至 2026-06-30（同花顺财务摘要，累计口径，已还原为单季）；TTM = 上年年报 + 本期累计 − 上年同期累计；程序化情景规则见「研究标准」页，不是目标价。,54.7,46.5,69.4,1.792682926829268,True,仅字段与算术审计，未完成一手深研,,保留历史筛选；模型未获本轮认证
603606,东方电缆,观察,观察：TTM PE 18.4×（行业中位 19.7×），基准 +24% ÷ 悲观 −52% ≈ 0.46:1；最新单季营收 +27.7%、累计毛利率 19.4%,价格 2026-09-30 收盘；财务截至 2026-06-30（同花顺财务摘要，累计口径，已还原为单季）；TTM = 上年年报 + 本期累计 − 上年同期累计；程序化情景规则见「研究标准」页，不是目标价。,36.53,17.6,45.2,0.45800316957210785,True,仅字段与算术审计，未完成一手深研,,保留历史筛选；模型未获本轮认证
603650,彤程新材,观察,观察：TTM PE 62.1×（行业中位 19.4×），基准 -23% ÷ 悲观 −87%，不成立；最新单季营收 +36.0%、累计毛利率 23.1%,价格 2026-09-30 收盘；财务截至 2026-06-30（同花顺财务摘要，累计口径，已还原为单季）；TTM = 上年年报 + 本期累计 − 上年同期累计；程序化情景规则见「研究标准」页，不是目标价。,62.3,8.2,48.2,-0.26062846580406646,True,仅字段与算术审计，未完成一手深研,,保留历史筛选；模型未获本轮认证
603658,安图生物,观察,观察：TTM PE 19.6×（行业中位 20.2×），基准 +2% ÷ 悲观 −49% ≈ 0.03:1；最新单季营收 +0.2%、累计毛利率 67.2%,价格 2026-09-30 收盘；财务截至 2026-06-30（同花顺财务摘要，累计口径，已还原为单季）；TTM = 上年年报 + 本期累计 − 上年同期累计；程序化情景规则见「研究标准」页，不是目标价。,34.08,17.3,34.6,0.03098927294398112,True,仅字段与算术审计，未完成一手深研,,保留历史筛选；模型未获本轮认证
603688,石英股份,观察,观察：TTM PE 173.2×（行业中位 19.4×），基准 -75% ÷ 悲观 −95%，不成立；最新单季营收 +11.1%、累计毛利率 36.8%,价格 2026-09-30 收盘；财务截至 2026-06-30（同花顺财务摘要，累计口径，已还原为单季）；TTM = 上年年报 + 本期累计 − 上年同期累计；程序化情景规则见「研究标准」页，不是目标价。,43.54,2.1,10.8,-0.790057915057915,True,仅字段与算术审计，未完成一手深研,,保留历史筛选；模型未获本轮认证
603699,纽威股份,观察,观察：TTM PE 19.4×（行业中位 19.7×），基准 +10% ÷ 悲观 −54% ≈ 0.18:1；最新单季营收 +12.8%、累计毛利率 38.1%,价格 2026-09-30 收盘；财务截至 2026-06-30（同花顺财务摘要，累计口径，已还原为单季）；TTM = 上年年报 + 本期累计 − 上年同期累计；程序化情景规则见「研究标准」页，不是目标价。,43.21,19.8,47.5,0.18325501922255444,True,仅字段与算术审计，未完成一手深研,,保留历史筛选；模型未获本轮认证
603728,鸣志电器,观察,观察：TTM PE 302.3×（行业中位 19.7×），基准 -85% ÷ 悲观 −97%，不成立；最新单季营收 +20.4%、累计毛利率 37.7%,价格 2026-09-30 收盘；财务截至 2026-06-30（同花顺财务摘要，累计口径，已还原为单季）；TTM = 上年年报 + 本期累计 − 上年同期累计；程序化情景规则见「研究标准」页，不是目标价。,51.5,1.5,7.8,-0.8740000000000001,True,仅字段与算术审计，未完成一手深研,,保留历史筛选；模型未获本轮认证
603737,三棵树,观察,观察：TTM PE 26.1×（行业中位 19.4×），基准 -14% ÷ 悲观 −69%，不成立；最新单季营收 -2.3%、累计毛利率 30.3%,价格 2026-09-30 收盘；财务截至 2026-06-30（同花顺财务摘要，累计口径，已还原为单季）；TTM = 上年年报 + 本期累计 − 上年同期累计；程序化情景规则见「研究标准」页，不是目标价。,22.65,7.1,19.4,-0.20900321543408362,True,仅字段与算术审计，未完成一手深研,,保留历史筛选；模型未获本轮认证
603766,隆鑫通用,观察,观察：TTM PE 14.8×（行业中位 17.8×），基准 +12% ÷ 悲观 −44% ≈ 0.28:1；最新单季营收 +2.9%、累计毛利率 19.5%,价格 2026-09-30 收盘；财务截至 2026-06-30（同花顺财务摘要，累计口径，已还原为单季）；TTM = 上年年报 + 本期累计 − 上年同期累计；程序化情景规则见「研究标准」页，不是目标价。,14.18,8.0,15.9,0.27831715210356,True,仅字段与算术审计，未完成一手深研,,保留历史筛选；模型未获本轮认证
603786,科博达,观察,观察：TTM PE 20.9×（行业中位 17.8×），基准 -12% ÷ 悲观 −60%，不成立；最新单季营收 -13.0%、累计毛利率 24.2%,价格 2026-09-30 收盘；财务截至 2026-06-30（同花顺财务摘要，累计口径，已还原为单季）；TTM = 上年年报 + 本期累计 − 上年同期累计；程序化情景规则见「研究标准」页，不是目标价。,36.75,14.6,32.3,-0.2009029345372462,True,仅字段与算术审计，未完成一手深研,,保留历史筛选；模型未获本轮认证
603806,福斯特,观察,观察：TTM PE 32.7×（行业中位 19.7×），基准 -24% ÷ 悲观 −73%，不成立；最新单季营收 -16.6%、累计毛利率 17.1%,价格 2026-09-30 收盘；财务截至 2026-06-30（同花顺财务摘要，累计口径，已还原为单季）；TTM = 上年年报 + 本期累计 − 上年同期累计；程序化情景规则见「研究标准」页，不是目标价。,13.86,3.8,10.6,-0.3240556660039762,True,仅字段与算术审计，未完成一手深研,,保留历史筛选；模型未获本轮认证
603816,顾家家居,观察,观察：TTM PE 11.4×（行业中位 17.8×），基准 +24% ÷ 悲观 −27% ≈ 0.89:1；最新单季营收 -0.9%、累计毛利率 32.5%,价格 2026-09-30 收盘；财务截至 2026-06-30（同花顺财务摘要，累计口径，已还原为单季）；TTM = 上年年报 + 本期累计 − 上年同期累计；程序化情景规则见「研究标准」页，不是目标价。,23.81,17.3,29.6,0.8894009216589869,True,仅字段与算术审计，未完成一手深研,,保留历史筛选；模型未获本轮认证
603833,欧派家居,观察,观察：TTM PE 13.4×（行业中位 17.8×），基准 +10% ÷ 悲观 −38% ≈ 0.27:1（数据稳定性存疑，见劣势）；最新单季营收 -31.2%、累计毛利率 35.9%,价格 2026-09-30 收盘；财务截至 2026-06-30（同花顺财务摘要，累计口径，已还原为单季）；TTM = 上年年报 + 本期累计 − 上年同期累计；程序化情景规则见「研究标准」页，不是目标价。,31.49,19.5,34.8,0.2760633861551292,True,仅字段与算术审计，未完成一手深研,,保留历史筛选；模型未获本轮认证
603858,步长制药,观察,观察：TTM PE 15.0×（行业中位 20.2×），基准 +11% ÷ 悲观 −34% ≈ 0.34:1；最新单季营收 -15.8%、累计毛利率 61.2%,价格 2026-09-30 收盘；财务截至 2026-06-30（同花顺财务摘要，累计口径，已还原为单季）；TTM = 上年年报 + 本期累计 − 上年同期累计；程序化情景规则见「研究标准」页，不是目标价。,14.64,9.7,16.3,0.33603238866396756,True,仅字段与算术审计，未完成一手深研,,保留历史筛选；模型未获本轮认证
603885,吉祥航空,观察,观察：TTM PE 31.7×（行业中位 19.7×），基准 -11% ÷ 悲观 −72%，不成立（数据稳定性存疑，见劣势）；最新单季营收 +14.1%、累计毛利率 7.0%,价格 2026-09-30 收盘；财务截至 2026-06-30（同花顺财务摘要，累计口径，已还原为单季）；TTM = 上年年报 + 本期累计 − 上年同期累计；程序化情景规则见「研究标准」页，不是目标价。,9.96,2.8,8.9,-0.1480446927374302,True,仅字段与算术审计，未完成一手深研,,保留历史筛选；模型未获本轮认证
603893,瑞芯微,观察,观察：TTM PE 66.1×（行业中位 42.5×），基准 -27% ÷ 悲观 −71%，不成立；最新单季营收 +44.0%、累计毛利率 45.8%,价格 2026-09-30 收盘；财务截至 2026-06-30（同花顺财务摘要，累计口径，已还原为单季）；TTM = 上年年报 + 本期累计 − 上年同期累计；程序化情景规则见「研究标准」页，不是目标价。,215.57,62.4,156.6,-0.38499706208787626,True,仅字段与算术审计，未完成一手深研,,保留历史筛选；模型未获本轮认证
603899,晨光股份,观察,观察：TTM PE 15.3×（行业中位 19.7×），基准 +18% ÷ 悲观 −42% ≈ 0.42:1；最新单季营收 +4.1%、累计毛利率 19.6%,价格 2026-09-30 收盘；财务截至 2026-06-30（同花顺财务摘要，累计口径，已还原为单季）；TTM = 上年年报 + 本期累计 − 上年同期累计；程序化情景规则见「研究标准」页，不是目标价。,22.36,13.0,26.3,0.4209401709401711,True,仅字段与算术审计，未完成一手深研,,保留历史筛选；模型未获本轮认证
603920,世运电路,观察,观察：TTM PE 172.7×（行业中位 42.5×），基准 -73% ÷ 悲观 −89%，不成立；最新单季营收 +24.2%、累计毛利率 13.6%,价格 2026-09-30 收盘；财务截至 2026-06-30（同花顺财务摘要，累计口径，已还原为单季）；TTM = 上年年报 + 本期累计 − 上年同期累计；程序化情景规则见「研究标准」页，不是目标价。,44.4,4.9,12.0,-0.820253164556962,True,仅字段与算术审计，未完成一手深研,,保留历史筛选；模型未获本轮认证
603939,益丰药房,观察,观察：TTM PE 16.1×（行业中位 20.2×），基准 +17% ÷ 悲观 −38% ≈ 0.45:1；最新单季营收 +5.8%、累计毛利率 40.3%,价格 2026-09-30 收盘；财务截至 2026-06-30（同花顺财务摘要，累计口径，已还原为单季）；TTM = 上年年报 + 本期累计 − 上年同期累计；程序化情景规则见「研究标准」页，不是目标价。,23.31,14.4,27.3,0.4478114478114481,True,仅字段与算术审计，未完成一手深研,,保留历史筛选；模型未获本轮认证
603979,金诚信,观察,观察：TTM PE 15.9×（行业中位 19.7×），基准 +28% ÷ 悲观 −44% ≈ 0.64:1；最新单季营收 +20.6%、累计毛利率 39.6%,价格 2026-09-30 收盘；财务截至 2026-06-30（同花顺财务摘要，累计口径，已还原为单季）；TTM = 上年年报 + 本期累计 − 上年同期累计；程序化情景规则见「研究标准」页，不是目标价。,72.28,40.5,92.8,0.6456891126494649,True,仅字段与算术审计，未完成一手深研,,保留历史筛选；模型未获本轮认证
603986,兆易创新,观察,观察：TTM PE 31.1×（行业中位 42.5×），基准 +42% ÷ 悲观 −39% ≈ 1.09:1（数据稳定性存疑，见劣势）；最新单季营收 +229.2%、累计毛利率 63.1%,价格 2026-09-30 收盘；财务截至 2026-06-30（同花顺财务摘要，累计口径，已还原为单季）；TTM = 上年年报 + 本期累计 − 上年同期累计；程序化情景规则见「研究标准」页，不是目标价。,353.9,217.3,502.1,1.084919472913617,True,仅字段与算术审计，未完成一手深研,,保留历史筛选；模型未获本轮认证
603993,洛阳钼业,条件关注,条件关注：TTM PE 13.0×（行业中位 19.4×），基准 +50% ÷ 悲观 −37% ≈ 1.34:1；最新单季营收 +41.3%、累计毛利率 23.0%,价格 2026-09-30 收盘；财务截至 2026-06-30（同花顺财务摘要，累计口径，已还原为单季）；TTM = 上年年报 + 本期累计 − 上年同期累计；程序化情景规则见「研究标准」页，不是目标价。,16.88,10.6,25.3,1.3407643312101916,True,仅字段与算术审计，未完成一手深研,,保留历史筛选；模型未获本轮认证
605117,德业股份,观察,观察：TTM PE 16.2×（行业中位 19.7×），基准 +33% ÷ 悲观 −45% ≈ 0.74:1（数据稳定性存疑，见劣势）；最新单季营收 +108.2%、累计毛利率 37.6%,价格 2026-09-30 收盘；财务截至 2026-06-30（同花顺财务摘要，累计口径，已还原为单季）；TTM = 上年年报 + 本期累计 − 上年同期累计；程序化情景规则见「研究标准」页，不是目标价。,78.16,42.9,104.1,0.735677821894498,True,仅字段与算术审计，未完成一手深研,,保留历史筛选；模型未获本轮认证
605358,立昂微,观察,观察：TTM PE 444.7×（行业中位 42.5×），基准 -89% ÷ 悲观 −96%，不成立（数据稳定性存疑，见劣势）；最新单季营收 +29.4%、累计毛利率 13.4%,价格 2026-09-30 收盘；财务截至 2026-06-30（同花顺财务摘要，累计口径，已还原为单季）；TTM = 上年年报 + 本期累计 − 上年同期累计；程序化情景规则见「研究标准」页，不是目标价。,45.36,1.9,4.9,-0.9309710078232858,True,仅字段与算术审计，未完成一手深研,,保留历史筛选；模型未获本轮认证
605499,东鹏饮料,优先关注,优先关注：TTM PE 11.9×（行业中位 19.4×），基准 +35% ÷ 悲观 −17% ≈ 2.06:1；最新单季营收 +11.3%、累计毛利率 48.4%,价格 2026-09-30 收盘；财务截至 2026-06-30（同花顺财务摘要，累计口径，已还原为单季）；TTM = 上年年报 + 本期累计 − 上年同期累计；程序化情景规则见「研究标准」页，不是目标价。,112.25,93.3,151.4,2.0659630606860158,True,原件核实,112.25,经营跟踪偏正面；股本变化使旧EPS失配，优先重建估值
605589,圣泉集团,观察,观察：TTM PE 31.7×（行业中位 19.4×），基准 -9% ÷ 悲观 −74%，不成立；最新单季营收 +18.0%、累计毛利率 24.6%,价格 2026-09-30 收盘；财务截至 2026-06-30（同花顺财务摘要，累计口径，已还原为单季）；TTM = 上年年报 + 本期累计 − 上年同期累计；程序化情景规则见「研究标准」页，不是目标价。,35.67,9.2,32.4,-0.1235360785795241,True,仅字段与算术审计，未完成一手深研,,保留历史筛选；模型未获本轮认证
688002,睿创微纳,观察,观察：TTM PE 39.5×（行业中位 42.5×），基准 +22% ÷ 悲观 −52% ≈ 0.42:1；最新单季营收 +74.3%、累计毛利率 57.8%,价格 2026-09-30 收盘；财务截至 2026-06-30（同花顺财务摘要，累计口径，已还原为单季）；TTM = 上年年报 + 本期累计 − 上年同期累计；程序化情景规则见「研究标准」页，不是目标价。,173.42,84.0,210.8,0.41802728696041186,True,仅字段与算术审计，未完成一手深研,,保留历史筛选；模型未获本轮认证
688009,中国通号,观察,观察：TTM PE 14.4×（行业中位 19.7×），基准 +15% ÷ 悲观 −38% ≈ 0.39:1；最新单季营收 -4.4%、累计毛利率 29.6%,价格 2026-09-30 收盘；财务截至 2026-06-30（同花顺财务摘要，累计口径，已还原为单季）；TTM = 上年年报 + 本期累计 − 上年同期累计；程序化情景规则见「研究标准」页，不是目标价。,4.69,2.9,5.4,0.3966480446927373,True,仅字段与算术审计，未完成一手深研,,保留历史筛选；模型未获本轮认证
688012,中微公司,观察,观察：TTM PE 49.1×（行业中位 42.5×），基准 -2% ÷ 悲观 −61%，不成立；最新单季营收 +35.4%、累计毛利率 39.7%,价格 2026-09-30 收盘；财务截至 2026-06-30（同花顺财务摘要，累计口径，已还原为单季）；TTM = 上年年报 + 本期累计 − 上年同期累计；程序化情景规则见「研究标准」页，不是目标价。,318.55,123.9,311.2,-0.03776008219881851,True,仅字段与算术审计，未完成一手深研,,保留历史筛选；模型未获本轮认证
688017,绿的谐波,观察,观察：TTM PE 348.5×（行业中位 19.7×），基准 -86% ÷ 悲观 −97%，不成立；最新单季营收 +36.6%、累计毛利率 32.3%,价格 2026-09-30 收盘；财务截至 2026-06-30（同花顺财务摘要，累计口径，已还原为单季）；TTM = 上年年报 + 本期累计 − 上年同期累计；程序化情景规则见「研究标准」页，不是目标价。,273.75,7.0,37.7,-0.8849109653233365,True,仅字段与算术审计，未完成一手深研,,保留历史筛选；模型未获本轮认证
688018,乐鑫科技,观察,观察：TTM PE 31.8×（行业中位 42.5×），基准 +34% ÷ 悲观 −40% ≈ 0.85:1；最新单季营收 +21.1%、累计毛利率 49.3%,价格 2026-09-30 收盘；财务截至 2026-06-30（同花顺财务摘要，累计口径，已还原为单季）；TTM = 上年年报 + 本期累计 − 上年同期累计；程序化情景规则见「研究标准」页，不是目标价。,115.08,69.1,154.1,0.8486298390604609,True,仅字段与算术审计，未完成一手深研,,保留历史筛选；模型未获本轮认证
688027,国盾量子,观察,观察：TTM PE 5567.7×（行业中位 29.4×），基准 -99% ÷ 悲观 −100%，不成立（数据稳定性存疑，见劣势）；最新单季营收 -0.5%、累计毛利率 40.7%,价格 2026-09-30 收盘；财务截至 2026-06-30（同花顺财务摘要，累计口径，已还原为单季）；TTM = 上年年报 + 本期累计 − 上年同期累计；程序化情景规则见「研究标准」页，不是目标价。,328.49,0.8,2.4,-0.9951173365070647,True,仅字段与算术审计，未完成一手深研,,保留历史筛选；模型未获本轮认证
688036,传音控股,条件关注,条件关注：TTM PE 19.6×（行业中位 42.5×），基准 +42% ÷ 悲观 −25% ≈ 1.69:1；最新单季营收 +19.6%、累计毛利率 22.6%,价格 2026-09-30 收盘；财务截至 2026-06-30（同花顺财务摘要，累计口径，已还原为单季）；TTM = 上年年报 + 本期累计 − 上年同期累计；程序化情景规则见「研究标准」页，不是目标价。,53.8,40.4,76.5,1.694029850746269,True,仅字段与算术审计，未完成一手深研,,保留历史筛选；模型未获本轮认证
688037,芯源微,观察,观察：TTM PE 1021.0×（行业中位 42.5×），基准 -95% ÷ 悲观 −98%，不成立（数据稳定性存疑，见劣势）；最新单季营收 +30.4%、累计毛利率 34.9%,价格 2026-09-30 收盘；财务截至 2026-06-30（同花顺财务摘要，累计口径，已还原为单季）；TTM = 上年年报 + 本期累计 − 上年同期累计；程序化情景规则见「研究标准」页，不是目标价。,327.27,6.1,15.4,-0.9710433726686802,True,仅字段与算术审计，未完成一手深研,,保留历史筛选；模型未获本轮认证
688065,凯赛生物,观察,观察：TTM PE 42.3×（行业中位 19.4×），基准 -20% ÷ 悲观 −81%，不成立；最新单季营收 +14.5%、累计毛利率 35.7%,价格 2026-09-30 收盘；财务截至 2026-06-30（同花顺财务摘要，累计口径，已还原为单季）；TTM = 上年年报 + 本期累计 − 上年同期累计；程序化情景规则见「研究标准」页，不是目标价。,38.64,7.5,31.1,-0.2421323057161207,True,仅字段与算术审计，未完成一手深研,,保留历史筛选；模型未获本轮认证
688072,拓荆科技,观察,观察：TTM PE 82.8×（行业中位 42.5×），基准 -42% ÷ 悲观 −77%，不成立（数据稳定性存疑，见劣势）；最新单季营收 +44.7%、累计毛利率 41.0%,价格 2026-09-30 收盘；财务截至 2026-06-30（同花顺财务摘要，累计口径，已还原为单季）；TTM = 上年年报 + 本期累计 − 上年同期累计；程序化情景规则见「研究标准」页，不是目标价。,640.0,147.7,370.9,-0.546617915904936,True,仅字段与算术审计，未完成一手深研,,保留历史筛选；模型未获本轮认证
688082,盛美上海,观察,观察：TTM PE 78.5×（行业中位 42.5×），基准 -44% ÷ 悲观 −76%，不成立；最新单季营收 +14.4%、累计毛利率 46.9%,价格 2026-09-30 收盘；财务截至 2026-06-30（同花顺财务摘要，累计口径，已还原为单季）；TTM = 上年年报 + 本期累计 − 上年同期累计；程序化情景规则见「研究标准」页，不是目标价。,294.28,71.7,165.2,-0.5799263186270105,True,仅字段与算术审计，未完成一手深研,,保留历史筛选；模型未获本轮认证
688099,晶晨股份,观察,观察：TTM PE 41.2×（行业中位 42.5×），基准 +17% ÷ 悲观 −54% ≈ 0.31:1；最新单季营收 +38.7%、累计毛利率 38.7%,价格 2026-09-30 收盘；财务截至 2026-06-30（同花顺财务摘要，累计口径，已还原为单季）；TTM = 上年年报 + 本期累计 − 上年同期累计；程序化情景规则见「研究标准」页，不是目标价。,96.8,45.0,112.9,0.31081081081081097,True,仅字段与算术审计，未完成一手深研,,保留历史筛选；模型未获本轮认证
688114,华大智造,回避,回避：TTM 亏损，PE 不适用；最新单季营收 +14.9%、累计毛利率 57.0%,价格 2026-09-30 收盘；财务截至 2026-06-30（同花顺财务摘要，累计口径，已还原为单季）；TTM = 上年年报 + 本期累计 − 上年同期累计；程序化情景规则见「研究标准」页，不是目标价。,71.9,,,,True,仅字段与算术审计，未完成一手深研,,保留历史筛选；模型未获本轮认证
688120,华海清科,观察,观察：TTM PE 70.1×（行业中位 42.5×），基准 -32% ÷ 悲观 −73%，不成立；最新单季营收 +38.9%、累计毛利率 43.0%,价格 2026-09-30 收盘；财务截至 2026-06-30（同花顺财务摘要，累计口径，已还原为单季）；TTM = 上年年报 + 本期累计 − 上年同期累计；程序化情景规则见「研究标准」页，不是目标价。,227.43,62.0,155.8,-0.43299280662515865,True,仅字段与算术审计，未完成一手深研,,保留历史筛选；模型未获本轮认证
688122,西部超导,观察,观察：TTM PE 52.9×（行业中位 19.4×），基准 -35% ÷ 悲观 −85%，不成立；最新单季营收 -7.1%、累计毛利率 30.1%,价格 2026-09-30 收盘；财务截至 2026-06-30（同花顺财务摘要，累计口径，已还原为单季）；TTM = 上年年报 + 本期累计 − 上年同期累计；程序化情景规则见「研究标准」页，不是目标价。,51.94,8.0,33.8,-0.41283568502503415,True,仅字段与算术审计，未完成一手深研,,保留历史筛选；模型未获本轮认证
688166,博瑞医药,观察,观察：TTM PE 156.6×（行业中位 20.2×），基准 -70% ÷ 悲观 −94%，不成立；最新单季营收 +22.6%、累计毛利率 55.3%,价格 2026-09-30 收盘；财务截至 2026-06-30（同花顺财务摘要，累计口径，已还原为单季）；TTM = 上年年报 + 本期累计 − 上年同期累计；程序化情景规则见「研究标准」页，不是目标价。,35.81,2.3,10.6,-0.7523127424649357,True,仅字段与算术审计，未完成一手深研,,保留历史筛选；模型未获本轮认证
688169,石头科技,观察,观察：TTM PE 18.3×（行业中位 17.8×），基准 +18% ÷ 悲观 −55% ≈ 0.33:1；最新单季营收 +30.9%、累计毛利率 43.3%,价格 2026-09-30 收盘；财务截至 2026-06-30（同花顺财务摘要，累计口径，已还原为单季）；TTM = 上年年报 + 本期累计 − 上年同期累计；程序化情景规则见「研究标准」页，不是目标价。,118.76,53.9,140.4,0.3336416897934011,True,仅字段与算术审计，未完成一手深研,,保留历史筛选；模型未获本轮认证
688172,燕东微,回避,回避：TTM 亏损，PE 不适用；最新单季营收 +34.3%、累计毛利率 6.5%,价格 2026-09-30 收盘；财务截至 2026-06-30（同花顺财务摘要，累计口径，已还原为单季）；TTM = 上年年报 + 本期累计 − 上年同期累计；程序化情景规则见「研究标准」页，不是目标价。,42.43,,,,True,仅字段与算术审计，未完成一手深研,,保留历史筛选；模型未获本轮认证
688180,君实生物,回避,回避：TTM 亏损，PE 不适用；最新单季营收 +45.4%、累计毛利率 83.2%,价格 2026-09-30 收盘；财务截至 2026-06-30（同花顺财务摘要，累计口径，已还原为单季）；TTM = 上年年报 + 本期累计 − 上年同期累计；程序化情景规则见「研究标准」页，不是目标价。,35.66,,,,True,仅字段与算术审计，未完成一手深研,,保留历史筛选；模型未获本轮认证
688187,时代电气,观察,观察：TTM PE 14.8×（行业中位 19.7×），基准 +20% ÷ 悲观 −40% ≈ 0.50:1；最新单季营收 +3.8%、累计毛利率 32.8%,价格 2026-09-30 收盘；财务截至 2026-06-30（同花顺财务摘要，累计口径，已还原为单季）；TTM = 上年年报 + 本期累计 − 上年同期累计；程序化情景规则见「研究标准」页，不是目标价。,44.6,26.8,53.5,0.4999999999999999,True,仅字段与算术审计，未完成一手深研,,保留历史筛选；模型未获本轮认证
688188,柏楚电子,观察,观察：TTM PE 22.4×（行业中位 19.7×），基准 +7% ÷ 悲观 −60% ≈ 0.12:1；最新单季营收 +20.3%、累计毛利率 73.9%,价格 2026-09-30 收盘；财务截至 2026-06-30（同花顺财务摘要，累计口径，已还原为单季）；TTM = 上年年报 + 本期累计 − 上年同期累计；程序化情景规则见「研究标准」页，不是目标价。,97.97,38.8,105.2,0.12219029913807679,True,仅字段与算术审计，未完成一手深研,,保留历史筛选；模型未获本轮认证
688192,迪哲医药,回避,回避：TTM 亏损，PE 不适用；最新单季营收 +38.5%、累计毛利率 96.0%,价格 2026-09-30 收盘；财务截至 2026-06-30（同花顺财务摘要，累计口径，已还原为单季）；TTM = 上年年报 + 本期累计 − 上年同期累计；程序化情景规则见「研究标准」页，不是目标价。,58.01,,,,True,仅字段与算术审计，未完成一手深研,,保留历史筛选；模型未获本轮认证
688200,华峰测控,观察,观察：TTM PE 67.0×（行业中位 42.5×），基准 -28% ÷ 悲观 −71%，不成立；最新单季营收 +38.7%、累计毛利率 74.7%,价格 2026-09-30 收盘；财务截至 2026-06-30（同花顺财务摘要，累计口径，已还原为单季）；TTM = 上年年报 + 本期累计 − 上年同期累计；程序化情景规则见「研究标准」页，不是目标价。,374.0,106.8,268.1,-0.39633233532934126,True,仅字段与算术审计，未完成一手深研,,保留历史筛选；模型未获本轮认证
688213,思特威,观察,观察：TTM PE 34.8×（行业中位 42.5×），基准 +28% ÷ 悲观 −45% ≈ 0.63:1；最新单季营收 +22.2%、累计毛利率 24.6%,价格 2026-09-30 收盘；财务截至 2026-06-30（同花顺财务摘要，累计口径，已还原为单季）；TTM = 上年年报 + 本期累计 − 上年同期累计；程序化情景规则见「研究标准」页，不是目标价。,97.88,53.8,125.7,0.6311252268602543,True,仅字段与算术审计，未完成一手深研,,保留历史筛选；模型未获本轮认证
688220,翱捷科技,回避,回避：TTM 亏损，PE 不适用；最新单季营收 +33.7%、累计毛利率 29.4%,价格 2026-09-30 收盘；财务截至 2026-06-30（同花顺财务摘要，累计口径，已还原为单季）；TTM = 上年年报 + 本期累计 − 上年同期累计；程序化情景规则见「研究标准」页，不是目标价。,90.22,,,,True,仅字段与算术审计，未完成一手深研,,保留历史筛选；模型未获本轮认证
688223,晶科能源,回避,回避：TTM 亏损，PE 不适用；最新单季营收 -30.6%、累计毛利率 3.4%,价格 2026-09-30 收盘；财务截至 2026-06-30（同花顺财务摘要，累计口径，已还原为单季）；TTM = 上年年报 + 本期累计 − 上年同期累计；程序化情景规则见「研究标准」页，不是目标价。,3.83,,,,True,仅字段与算术审计，未完成一手深研,,保留历史筛选；模型未获本轮认证
688234,天岳先进,回避,回避：TTM 亏损，PE 不适用；最新单季营收 +42.0%、累计毛利率 22.9%,价格 2026-09-30 收盘；财务截至 2026-06-30（同花顺财务摘要，累计口径，已还原为单季）；TTM = 上年年报 + 本期累计 − 上年同期累计；程序化情景规则见「研究标准」页，不是目标价。,104.39,,,,True,仅字段与算术审计，未完成一手深研,,保留历史筛选；模型未获本轮认证
688235,百济神州,观察,观察：TTM PE 89.4×（行业中位 20.2×），基准 -48% ÷ 悲观 −89%，不成立；最新单季营收 +23.3%、累计毛利率 89.5%,价格 2026-09-30 收盘；财务截至 2026-06-30（同花顺财务摘要，累计口径，已还原为单季）；TTM = 上年年报 + 本期累计 − 上年同期累计；程序化情景规则见「研究标准」页，不是目标价。,264.41,29.3,137.6,-0.5393645527625368,True,仅字段与算术审计，未完成一手深研,,保留历史筛选；模型未获本轮认证
688248,南网科技,观察,观察：TTM PE 69.5×（行业中位 19.7×），基准 -45% ÷ 悲观 −87%，不成立；最新单季营收 -7.2%、累计毛利率 34.1%,价格 2026-09-30 收盘；财务截至 2026-06-30（同花顺财务摘要，累计口径，已还原为单季）；TTM = 上年年报 + 本期累计 − 上年同期累计；程序化情景规则见「研究标准」页，不是目标价。,49.76,6.4,27.2,-0.5202952029520295,True,仅字段与算术审计，未完成一手深研,,保留历史筛选；模型未获本轮认证
688266,泽璟制药,观察,观察：TTM PE 52.9×（行业中位 20.2×），基准 -17% ÷ 悲观 −81%，不成立（数据稳定性存疑，见劣势）；最新单季营收 +44.2%、累计毛利率 94.6%,价格 2026-09-30 收盘；财务截至 2026-06-30（同花顺财务摘要，累计口径，已还原为单季）；TTM = 上年年报 + 本期累计 − 上年同期累计；程序化情景规则见「研究标准」页，不是目标价。,110.0,20.6,91.1,-0.21140939597315442,True,仅字段与算术审计，未完成一手深研,,保留历史筛选；模型未获本轮认证
688271,联影医疗,观察,观察：TTM PE 49.8×（行业中位 20.2×），基准 -21% ÷ 悲观 −80%，不成立；最新单季营收 +17.1%、累计毛利率 47.2%,价格 2026-09-30 收盘；财务截至 2026-06-30（同花顺财务摘要，累计口径，已还原为单季）；TTM = 上年年报 + 本期累计 − 上年同期累计；程序化情景规则见「研究标准」页，不是目标价。,107.37,21.4,84.5,-0.26602303128998495,True,仅字段与算术审计，未完成一手深研,,保留历史筛选；模型未获本轮认证
688278,特宝生物,观察,观察：TTM PE 20.0×（行业中位 20.2×），基准 +17% ÷ 悲观 −50% ≈ 0.35:1；最新单季营收 +24.0%、累计毛利率 88.9%,价格 2026-09-30 收盘；财务截至 2026-06-30（同花顺财务摘要，累计口径，已还原为单季）；TTM = 上年年报 + 本期累计 − 上年同期累计；程序化情景规则见「研究标准」页，不是目标价。,52.89,26.3,62.1,0.34637081609627685,True,仅字段与算术审计，未完成一手深研,,保留历史筛选；模型未获本轮认证
688281,华秦科技,观察,观察：TTM PE 39.7×（行业中位 19.7×），基准 -10% ÷ 悲观 −78%，不成立；最新单季营收 +58.2%、累计毛利率 43.4%,价格 2026-09-30 收盘；财务截至 2026-06-30（同花顺财务摘要，累计口径，已还原为单季）；TTM = 上年年报 + 本期累计 − 上年同期累计；程序化情景规则见「研究标准」页，不是目标价。,48.47,10.9,43.5,-0.13228639872238485,True,仅字段与算术审计，未完成一手深研,,保留历史筛选；模型未获本轮认证
688297,中无人机,观察,观察：TTM PE 254.8×（行业中位 19.7×），基准 -81% ÷ 悲观 −97%，不成立（数据稳定性存疑，见劣势）；最新单季营收 +422.2%、累计毛利率 10.7%,价格 2026-09-30 收盘；财务截至 2026-06-30（同花顺财务摘要，累计口径，已还原为单季）；TTM = 上年年报 + 本期累计 − 上年同期累计；程序化情景规则见「研究标准」页，不是目标价。,41.79,1.5,7.9,-0.8411516505336312,True,仅字段与算术审计，未完成一手深研,,保留历史筛选；模型未获本轮认证
688301,奕瑞科技,观察,观察：TTM PE 23.4×（行业中位 20.2×），基准 +12% ÷ 悲观 −58% ≈ 0.20:1；最新单季营收 +68.4%、累计毛利率 47.7%,价格 2026-09-30 收盘；财务截至 2026-06-30（同花顺财务摘要，累计口径，已还原为单季）；TTM = 上年年报 + 本期累计 − 上年同期累计；程序化情景规则见「研究标准」页，不是目标价。,83.2,35.2,92.9,0.2020833333333334,True,仅字段与算术审计，未完成一手深研,,保留历史筛选；模型未获本轮认证
688303,大全能源,回避,回避：TTM 亏损，PE 不适用；最新单季营收 -22.9%、累计毛利率 -74.4%,价格 2026-09-30 收盘；财务截至 2026-06-30（同花顺财务摘要，累计口径，已还原为单季）；TTM = 上年年报 + 本期累计 − 上年同期累计；程序化情景规则见「研究标准」页，不是目标价。,15.99,,,,True,仅字段与算术审计，未完成一手深研,,保留历史筛选；模型未获本轮认证
688313,仕佳光子,观察,观察：TTM PE 148.5×（行业中位 29.4×），基准 -68% ÷ 悲观 −90%，不成立（数据稳定性存疑，见劣势）；最新单季营收 +64.8%、累计毛利率 36.2%,价格 2026-09-30 收盘；财务截至 2026-06-30（同花顺财务摘要，累计口径，已还原为单季）；TTM = 上年年报 + 本期累计 − 上年同期累计；程序化情景规则见「研究标准」页，不是目标价。,154.48,14.7,49.9,-0.7481757046787808,True,仅字段与算术审计，未完成一手深研,,保留历史筛选；模型未获本轮认证
688318,财富趋势,观察,观察：TTM PE 63.6×（行业中位 42.5×），基准 -40% ÷ 悲观 −70%，不成立；最新单季营收 -13.8%、累计毛利率 67.7%,价格 2026-09-30 收盘；财务截至 2026-06-30（同花顺财务摘要，累计口径，已还原为单季）；TTM = 上年年报 + 本期累计 − 上年同期累计；程序化情景规则见「研究标准」页，不是目标价。,74.56,22.4,44.5,-0.5763036809815951,True,仅字段与算术审计，未完成一手深研,,保留历史筛选；模型未获本轮认证
688322,奥比中光,观察,观察：TTM PE 308.4×（行业中位 42.5×），基准 -87% ÷ 悲观 −94%，不成立（数据稳定性存疑，见劣势）；最新单季营收 -3.7%、累计毛利率 48.5%,价格 2026-09-30 收盘；财务截至 2026-06-30（同花顺财务摘要，累计口径，已还原为单季）；TTM = 上年年报 + 本期累计 − 上年同期累计；程序化情景规则见「研究标准」页，不是目标价。,84.4,5.2,10.7,-0.9305555555555556,True,仅字段与算术审计，未完成一手深研,,保留历史筛选；模型未获本轮认证
688331,荣昌生物,观察,观察：TTM PE 11.3×（行业中位 20.2×），基准 +50% ÷ 悲观 −18% ≈ 2.78:1（数据稳定性存疑，见劣势）；最新单季营收 +808.6%、累计毛利率 95.7%,价格 2026-09-30 收盘；财务截至 2026-06-30（同花顺财务摘要，累计口径，已还原为单季）；TTM = 上年年报 + 本期累计 − 上年同期累计；程序化情景规则见「研究标准」页，不是目标价。,117.34,96.2,176.0,2.7748344370860925,True,原件核实,117.34,观察：授权收入不可持续EPS化，撤回统一PE模型
688336,三生国健,观察,观察：TTM PE 13.2×（行业中位 20.2×），基准 +50% ÷ 悲观 −25% ≈ 2.02:1（数据稳定性存疑，见劣势）；最新单季营收 +31.4%、累计毛利率 80.5%,价格 2026-09-30 收盘；财务截至 2026-06-30（同花顺财务摘要，累计口径，已还原为单季）；TTM = 上年年报 + 本期累计 − 上年同期累计；程序化情景规则见「研究标准」页，不是目标价。,41.43,31.2,62.1,2.0205278592375366,True,原件核实,41.43,观察：里程碑收入与负现金，撤回持续EPS外推
688343,云天励飞,回避,回避：TTM 亏损，PE 不适用；最新单季营收 -15.2%、累计毛利率 29.1%,价格 2026-09-30 收盘；财务截至 2026-06-30（同花顺财务摘要，累计口径，已还原为单季）；TTM = 上年年报 + 本期累计 − 上年同期累计；程序化情景规则见「研究标准」页，不是目标价。,60.0,,,,True,仅字段与算术审计，未完成一手深研,,保留历史筛选；模型未获本轮认证
688347,华虹宏力,观察,观察：TTM PE 514.0×（行业中位 42.5×），基准 -91% ÷ 悲观 −96%，不成立；最新单季营收 +20.6%、累计毛利率 19.4%,价格 2026-09-30 收盘；财务截至 2026-06-30（同花顺财务摘要，累计口径，已还原为单季）；TTM = 上年年报 + 本期累计 − 上年同期累计；程序化情景规则见「研究标准」页，不是目标价。,207.92,7.7,18.5,-0.9460593347317949,True,仅字段与算术审计，未完成一手深研,,保留历史筛选；模型未获本轮认证
688349,三一重能,观察,观察：TTM PE 21.8×（行业中位 19.7×），基准 -2% ÷ 悲观 −59%，不成立（数据稳定性存疑，见劣势）；最新单季营收 +4.2%、累计毛利率 8.6%,价格 2026-09-30 收盘；财务截至 2026-06-30（同花顺财务摘要，累计口径，已还原为单季）；TTM = 上年年报 + 本期累计 − 上年同期累计；程序化情景规则见「研究标准」页，不是目标价。,13.24,5.4,13.0,-0.03061224489795921,True,仅字段与算术审计，未完成一手深研,,保留历史筛选；模型未获本轮认证
688361,中科飞测,回避,回避：TTM 亏损，PE 不适用；最新单季营收 +33.6%、累计毛利率 46.1%,价格 2026-09-30 收盘；财务截至 2026-06-30（同花顺财务摘要，累计口径，已还原为单季）；TTM = 上年年报 + 本期累计 − 上年同期累计；程序化情景规则见「研究标准」页，不是目标价。,349.09,,,,True,仅字段与算术审计，未完成一手深研,,保留历史筛选；模型未获本轮认证
688363,华熙生物,观察,观察：TTM PE 74.4×（行业中位 19.4×），基准 -49% ÷ 悲观 −87%，不成立；最新单季营收 -21.6%、累计毛利率 68.0%,价格 2026-09-30 收盘；财务截至 2026-06-30（同花顺财务摘要，累计口径，已还原为单季）；TTM = 上年年报 + 本期累计 − 上年同期累计；程序化情景规则见「研究标准」页，不是目标价。,34.81,4.6,17.8,-0.5630585898709037,True,仅字段与算术审计，未完成一手深研,,保留历史筛选；模型未获本轮认证
688375,国博电子,观察,观察：TTM PE 94.4×（行业中位 19.7×），基准 -60% ÷ 悲观 −91%，不成立（数据稳定性存疑，见劣势）；最新单季营收 -21.2%、累计毛利率 35.7%,价格 2026-09-30 收盘；财务截至 2026-06-30（同花顺财务摘要，累计口径，已还原为单季）；TTM = 上年年报 + 本期累计 − 上年同期累计；程序化情景规则见「研究标准」页，不是目标价。,64.02,6.0,25.8,-0.6587383660806618,True,仅字段与算术审计，未完成一手深研,,保留历史筛选；模型未获本轮认证
688385,复旦微电,观察,观察：TTM PE 52.2×（行业中位 42.5×），基准 -10% ÷ 悲观 −63%，不成立（数据稳定性存疑，见劣势）；最新单季营收 +25.4%、累计毛利率 57.0%,价格 2026-09-30 收盘；财务截至 2026-06-30（同花顺财务摘要，累计口径，已还原为单季）；TTM = 上年年报 + 本期累计 − 上年同期累计；程序化情景规则见「研究标准」页，不是目标价。,56.18,20.6,50.7,-0.15401911186059575,True,仅字段与算术审计，未完成一手深研,,保留历史筛选；模型未获本轮认证
688387,信科移动,回避,回避：TTM 亏损，PE 不适用；最新单季营收 +3.3%、累计毛利率 25.8%,价格 2026-09-30 收盘；财务截至 2026-06-30（同花顺财务摘要，累计口径，已还原为单季）；TTM = 上年年报 + 本期累计 − 上年同期累计；程序化情景规则见「研究标准」页，不是目标价。,11.46,,,,True,仅字段与算术审计，未完成一手深研,,保留历史筛选；模型未获本轮认证
688396,华润微,观察,观察：TTM PE 70.0×（行业中位 42.5×），基准 -37% ÷ 悲观 −73%，不成立；最新单季营收 +14.3%、累计毛利率 26.6%,价格 2026-09-30 收盘；财务截至 2026-06-30（同花顺财务摘要，累计口径，已还原为单季）；TTM = 上年年报 + 本期累计 − 上年同期累计；程序化情景规则见「研究标准」页，不是目标价。,55.1,15.0,34.6,-0.5112219451371571,True,仅字段与算术审计，未完成一手深研,,保留历史筛选；模型未获本轮认证
688411,海博思创,观察,观察：TTM PE 22.0×（行业中位 19.7×），基准 +14% ÷ 悲观 −60% ≈ 0.23:1（数据稳定性存疑，见劣势）；最新单季营收 +32.1%、累计毛利率 21.5%,价格 2026-09-30 收盘；财务截至 2026-06-30（同花顺财务摘要，累计口径，已还原为单季）；TTM = 上年年报 + 本期累计 − 上年同期累计；程序化情景规则见「研究标准」页，不是目标价。,158.86,64.1,180.8,0.23153229210637394,True,仅字段与算术审计，未完成一手深研,,保留历史筛选；模型未获本轮认证
688425,铁建重工,观察,观察：TTM PE 16.7×（行业中位 19.7×），基准 +4% ÷ 悲观 −47% ≈ 0.08:1；最新单季营收 -16.0%、累计毛利率 27.9%,价格 2026-09-30 收盘；财务截至 2026-06-30（同花顺财务摘要，累计口径，已还原为单季）；TTM = 上年年报 + 本期累计 − 上年同期累计；程序化情景规则见「研究标准」页，不是目标价。,3.95,2.1,4.1,0.0810810810810808,True,仅字段与算术审计，未完成一手深研,,保留历史筛选；模型未获本轮认证
688469,芯联集成,回避,回避：TTM 亏损，PE 不适用；最新单季营收 +47.6%、累计毛利率 12.7%,价格 2026-09-30 收盘；财务截至 2026-06-30（同花顺财务摘要，累计口径，已还原为单季）；TTM = 上年年报 + 本期累计 − 上年同期累计；程序化情景规则见「研究标准」页，不是目标价。,8.86,,,,True,仅字段与算术审计，未完成一手深研,,保留历史筛选；模型未获本轮认证
688472,阿特斯,观察,观察：TTM PE 52.2×（行业中位 19.7×），基准 -35% ÷ 悲观 −83%，不成立（数据稳定性存疑，见劣势）；最新单季营收 -54.6%、累计毛利率 14.5%,价格 2026-09-30 收盘；财务截至 2026-06-30（同花顺财务摘要，累计口径，已还原为单季）；TTM = 上年年报 + 本期累计 − 上年同期累计；程序化情景规则见「研究标准」页，不是目标价。,8.42,1.4,5.5,-0.41595441595441596,True,仅字段与算术审计，未完成一手深研,,保留历史筛选；模型未获本轮认证
688475,萤石网络,观察,观察：TTM PE 31.6×（行业中位 42.5×），基准 +26% ÷ 悲观 −40% ≈ 0.65:1；最新单季营收 +10.2%、累计毛利率 50.3%,价格 2026-09-30 收盘；财务截至 2026-06-30（同花顺财务摘要，累计口径，已还原为单季）；TTM = 上年年报 + 本期累计 − 上年同期累计；程序化情景规则见「研究标准」页，不是目标价。,27.1,16.4,34.0,0.6448598130841119,True,仅字段与算术审计，未完成一手深研,,保留历史筛选；模型未获本轮认证
688498,源杰科技,观察,观察：TTM PE 366.7×（行业中位 42.5×），基准 -87% ÷ 悲观 −95%，不成立（数据稳定性存疑，见劣势）；最新单季营收 +372.6%、累计毛利率 80.4%,价格 2026-09-30 收盘；财务截至 2026-06-30（同花顺财务摘要，累计口径，已还原为单季）；TTM = 上年年报 + 本期累计 − 上年同期累计；程序化情景规则见「研究标准」页，不是目标价。,1613.0,84.1,211.1,-0.9169337432140755,True,仅字段与算术审计，未完成一手深研,,保留历史筛选；模型未获本轮认证
688506,百利天恒,回避,回避：TTM 亏损，PE 不适用；最新单季营收 -10.8%、累计毛利率 48.1%,价格 2026-09-30 收盘；财务截至 2026-06-30（同花顺财务摘要，累计口径，已还原为单季）；TTM = 上年年报 + 本期累计 − 上年同期累计；程序化情景规则见「研究标准」页，不是目标价。,242.0,,,,True,仅字段与算术审计，未完成一手深研,,保留历史筛选；模型未获本轮认证
688520,神州细胞,回避,回避：TTM 亏损，PE 不适用；最新单季营收 -25.7%、累计毛利率 90.3%,价格 2026-09-30 收盘；财务截至 2026-06-30（同花顺财务摘要，累计口径，已还原为单季）；TTM = 上年年报 + 本期累计 − 上年同期累计；程序化情景规则见「研究标准」页，不是目标价。,37.05,,,,True,仅字段与算术审计，未完成一手深研,,保留历史筛选；模型未获本轮认证
688521,芯原股份,回避,回避：TTM 亏损，PE 不适用；最新单季营收 +76.0%、累计毛利率 31.3%,价格 2026-09-30 收盘；财务截至 2026-06-30（同花顺财务摘要，累计口径，已还原为单季）；TTM = 上年年报 + 本期累计 − 上年同期累计；程序化情景规则见「研究标准」页，不是目标价。,171.68,,,,True,仅字段与算术审计，未完成一手深研,,保留历史筛选；模型未获本轮认证
688538,和辉光电,回避,回避：TTM 亏损，PE 不适用；最新单季营收 -6.4%、累计毛利率 -15.3%,价格 2026-09-30 收盘；财务截至 2026-06-30（同花顺财务摘要，累计口径，已还原为单季）；TTM = 上年年报 + 本期累计 − 上年同期累计；程序化情景规则见「研究标准」页，不是目标价。,2.07,,,,True,仅字段与算术审计，未完成一手深研,,保留历史筛选；模型未获本轮认证
688561,奇安信,回避,回避：TTM 亏损，PE 不适用；最新单季营收 -26.1%、累计毛利率 51.0%,价格 2026-09-30 收盘；财务截至 2026-06-30（同花顺财务摘要，累计口径，已还原为单季）；TTM = 上年年报 + 本期累计 − 上年同期累计；程序化情景规则见「研究标准」页，不是目标价。,29.9,,,,True,仅字段与算术审计，未完成一手深研,,保留历史筛选；模型未获本轮认证
688563,航材股份,观察,观察：TTM PE 46.4×（行业中位 19.7×），基准 -31% ÷ 悲观 −81%，不成立；最新单季营收 -4.0%、累计毛利率 25.9%,价格 2026-09-30 收盘；财务截至 2026-06-30（同花顺财务摘要，累计口径，已还原为单季）；TTM = 上年年报 + 本期累计 − 上年同期累计；程序化情景规则见「研究标准」页，不是目标价。,50.09,9.6,34.7,-0.38009385033341564,True,仅字段与算术审计，未完成一手深研,,保留历史筛选；模型未获本轮认证
688568,中科星图,回避,回避：TTM 亏损，PE 不适用；最新单季营收 -63.2%、累计毛利率 38.4%,价格 2026-09-30 收盘；财务截至 2026-06-30（同花顺财务摘要，累计口径，已还原为单季）；TTM = 上年年报 + 本期累计 − 上年同期累计；程序化情景规则见「研究标准」页，不是目标价。,29.19,,,,True,仅字段与算术审计，未完成一手深研,,保留历史筛选；模型未获本轮认证
688578,艾力斯,观察,观察：TTM PE 18.8×（行业中位 20.2×），基准 +24% ÷ 悲观 −47% ≈ 0.52:1；最新单季营收 +36.1%、累计毛利率 94.8%,价格 2026-09-30 收盘；财务截至 2026-06-30（同花顺财务摘要，累计口径，已还原为单季）；TTM = 上年年报 + 本期累计 − 上年同期累计；程序化情景规则见「研究标准」页，不是目标价。,111.58,59.0,138.9,0.5195891974134653,True,仅字段与算术审计，未完成一手深研,,保留历史筛选；模型未获本轮认证
688582,芯动联科,观察,观察：TTM PE 77.2×（行业中位 42.5×），基准 -51% ÷ 悲观 −75%，不成立；最新单季营收 -35.9%、累计毛利率 77.5%,价格 2026-09-30 收盘；财务截至 2026-06-30（同花顺财务摘要，累计口径，已还原为单季）；TTM = 上年年报 + 本期累计 − 上年同期累计；程序化情景规则见「研究标准」页，不是目标价。,35.92,8.9,17.7,-0.6743153219837158,True,仅字段与算术审计，未完成一手深研,,保留历史筛选；模型未获本轮认证
688599,天合光能,回避,回避：TTM 亏损，PE 不适用；最新单季营收 -9.4%、累计毛利率 7.6%,价格 2026-09-30 收盘；财务截至 2026-06-30（同花顺财务摘要，累计口径，已还原为单季）；TTM = 上年年报 + 本期累计 − 上年同期累计；程序化情景规则见「研究标准」页，不是目标价。,10.99,,,,True,仅字段与算术审计，未完成一手深研,,保留历史筛选；模型未获本轮认证
688608,恒玄科技,观察,观察：TTM PE 40.0×（行业中位 42.5×），基准 -5% ÷ 悲观 −52%，不成立；最新单季营收 -27.7%、累计毛利率 42.5%,价格 2026-09-30 收盘；财务截至 2026-06-30（同花顺财务摘要，累计口径，已还原为单季）；TTM = 上年年报 + 本期累计 − 上年同期累计；程序化情景规则见「研究标准」页，不是目标价。,109.61,52.4,104.2,-0.09456388743226703,True,仅字段与算术审计，未完成一手深研,,保留历史筛选；模型未获本轮认证
688615,合合信息,条件关注,条件关注：TTM PE 25.0×（行业中位 42.5×），基准 +40% ÷ 悲观 −25% ≈ 1.62:1；最新单季营收 +17.6%、累计毛利率 87.0%,价格 2026-09-30 收盘；财务截至 2026-06-30（同花顺财务摘要，累计口径，已还原为单季）；TTM = 上年年报 + 本期累计 − 上年同期累计；程序化情景规则见「研究标准」页，不是目标价。,83.21,62.4,116.9,1.6189332051898135,True,仅字段与算术审计，未完成一手深研,,保留历史筛选；模型未获本轮认证
688617,惠泰医疗,观察,观察：TTM PE 37.5×（行业中位 20.2×），基准 -9% ÷ 悲观 −74%，不成立；最新单季营收 +26.5%、累计毛利率 73.0%,价格 2026-09-30 收盘；财务截至 2026-06-30（同花顺财务摘要，累计口径，已还原为单季）；TTM = 上年年报 + 本期累计 − 上年同期累计；程序化情景规则见「研究标准」页，不是目标价。,248.25,65.6,226.1,-0.12127018888584727,True,仅字段与算术审计，未完成一手深研,,保留历史筛选；模型未获本轮认证
688629,华丰科技,观察,观察：TTM PE 131.4×（行业中位 19.7×），基准 -71% ÷ 悲观 −93%，不成立（数据稳定性存疑，见劣势）；最新单季营收 -10.2%、累计毛利率 26.4%,价格 2026-09-30 收盘；财务截至 2026-06-30（同花顺财务摘要，累计口径，已还原为单季）；TTM = 上年年报 + 本期累计 − 上年同期累计；程序化情景规则见「研究标准」页，不是目标价。,101.35,6.8,29.3,-0.7620306716023268,True,仅字段与算术审计，未完成一手深研,,保留历史筛选；模型未获本轮认证
688676,金盘科技,观察,观察：TTM PE 40.4×（行业中位 19.7×），基准 -19% ÷ 悲观 −78%，不成立；最新单季营收 +12.3%、累计毛利率 27.4%,价格 2026-09-30 收盘；财务截至 2026-06-30（同花顺财务摘要，累计口径，已还原为单季）；TTM = 上年年报 + 本期累计 − 上年同期累计；程序化情景规则见「研究标准」页，不是目标价。,61.53,13.5,49.7,-0.2463043930876535,True,仅字段与算术审计，未完成一手深研,,保留历史筛选；模型未获本轮认证
688692,达梦数据,观察,观察：TTM PE 38.9×（行业中位 42.5×），基准 +13% ÷ 悲观 −51% ≈ 0.26:1；最新单季营收 +14.0%、累计毛利率 95.4%,价格 2026-09-30 收盘；财务截至 2026-06-30（同花顺财务摘要，累计口径，已还原为单季）；TTM = 上年年报 + 本期累计 − 上年同期累计；程序化情景规则见「研究标准」页，不是目标价。,182.72,89.9,206.4,0.2551174315880199,True,仅字段与算术审计，未完成一手深研,,保留历史筛选；模型未获本轮认证
688702,盛科通信,回避,回避：TTM 亏损，PE 不适用；最新单季营收 +48.4%、累计毛利率 44.0%,价格 2026-09-30 收盘；财务截至 2026-06-30（同花顺财务摘要，累计口径，已还原为单季）；TTM = 上年年报 + 本期累计 − 上年同期累计；程序化情景规则见「研究标准」页，不是目标价。,284.91,,,,True,仅字段与算术审计，未完成一手深研,,保留历史筛选；模型未获本轮认证
688708,佳驰科技,观察,观察：TTM PE 38.9×（行业中位 19.7×），基准 -28% ÷ 悲观 −77%，不成立；最新单季营收 -15.8%、累计毛利率 67.0%,价格 2026-09-30 收盘；财务截至 2026-06-30（同花顺财务摘要，累计口径，已还原为单季）；TTM = 上年年报 + 本期累计 − 上年同期累计；程序化情景规则见「研究标准」页，不是目标价。,38.3,8.7,27.4,-0.3682432432432432,True,仅字段与算术审计，未完成一手深研,,保留历史筛选；模型未获本轮认证
688709,成都华微,回避,回避：TTM 亏损，PE 不适用；最新单季营收 -26.1%、累计毛利率 66.7%,价格 2026-09-30 收盘；财务截至 2026-06-30（同花顺财务摘要，累计口径，已还原为单季）；TTM = 上年年报 + 本期累计 − 上年同期累计；程序化情景规则见「研究标准」页，不是目标价。,24.61,,,,True,仅字段与算术审计，未完成一手深研,,保留历史筛选；模型未获本轮认证
688728,格科微,观察,观察：TTM PE 1255.4×（行业中位 42.5×），基准 -97% ÷ 悲观 −98%，不成立（数据稳定性存疑，见劣势）；最新单季营收 +7.6%、累计毛利率 20.0%,价格 2026-09-30 收盘；财务截至 2026-06-30（同花顺财务摘要，累计口径，已还原为单季）；TTM = 上年年报 + 本期累计 − 上年同期累计；程序化情景规则见「研究标准」页，不是目标价。,13.95,0.2,0.5,-0.9781818181818182,True,仅字段与算术审计，未完成一手深研,,保留历史筛选；模型未获本轮认证
688777,中控技术,观察,观察：TTM PE 260.5×（行业中位 19.7×），基准 -85% ÷ 悲观 −97%，不成立；最新单季营收 -4.2%、累计毛利率 31.7%,价格 2026-09-30 收盘；财务截至 2026-06-30（同花顺财务摘要，累计口径，已还原为单季）；TTM = 上年年报 + 本期累计 − 上年同期累计；程序化情景规则见「研究标准」页，不是目标价。,80.05,2.7,11.9,-0.881060116354234,True,仅字段与算术审计，未完成一手深研,,保留历史筛选；模型未获本轮认证
688778,厦钨新能,观察,观察：TTM PE 24.2×（行业中位 19.7×），基准 +9% ÷ 悲观 −63% ≈ 0.14:1（数据稳定性存疑，见劣势）；最新单季营收 +73.3%、累计毛利率 8.3%,价格 2026-09-30 收盘；财务截至 2026-06-30（同花顺财务摘要，累计口径，已还原为单季）；TTM = 上年年报 + 本期累计 − 上年同期累计；程序化情景规则见「研究标准」页，不是目标价。,43.87,16.1,47.7,0.1379186172128198,True,仅字段与算术审计，未完成一手深研,,保留历史筛选；模型未获本轮认证
688819,天能股份,观察,观察：TTM PE 20.1×（行业中位 19.7×），基准 +11% ÷ 悲观 −56% ≈ 0.20:1；最新单季营收 +17.8%、累计毛利率 12.7%,价格 2026-09-30 收盘；财务截至 2026-06-30（同花顺财务摘要，累计口径，已还原为单季）；TTM = 上年年报 + 本期累计 − 上年同期累计；程序化情景规则见「研究标准」页，不是目标价。,20.78,9.2,23.2,0.20898100172711553,True,仅字段与算术审计，未完成一手深研,,保留历史筛选；模型未获本轮认证
688981,中芯国际,观察,观察：TTM PE 124.3×（行业中位 42.5×），基准 -61% ÷ 悲观 −85%，不成立；最新单季营收 +31.0%、累计毛利率 23.2%,价格 2026-09-30 收盘；财务截至 2026-06-30（同花顺财务摘要，累计口径，已还原为单季）；TTM = 上年年报 + 本期累计 − 上年同期累计；程序化情景规则见「研究标准」页，不是目标价。,111.99,17.2,43.2,-0.7257094630235257,True,仅字段与算术审计，未完成一手深研,,保留历史筛选；模型未获本轮认证
