代码,公司,板块,旧评级,旧结论,旧数据时点,旧价格USD,旧悲观价值USD,旧基准价值USD,旧基准赔率重算,旧模型算术状态,本轮盘中价USD,盘中价与旧情景算术赔率（非认证）,本轮处理,本轮一手证据,一手来源,旧情景及盈利假设,证据缺口
MSFT,微软,信息技术,条件关注（好公司，当前价赔率不足）,营收 +17.7%、净利 +31.3%，增长质量是 IT 里最好的之一；但 $509 已高于基准情景价，Base/Bear 只有 0.58:1，2:1 要等 $450 以下,腾讯自选股 westock，时点 2026-09-21；财务为近 8 个季度滚动口径。情景价格为模型输出，非目标价。,508.96,385.0,580.0,0.573088,旧模型算术<2，非最新结论,517.59,0.470699,经营公告增补；现价安全边际未认证,7/29 官方 FY26Q4 营收约 $90.0bn、同比 +18%；经营现金 $55.441bn − 现金固定资产投入 $35.802bn = 季度 FCF $19.639bn（本轮计算）。盈利兑现有证据，现价安全边际仍未认证。,https://www.microsoft.com/en-us/Investor/earnings/FY-2026-Q4/press-release-webcast,"[{""name"": ""悲观"", ""prob"": ""—"", ""assumption"": ""AI 投入回报不及预期 + 折旧压制利润，EPS 17.5 × 22×"", ""multiple"": ""22× PE"", ""price"": ""$385"", ""change"": ""−24%"", ""trigger"": ""Azure 增速环比下滑且毛利率跌破 66%""}, {""name"": ""基准"", ""prob"": ""—"", ""assumption"": ""2027E EPS 20.0（归一化 TTM 16.9 +18%，研究假设）× 29×"", ""multiple"": ""29× PE"", ""price"": ""$580"", ""change"": ""+14%"", ""trigger"": ""营收维持 +16% 以上，净利率稳在 38%–40%""}, {""name"": ""乐观"", ""prob"": ""—"", ""assumption"": ""Azure AI + Copilot 超预期，EPS 23.0 × 32×"", ""multiple"": ""32× PE"", ""price"": ""$736"", ""change"": ""+45%"", ""trigger"": ""营收增速回升到 20% 以上""}]",旧情景价值尚未重新认证
NVDA,英伟达,信息技术,条件关注（战术仓位，非核心底仓）,营收 +106%、净利 +126%，毛利率 75%，增长与盈利都是 IT 最强；但 $227 已接近基准情景价，Base/Bear 约 0.97:1，2:1 对应约 $205,腾讯自选股 westock，时点 2026-09-21；财务为近 8 个季度滚动口径。情景价格为模型输出，非目标价。,227.21,160.0,294.0,0.993751,旧模型算术<2，非最新结论,230.58,0.898555,经营公告增补；现价安全边际未认证,8/26 官方 FY27Q2 营收 $96.221bn、同比 +106%，数据中心 $89.0bn、+117%，季度 FCF $21.341bn；AI 收入已兑现，但旧模型与现价安全边际仍需独立验证。,https://nvidianews.nvidia.com/news/nvidia-announces-financial-results-for-second-quarter-fiscal-2027,"[{""name"": ""悲观"", ""prob"": ""—"", ""assumption"": ""云厂商 capex 连续两季下调 + ASIC 抢推理份额，EPS 8.0 × 20×"", ""multiple"": ""20× PE"", ""price"": ""$160"", ""change"": ""−30%"", ""trigger"": ""四大云厂商 2027 capex 指引下调""}, {""name"": ""基准"", ""prob"": ""—"", ""assumption"": ""FY28 EPS 10.5（最新季年化 9.8 再 +7%，研究假设）× 28×"", ""multiple"": ""28× PE"", ""price"": ""$294"", ""change"": ""+29%"", ""trigger"": ""Rubin 按期爬坡，毛利率 73%–74%""}, {""name"": ""乐观"", ""prob"": ""—"", ""assumption"": ""云 capex 2027 超预期，EPS 13.0 × 32×"", ""multiple"": ""32× PE"", ""price"": ""$416"", ""change"": ""+83%"", ""trigger"": ""FY28 营收增速超过公司口径 +70%""}]",旧情景价值尚未重新认证
AVGO,博通,信息技术,条件关注（基本面最强之一，价格要求高）,最新季营收 +85.5%、净利 +216%，比旧页所用的那一季（营收 +47.9%）快了一倍；但 $355 对应 TTM PE 45×，Base/Bear 仅 0.36:1，2:1 要 $285 附近,腾讯自选股 westock，时点 2026-09-21；财务为近 8 个季度滚动口径。情景价格为模型输出，非目标价。,355.1,228.0,400.0,0.353265,旧模型算术<2，非最新结论,,,保留旧结论；仅完成模型审计，未逐家公告复核,,,"[{""name"": ""悲观"", ""prob"": ""—"", ""assumption"": ""ASIC 订单递延、非 AI 继续下滑，EPS 9.5 × 24×"", ""multiple"": ""24× PE"", ""price"": ""$228"", ""change"": ""−36%"", ""trigger"": ""大客户转单或延期；毛利率跌破 65%""}, {""name"": ""基准"", ""prob"": ""—"", ""assumption"": ""2027E EPS 12.5（最新季年化 10.7 +17%，研究假设）× 32×"", ""multiple"": ""32× PE"", ""price"": ""$400"", ""change"": ""+13%"", ""trigger"": ""AI 收入继续增长，毛利率 68%–70%""}, {""name"": ""乐观"", ""prob"": ""—"", ""assumption"": ""AI 增速维持，EPS 15.5 × 36×"", ""multiple"": ""36× PE"", ""price"": ""$558"", ""change"": ""+57%"", ""trigger"": ""FY27 AI 收入指引维持连续翻倍表述""}]",本轮最新行情、最新公告及正常化估值未逐家确认
ADBE,Adobe,信息技术,条件关注（低估值，但盈利增速在掉队）,13× TTM PE、毛利率 89%，在 IT 里最便宜；但最新季营收 +12.9% 而净利只有 +3.1%，净利率掉 2.6pt，估值便宜有原因；基准 +17%，悲观 −25%，0.68:1,腾讯自选股 westock，时点 2026-09-21；财务为近 8 个季度滚动口径。情景价格为模型输出，非目标价。,233.17,175.0,273.0,0.684717,旧模型算术<2，非最新结论,,,保留旧结论；仅完成模型审计，未逐家公告复核,,,"[{""name"": ""悲观"", ""prob"": ""—"", ""assumption"": ""AI 冲击与净利率继续下滑，EPS 17.5 × 10×"", ""multiple"": ""10× PE"", ""price"": ""$175"", ""change"": ""−25%"", ""trigger"": ""净利同比转负；净利率 <25%""}, {""name"": ""基准"", ""prob"": ""—"", ""assumption"": ""2027E EPS 19.5（TTM 17.9 +9%，研究假设）× 14×"", ""multiple"": ""14× PE"", ""price"": ""$273"", ""change"": ""+17%"", ""trigger"": ""营收维持 +12%，净利率稳在 27%""}, {""name"": ""乐观"", ""prob"": ""—"", ""assumption"": ""AI 变现验证，EPS 22.0 × 18×"", ""multiple"": ""18× PE"", ""price"": ""$396"", ""change"": ""+70%"", ""trigger"": ""净利增速恢复到 +12% 以上""}]",本轮最新行情、最新公告及正常化估值未逐家确认
APH,安费诺,信息技术,观察（增长极强，价格已跟上）,营收 +55%、净利 +62%、毛利率 40.5%，AI 互连量价齐升；但 $84.3 按拆股调整后 TTM PE 约 42×，基准 +6%，2:1 要 $62 以下,腾讯自选股 westock，时点 2026-09-21；财务为近 8 个季度滚动口径。情景价格为模型输出，非目标价。,84.34,48.0,90.0,0.155751,旧模型算术<2，非最新结论,,,保留旧结论；仅完成模型审计，未逐家公告复核,,,"[{""name"": ""悲观"", ""prob"": ""—"", ""assumption"": ""互连路线切换 + 并购整合不顺，调整后 EPS 2.2 × 22×"", ""multiple"": ""22× PE"", ""price"": ""$48"", ""change"": ""−43%"", ""trigger"": ""毛利率 <37%；AI 机柜出货指引下调""}, {""name"": ""基准"", ""prob"": ""—"", ""assumption"": ""2027E EPS 2.8（最新季年化 2.74，研究假设）× 32×"", ""multiple"": ""32× PE"", ""price"": ""$90"", ""change"": ""+6%"", ""trigger"": ""营收维持 +30% 以上，毛利率 40%–41%""}, {""name"": ""乐观"", ""prob"": ""—"", ""assumption"": ""AI 机柜出货加速，EPS 3.5 × 38×"", ""multiple"": ""38× PE"", ""price"": ""$133"", ""change"": ""+58%"", ""trigger"": ""毛利率 42%+，CCS 整合顺利""}]",本轮最新行情、最新公告及正常化估值未逐家确认
TEL,泰科电子,信息技术,观察（周期回升但增速已从高点回落）,TTM PE 20.8× 在互连里最低，但最新季营收 +13.8%、较 12 月季度 +21.7% 的高点回落；旧页用的是再前一个季度；基准 +9%，2:1 要 $173 以下,腾讯自选股 westock，时点 2026-09-21；财务为近 8 个季度滚动口径。情景价格为模型输出，非目标价。,212.59,144.0,231.0,0.268406,旧模型算术<2，非最新结论,,,保留旧结论；仅完成模型审计，未逐家公告复核,,,"[{""name"": ""悲观"", ""prob"": ""—"", ""assumption"": ""汽车需求走弱、AI 溢价落空，EPS 9.0 × 16×"", ""multiple"": ""16× PE"", ""price"": ""$144"", ""change"": ""−32%"", ""trigger"": ""营收增速回落到 <8%""}, {""name"": ""基准"", ""prob"": ""—"", ""assumption"": ""2027E EPS 11.0（归一化 9.6 +14%，研究假设）× 21×"", ""multiple"": ""21× PE"", ""price"": ""$231"", ""change"": ""+9%"", ""trigger"": ""营收中双位数增长，毛利率 35%–37%""}, {""name"": ""乐观"", ""prob"": ""—"", ""assumption"": ""数据中心占比明显提升，EPS 12.5 × 24×"", ""multiple"": ""24× PE"", ""price"": ""$300"", ""change"": ""+41%"", ""trigger"": ""营收增速回升 >18%""}]",本轮最新行情、最新公告及正常化估值未逐家确认
ANET,Arista Networks,信息技术,观察（质量最好的一档，但价格已含两年增长）,营收 +37.7%、净利 +36.5%，增速连续加速、净利率 40%、无严重杠杆；但 TTM PE 64×，基准 +10%，2:1 要 $154 以下,腾讯自选股 westock，时点 2026-09-21；财务为近 8 个季度滚动口径。情景价格为模型输出，非目标价。,202.86,119.0,224.0,0.252087,旧模型算术<2，非最新结论,,,保留旧结论；仅完成模型审计，未逐家公告复核,,,"[{""name"": ""悲观"", ""prob"": ""—"", ""assumption"": ""云厂商 capex 放缓，EPS 3.4 × 35×"", ""multiple"": ""35× PE"", ""price"": ""$119"", ""change"": ""−41%"", ""trigger"": ""营收增速回落到 <20%；毛利率 <60%""}, {""name"": ""基准"", ""prob"": ""—"", ""assumption"": ""2027E EPS 4.3（TTM 3.17 +36%，研究假设）× 52×"", ""multiple"": ""52× PE"", ""price"": ""$224"", ""change"": ""+10%"", ""trigger"": ""营收维持 +30%，毛利率 61%–63%""}, {""name"": ""乐观"", ""prob"": ""—"", ""assumption"": ""增速维持 35%+，EPS 5.2 × 60×"", ""multiple"": ""60× PE"", ""price"": ""$312"", ""change"": ""+54%"", ""trigger"": ""毛利率企稳 63%+""}]",本轮最新行情、最新公告及正常化估值未逐家确认
CDNS,铿腾电子,信息技术,观察（EDA 双寡头，价格已回到高位）,营收 +24.2%（近两个季度明显加速）、毛利率 85%，EDA 双寡头的质量没问题；但价格较 9/21 上涨约 15%，TTM PE 64×，基准 −7.5%，2:1 要 $221 以下,腾讯自选股 westock，时点 2026-09-21；财务为近 8 个季度滚动口径。情景价格为模型输出，非目标价。,324.17,182.0,300.0,-0.170008,旧模型无正基准上行,,,保留旧结论；仅完成模型审计，未逐家公告复核,,,"[{""name"": ""悲观"", ""prob"": ""—"", ""assumption"": ""设计需求放缓与估值压缩，EPS 5.2 × 35×"", ""multiple"": ""35× PE"", ""price"": ""$182"", ""change"": ""−44%"", ""trigger"": ""营收增速回落到 <10%""}, {""name"": ""基准"", ""prob"": ""—"", ""assumption"": ""2027E EPS 6.0（TTM 5.0 +19%，研究假设）× 50×"", ""multiple"": ""50× PE"", ""price"": ""$300"", ""change"": ""−7.5%"", ""trigger"": ""营收维持 +18%，净利率 23%–25%""}, {""name"": ""乐观"", ""prob"": ""—"", ""assumption"": ""AI 芯片需求强劲，EPS 7.2 × 58×"", ""multiple"": ""58× PE"", ""price"": ""$418"", ""change"": ""+29%"", ""trigger"": ""营收增速 >25%""}]",本轮最新行情、最新公告及正常化估值未逐家确认
TXN,德州仪器,信息技术,观察（周期复苏已被定价）,营收 +22.8%、净利 +52.9%，模拟周期进入复苏；$282 对应 TTM PE 42.9×，基准 −9%，2:1 要 $185 以下,腾讯自选股 westock，时点 2026-09-21；财务为近 8 个季度滚动口径。情景价格为模型输出，非目标价。,281.69,150.0,255.0,-0.202673,旧模型无正基准上行,,,保留旧结论；仅完成模型审计，未逐家公告复核,,,"[{""name"": ""悲观"", ""prob"": ""—"", ""assumption"": ""复苏中断，EPS 6.8 × 22×"", ""multiple"": ""22× PE"", ""price"": ""$150"", ""change"": ""−47%"", ""trigger"": ""营收增速回落到 <10%；毛利率 <58%""}, {""name"": ""基准"", ""prob"": ""—"", ""assumption"": ""2027E EPS 8.5（最新季年化 8.56，研究假设）× 30×"", ""multiple"": ""30× PE"", ""price"": ""$255"", ""change"": ""−9%"", ""trigger"": ""营收维持 +20%，毛利率 60%–62%""}, {""name"": ""乐观"", ""prob"": ""—"", ""assumption"": ""复苏延续，EPS 10.5 × 33×"", ""multiple"": ""33× PE"", ""price"": ""$347"", ""change"": ""+23%"", ""trigger"": ""营收增速 >25%，毛利率 >63%""}]",本轮最新行情、最新公告及正常化估值未逐家确认
ADI,亚德诺,信息技术,观察（周期反转加速，价格不低）,最新季营收 +39.6%、净利 +158%、毛利率 67.3%（+5.2pt），比旧页所用季度更强；但 $398 对应 TTM PE 47×，基准 −1%，2:1 要 $279 以下,腾讯自选股 westock，时点 2026-09-21；财务为近 8 个季度滚动口径。情景价格为模型输出，非目标价。,398.22,221.0,396.0,-0.012527,旧模型无正基准上行,,,保留旧结论；仅完成模型审计，未逐家公告复核,,,"[{""name"": ""悲观"", ""prob"": ""—"", ""assumption"": ""周期回落、估值回 26×，EPS 8.5"", ""multiple"": ""26× PE"", ""price"": ""$221"", ""change"": ""−45%"", ""trigger"": ""营收增速回落到 <15%""}, {""name"": ""基准"", ""prob"": ""—"", ""assumption"": ""2027E EPS 11.0（最新季年化 10.96，研究假设）× 36×"", ""multiple"": ""36× PE"", ""price"": ""$396"", ""change"": ""−1%"", ""trigger"": ""营收维持 +30%，毛利率 66%–68%""}, {""name"": ""乐观"", ""prob"": ""—"", ""assumption"": ""复苏延续，EPS 13.5 × 40×"", ""multiple"": ""40× PE"", ""price"": ""$540"", ""change"": ""+36%"", ""trigger"": ""营收增速维持 35% 以上""}]",本轮最新行情、最新公告及正常化估值未逐家确认
AMAT,应用材料,信息技术,观察（周期反弹，价格跟得太快）,营收 +24.8%（此前 2 个季度 −3%/−2%）、净利 +42.7%，设备周期明确反弹；但价格较 9/21 上涨约 15%，TTM PE 44×，基准 −4%，2:1 要 $339 以下,腾讯自选股 westock，时点 2026-09-21；财务为近 8 个季度滚动口径。情景价格为模型输出，非目标价。,512.01,264.0,490.0,-0.088746,旧模型无正基准上行,,,保留旧结论；仅完成模型审计，未逐家公告复核,,,"[{""name"": ""悲观"", ""prob"": ""—"", ""assumption"": ""设备周期回落、出口管制冲击，EPS 11.0 × 24×"", ""multiple"": ""24× PE"", ""price"": ""$264"", ""change"": ""−48%"", ""trigger"": ""营收增速回落到 <10%；中国收入大幅下降""}, {""name"": ""基准"", ""prob"": ""—"", ""assumption"": ""2027E EPS 14.0（最新季年化 12.7 +10%，研究假设）× 35×"", ""multiple"": ""35× PE"", ""price"": ""$490"", ""change"": ""−4%"", ""trigger"": ""营收维持 +20%，毛利率 49%–51%""}, {""name"": ""乐观"", ""prob"": ""—"", ""assumption"": ""晶圆厂 capex 超预期，EPS 17.5 × 40×"", ""multiple"": ""40× PE"", ""price"": ""$700"", ""change"": ""+37%"", ""trigger"": ""营收增速 >30%""}]",本轮最新行情、最新公告及正常化估值未逐家确认
LRCX,泛林集团,信息技术,观察（周期加速中，价格涨得更快）,最新季营收 +30%（较此前两季 +22%、+24% 提速）、净利 +32%，比旧页所用的季度（+22.1%）更强；但 $324 较 9/21 上涨 12%，TTM PE 56×，基准 −6%，2:1 要 $205 以下,腾讯自选股 westock，时点 2026-09-21；财务为近 8 个季度滚动口径。情景价格为模型输出，非目标价。,323.86,156.0,304.0,-0.118313,旧模型无正基准上行,,,保留旧结论；仅完成模型审计，未逐家公告复核,,,"[{""name"": ""悲观"", ""prob"": ""—"", ""assumption"": ""存储资本开支回落、WFE 下修，EPS 6.0 × 26×"", ""multiple"": ""26× PE"", ""price"": ""$156"", ""change"": ""−52%"", ""trigger"": ""营收增速回落到 <10%""}, {""name"": ""基准"", ""prob"": ""—"", ""assumption"": ""2027E EPS 8.0（最新季年化 7.2 +10%，研究假设）× 38×"", ""multiple"": ""38× PE"", ""price"": ""$304"", ""change"": ""−6%"", ""trigger"": ""营收维持 +20%，毛利率 50%–52%""}, {""name"": ""乐观"", ""prob"": ""—"", ""assumption"": ""存储扩产延续，EPS 10.0 × 42×"", ""multiple"": ""42× PE"", ""price"": ""$420"", ""change"": ""+30%"", ""trigger"": ""营收增速维持 30% 以上""}]",本轮最新行情、最新公告及正常化估值未逐家确认
MU,美光科技,信息技术,观察（周期高点，不追）,"营收 +346%（环比 +74%）、毛利率 84.6%、净利率 68%，存储周期处于极端高点；$1,065 只有 24× TTM，但年化 11×，市场在定价盈利不可持续",腾讯自选股 westock，时点 2026-09-21；财务为近 8 个季度滚动口径。情景价格为模型输出，非目标价。,1065.08,240.0,720.0,-0.418238,旧模型无正基准上行,,,保留旧结论；仅完成模型审计，未逐家公告复核,,,"[{""name"": ""悲观"", ""prob"": ""—"", ""assumption"": ""存储价格回落，EPS 30 × 8×"", ""multiple"": ""8× PE"", ""price"": ""$240"", ""change"": ""−77%"", ""trigger"": ""合约价连续两季下跌；毛利率回落到 60% 以下""}, {""name"": ""基准"", ""prob"": ""—"", ""assumption"": ""正常化 EPS 60（介于周期均值与当前年化之间，研究假设）× 12×"", ""multiple"": ""12× PE"", ""price"": ""$720"", ""change"": ""−32%"", ""trigger"": ""毛利率维持 70%+""}, {""name"": ""乐观"", ""prob"": ""—"", ""assumption"": ""景气延续，EPS 100 × 14×"", ""multiple"": ""14× PE"", ""price"": ""$1,400"", ""change"": ""+31%"", ""trigger"": ""毛利率持续 >80%""}]",本轮最新行情、最新公告及正常化估值未逐家确认
MPWR,美国芯源,信息技术,观察（质地最优，价格最贵）,"营收 +47.6%（此前 +19%、+21%、+26%，明显加速）、几乎零负债；但 $1,356 对应 TTM PE 83×，基准 −11%，2:1 要 $812 以下",腾讯自选股 westock，时点 2026-09-21；财务为近 8 个季度滚动口径。情景价格为模型输出，非目标价。,1355.99,613.0,1210.0,-0.19649,旧模型无正基准上行,,,保留旧结论；仅完成模型审计，未逐家公告复核,,,"[{""name"": ""悲观"", ""prob"": ""—"", ""assumption"": ""AI 服务器出货放缓、估值回 35×，EPS 17.5"", ""multiple"": ""35× PE"", ""price"": ""$613"", ""change"": ""−55%"", ""trigger"": ""营收环比转负""}, {""name"": ""基准"", ""prob"": ""—"", ""assumption"": ""2027E EPS 22.0（最新季年化 20.9 +5%，研究假设）× 55×"", ""multiple"": ""55× PE"", ""price"": ""$1,210"", ""change"": ""−11%"", ""trigger"": ""营收维持 +30% 以上""}, {""name"": ""乐观"", ""prob"": ""—"", ""assumption"": ""营收维持 40%+，EPS 27.0 × 62×"", ""multiple"": ""62× PE"", ""price"": ""$1,674"", ""change"": ""+23%"", ""trigger"": ""毛利率 ≥56%""}]",本轮最新行情、最新公告及正常化估值未逐家确认
AAPL,苹果,信息技术,观察（质量好，价格在基准之上）,营收 +16.4%、净利 +27.1%、毛利率 50.1%，最近三个季度营收连续 +16% 左右；但 $329 对应 TTM PE 37.8×，基准情景价 $317，2:1 要 $250 以下,腾讯自选股 westock，时点 2026-09-21；财务为近 8 个季度滚动口径。情景价格为模型输出，非目标价。,329.4,215.0,317.0,-0.108392,旧模型无正基准上行,,,保留旧结论；仅完成模型审计，未逐家公告复核,,,"[{""name"": ""悲观"", ""prob"": ""—"", ""assumption"": ""换机周期回落、服务放缓，EPS 8.6 × 25×"", ""multiple"": ""25× PE"", ""price"": ""$215"", ""change"": ""−35%"", ""trigger"": ""营收增速回落到 <5%；毛利率 <47%""}, {""name"": ""基准"", ""prob"": ""—"", ""assumption"": ""2027E EPS 9.6（TTM 8.72 +10%，研究假设）× 33×"", ""multiple"": ""33× PE"", ""price"": ""$317"", ""change"": ""−4%"", ""trigger"": ""营收维持 +10% 左右，毛利率 49%–50%""}, {""name"": ""乐观"", ""prob"": ""—"", ""assumption"": ""端侧 AI 触发超周期，EPS 10.8 × 37×"", ""multiple"": ""37× PE"", ""price"": ""$400"", ""change"": ""+21%"", ""trigger"": ""营收维持 +15% 以上，服务提速""}]",本轮最新行情、最新公告及正常化估值未逐家确认
FICO,Fair Isaac,信息技术,观察（8 天暴跌 35%，原因未查明）,财报没有新数据，但股价 9/21 至 9/29 从 $950 跌到 $618（日线 RSI 11，已跌出布林下轨），较旧页判断的「YTD −44%」又大幅恶化；基本面仍好（营收 +25.7%、毛利率 87%），TTM PE 17.8×，但下跌驱动 [MISSING] 是事件风险；基准 +11%，悲观 −45%，2:1 要 $455 以下,腾讯自选股 westock，时点 2026-09-21；财务为近 8 个季度滚动口径。情景价格为模型输出，非目标价。,617.87,340.0,684.0,0.237989,旧模型算术<2，非最新结论,,,保留旧结论；仅完成模型审计，未逐家公告复核,,,"[{""name"": ""悲观"", ""prob"": ""—"", ""assumption"": ""评分定价权受损（监管或竞争），EPS 34 × 10×"", ""multiple"": ""10× PE"", ""price"": ""$340"", ""change"": ""−45%"", ""trigger"": ""确认存在替代评分准入或提价受限""}, {""name"": ""基准"", ""prob"": ""—"", ""assumption"": ""2027E EPS 38（TTM 34.6 +10%，研究假设）× 18×"", ""multiple"": ""18× PE"", ""price"": ""$684"", ""change"": ""+11%"", ""trigger"": ""下跌被确认为情绪/估值消化""}, {""name"": ""乐观"", ""prob"": ""—"", ""assumption"": ""增速维持，EPS 44 × 26×"", ""multiple"": ""26× PE"", ""price"": ""$1,144"", ""change"": ""+85%"", ""trigger"": ""营收增速维持 >20%""}]",本轮最新行情、最新公告及正常化估值未逐家确认
KLAC,科磊,信息技术,观察（增速已回升，估值仍高）,旧页「增速最弱 +7.1%」已过期：最新季营收 +15.2%、净利 +13.3%，毛利率 61.4%；但 $196.5 对应 TTM PE 53.6×（拆股调整后），基准 −6%，2:1 要 $132 以下,腾讯自选股 westock，时点 2026-09-21；财务为近 8 个季度滚动口径。情景价格为模型输出，非目标价。,196.53,106.0,184.0,-0.138407,旧模型无正基准上行,,,保留旧结论；仅完成模型审计，未逐家公告复核,,,"[{""name"": ""悲观"", ""prob"": ""—"", ""assumption"": ""WFE 回落，EPS 3.8 × 28×"", ""multiple"": ""28× PE"", ""price"": ""$106"", ""change"": ""−46%"", ""trigger"": ""营收增速回落到 <5%""}, {""name"": ""基准"", ""prob"": ""—"", ""assumption"": ""2027E EPS 4.6（最新季年化 4.16 +10%，研究假设）× 40×"", ""multiple"": ""40× PE"", ""price"": ""$184"", ""change"": ""−6%"", ""trigger"": ""营收维持 +12%–15%，毛利率 60%–62%""}, {""name"": ""乐观"", ""prob"": ""—"", ""assumption"": ""WFE 上修兑现，EPS 5.4 × 44×"", ""multiple"": ""44× PE"", ""price"": ""$238"", ""change"": ""+21%"", ""trigger"": ""营收增速回到 20%""}]",本轮最新行情、最新公告及正常化估值未逐家确认
TER,泰瑞达,信息技术,观察（AI 测试需求强，环比已趋平）,最新季营收 +104%、净利 +378%、毛利率 59.8%，但环比只有 +3.6%（前几季 +18%/+41%/+18%）；$403 对应 TTM PE 55×，基准 −13%，2:1 要 $219 以下,腾讯自选股 westock，时点 2026-09-21；财务为近 8 个季度滚动口径。情景价格为模型输出，非目标价。,403.02,154.0,350.0,-0.212915,旧模型无正基准上行,,,保留旧结论；仅完成模型审计，未逐家公告复核,,,"[{""name"": ""悲观"", ""prob"": ""—"", ""assumption"": ""AI 芯片出货放缓、订单削减，EPS 7.0 × 22×"", ""multiple"": ""22× PE"", ""price"": ""$154"", ""change"": ""−62%"", ""trigger"": ""营收环比转负""}, {""name"": ""基准"", ""prob"": ""—"", ""assumption"": ""2027E EPS 10.0（最新季年化 9.5 +5%，研究假设）× 35×"", ""multiple"": ""35× PE"", ""price"": ""$350"", ""change"": ""−13%"", ""trigger"": ""营收环比维持正""}, {""name"": ""乐观"", ""prob"": ""—"", ""assumption"": ""需求延续，EPS 12.5 × 40×"", ""multiple"": ""40× PE"", ""price"": ""$500"", ""change"": ""+24%"", ""trigger"": ""营收环比回升至 >10%""}]",本轮最新行情、最新公告及正常化估值未逐家确认
INTU,财捷,信息技术,观察（报税季增速回落，估值已降）,旧页「可比季度营收 +17%–20% 稳定」已过期：关键的 4 月（报税季）季度营收只有 +10.4%（去年 +15.1%），最新季 +13.7%；旧页对 TTM EPS 的疑点解开（最新四季合计 16.50）；TTM PE 16.2×；基准 +14%，悲观 −33%,腾讯自选股 westock，时点 2026-09-21；财务为近 8 个季度滚动口径。情景价格为模型输出，非目标价。,268.03,180.0,306.0,0.43133,旧模型算术<2，非最新结论,,,保留旧结论；仅完成模型审计，未逐家公告复核,,,"[{""name"": ""悲观"", ""prob"": ""—"", ""assumption"": ""AI 替代、增速降到个位数，EPS 15.0 × 12×"", ""multiple"": ""12× PE"", ""price"": ""$180"", ""change"": ""−33%"", ""trigger"": ""报税季营收增速 <8%""}, {""name"": ""基准"", ""prob"": ""—"", ""assumption"": ""2027E EPS 18.0（TTM 16.5 +9%，研究假设）× 17×"", ""multiple"": ""17× PE"", ""price"": ""$306"", ""change"": ""+14%"", ""trigger"": ""营收维持 +12%，净利率稳定""}, {""name"": ""乐观"", ""prob"": ""—"", ""assumption"": ""AI 整合见效，EPS 20.5 × 22×"", ""multiple"": ""22× PE"", ""price"": ""$451"", ""change"": ""+68%"", ""trigger"": ""增速回升到 15% 以上""}]",本轮最新行情、最新公告及正常化估值未逐家确认
NXPI,恩智浦,信息技术,观察（汽车半导体周期回升，AI 敞口低）,营收同比 −2.4%→+7.2%→+12.2%→+19.5% 逐季加速、毛利率 57.3%（+3.9pt）；TTM PE 20×，归一化约 24×；基准 +2%，2:1 要 $171 以下,腾讯自选股 westock，时点 2026-09-21；财务为近 8 个季度滚动口径。情景价格为模型输出，非目标价。,236.47,135.0,242.0,0.054499,旧模型算术<2，非最新结论,,,保留旧结论；仅完成模型审计，未逐家公告复核,,,"[{""name"": ""悲观"", ""prob"": ""—"", ""assumption"": ""复苏中断、涨价回吐，EPS 9.0 × 15×"", ""multiple"": ""15× PE"", ""price"": ""$135"", ""change"": ""−43%"", ""trigger"": ""营收增速回落到 <5%""}, {""name"": ""基准"", ""prob"": ""—"", ""assumption"": ""2027E EPS 11.5（归一化 9.95 +16%，研究假设）× 21×"", ""multiple"": ""21× PE"", ""price"": ""$242"", ""change"": ""+2%"", ""trigger"": ""营收维持 +15%，毛利率 55%–57%""}, {""name"": ""乐观"", ""prob"": ""—"", ""assumption"": ""复苏延续，EPS 13.5 × 24×"", ""multiple"": ""24× PE"", ""price"": ""$324"", ""change"": ""+37%"", ""trigger"": ""营收增速 >20%""}]",本轮最新行情、最新公告及正常化估值未逐家确认
GRMN,佳明,信息技术,观察（质量好、低 AI 相关，价格不低）,营收 +11.4%、净利 +35.2%、毛利率 62.4%（+3.6pt）、负债率 21%，盈利质量在 IT 里最干净；但 TTM PE 30×，基准 −5%，2:1 要 $206 以下,腾讯自选股 westock，时点 2026-09-21；财务为近 8 个季度滚动口径。情景价格为模型输出，非目标价。,290.23,171.0,276.0,-0.119349,旧模型无正基准上行,,,保留旧结论；仅完成模型审计，未逐家公告复核,,,"[{""name"": ""悲观"", ""prob"": ""—"", ""assumption"": ""高端竞争压缩均价，EPS 9.0 × 19×"", ""multiple"": ""19× PE"", ""price"": ""$171"", ""change"": ""−41%"", ""trigger"": ""毛利率 <58%；营收转负""}, {""name"": ""基准"", ""prob"": ""—"", ""assumption"": ""2027E EPS 10.6（TTM 9.7 +9%，研究假设）× 26×"", ""multiple"": ""26× PE"", ""price"": ""$276"", ""change"": ""−5%"", ""trigger"": ""营收维持 +10%，毛利率 60%–62%""}, {""name"": ""乐观"", ""prob"": ""—"", ""assumption"": ""结构升级延续，EPS 12.0 × 30×"", ""multiple"": ""30× PE"", ""price"": ""$360"", ""change"": ""+24%"", ""trigger"": ""营收增速 >14%""}]",本轮最新行情、最新公告及正常化估值未逐家确认
PTC,PTC,信息技术,观察（旧页落后一个季度，最新季营收转负）,旧页所用的 2026 年 3 月季度（营收 +21.7%、净利 5.9 亿含约 4.25 亿一次性）已不是最新；最新季（6 月）营收 −6.8%、净利 −16%，报告 PE 13× 被一次性美化，归一化约 20×；基准 +10%，2:1 要 $103 以下,腾讯自选股 westock，时点 2026-09-21；财务为近 8 个季度滚动口径。情景价格为模型输出，非目标价。,137.56,78.0,152.0,0.242445,旧模型算术<2，非最新结论,,,保留旧结论；仅完成模型审计，未逐家公告复核,,,"[{""name"": ""悲观"", ""prob"": ""—"", ""assumption"": ""增速降到个位数，EPS 6.0 × 13×"", ""multiple"": ""13× PE"", ""price"": ""$78"", ""change"": ""−43%"", ""trigger"": ""订阅 ARR 增速 <8%""}, {""name"": ""基准"", ""prob"": ""—"", ""assumption"": ""2027E EPS 7.6（归一化 7.0 +9%，研究假设）× 20×"", ""multiple"": ""20× PE"", ""price"": ""$152"", ""change"": ""+10%"", ""trigger"": ""营收维持 +12%，净利率 20%""}, {""name"": ""乐观"", ""prob"": ""—"", ""assumption"": ""订阅高增，EPS 9.0 × 24×"", ""multiple"": ""24× PE"", ""price"": ""$216"", ""change"": ""+57%"", ""trigger"": ""营收增速 >18%""}]",本轮最新行情、最新公告及正常化估值未逐家确认
MSI,摩托罗拉解决方案,信息技术,观察（防守型，利润停滞，估值不低）,营收 +13.3%、净利 +8.6%、毛利率 53.6%，但 TTM 净利仅 +0.9%、负债/资产 86%；TTM PE 35×，基准 −5%，2:1 要 $333 以下,腾讯自选股 westock，时点 2026-09-21；财务为近 8 个季度滚动口径。情景价格为模型输出，非目标价。,446.12,288.0,422.0,-0.152542,旧模型无正基准上行,,,保留旧结论；仅完成模型审计，未逐家公告复核,,,"[{""name"": ""悲观"", ""prob"": ""—"", ""assumption"": ""预算收紧、利润继续停滞，EPS 12.0 × 24×"", ""multiple"": ""24× PE"", ""price"": ""$288"", ""change"": ""−35%"", ""trigger"": ""净利连续两季同比负增长""}, {""name"": ""基准"", ""prob"": ""—"", ""assumption"": ""2027E EPS 13.6（TTM 12.7 +7%，研究假设）× 31×"", ""multiple"": ""31× PE"", ""price"": ""$422"", ""change"": ""−5%"", ""trigger"": ""营收维持 +8%，净利同比恢复 +8%""}, {""name"": ""乐观"", ""prob"": ""—"", ""assumption"": ""软件订阅提速，EPS 15.0 × 35×"", ""multiple"": ""35× PE"", ""price"": ""$525"", ""change"": ""+18%"", ""trigger"": ""净利增速 >12%""}]",本轮最新行情、最新公告及正常化估值未逐家确认
FTNT,飞塔信息,信息技术,观察（增速加速、质地最强之一，价格已跟上）,营收 +25.6%（连续加速）、净利 +37.8%、毛利率 80.2%、净利率 29.6%；但 TTM PE 62×，基准 −15%，2:1 要 $106 以下,腾讯自选股 westock，时点 2026-09-21；财务为近 8 个季度滚动口径。情景价格为模型输出，非目标价。,175.96,84.0,149.0,-0.293171,旧模型无正基准上行,,,保留旧结论；仅完成模型审计，未逐家公告复核,,,"[{""name"": ""悲观"", ""prob"": ""—"", ""assumption"": ""硬件周期回落、增速降到 12%，EPS 2.8 × 30×"", ""multiple"": ""30× PE"", ""price"": ""$84"", ""change"": ""−52%"", ""trigger"": ""营收增速 <15%""}, {""name"": ""基准"", ""prob"": ""—"", ""assumption"": ""2027E EPS 3.3（TTM 2.84 +16%，研究假设）× 45×"", ""multiple"": ""45× PE"", ""price"": ""$149"", ""change"": ""−15%"", ""trigger"": ""营收维持 +18%""}, {""name"": ""乐观"", ""prob"": ""—"", ""assumption"": ""增速维持 25%，EPS 3.9 × 55×"", ""multiple"": ""55× PE"", ""price"": ""$215"", ""change"": ""+22%"", ""trigger"": ""营收增速 >22%""}]",本轮最新行情、最新公告及正常化估值未逐家确认
CSCO,思科,信息技术,观察（基本面改善超出旧页，价格未给折价）,营收同比 +7.5%→+9.7%→+12.0%→+17.6% 逐季加速、净利 +51%，旧页所用数据落后两个季度；股价较 9/21 反而 −2.3%，TTM PE 32×，基准 −2%，2:1 要 $77 以下,腾讯自选股 westock，时点 2026-09-21；财务为近 8 个季度滚动口径。情景价格为模型输出，非目标价。,106.94,63.0,105.0,-0.044151,旧模型无正基准上行,,,保留旧结论；仅完成模型审计，未逐家公告复核,,,"[{""name"": ""悲观"", ""prob"": ""—"", ""assumption"": ""周期回落、AI 份额落后，EPS 3.3 × 19×"", ""multiple"": ""19× PE"", ""price"": ""$63"", ""change"": ""−41%"", ""trigger"": ""营收增速回落到 <5%""}, {""name"": ""基准"", ""prob"": ""—"", ""assumption"": ""2027E EPS 3.9（最新季年化 3.88，研究假设）× 27×"", ""multiple"": ""27× PE"", ""price"": ""$105"", ""change"": ""−2%"", ""trigger"": ""营收维持 +12% 以上，净利率 21%–22%""}, {""name"": ""乐观"", ""prob"": ""—"", ""assumption"": ""AI 订单超预期，EPS 4.6 × 31×"", ""multiple"": ""31× PE"", ""price"": ""$143"", ""change"": ""+33%"", ""trigger"": ""营收增速维持 15% 以上""}]",本轮最新行情、最新公告及正常化估值未逐家确认
DDOG,Datadog,信息技术,观察（增长最好之一，PS 约 24×）,营收 +35.6%（连续加速）、FCF 真实；但价格较 9/21 上涨 16.8%、RSI 84；GAAP PE 537×，PS 约 24×；基准 −3%，2:1 要 $164 以下,腾讯自选股 westock，时点 2026-09-21；财务为近 8 个季度滚动口径。情景价格为模型输出，非目标价。,268.56,115.0,261.0,-0.049232,旧模型无正基准上行,,,保留旧结论；仅完成模型审计，未逐家公告复核,,,"[{""name"": ""悲观"", ""prob"": ""—"", ""assumption"": ""增速降到 20%、估值压缩，营收 $4.6bn × PS 9×"", ""multiple"": ""9× PS"", ""price"": ""$115"", ""change"": ""−57%"", ""trigger"": ""营收增速 <22%""}, {""name"": ""基准"", ""prob"": ""—"", ""assumption"": ""NTM 营收 $5.2bn（TTM +31%，研究假设）× PS 18×"", ""multiple"": ""18× PS"", ""price"": ""$261"", ""change"": ""−3%"", ""trigger"": ""营收维持 +30%""}, {""name"": ""乐观"", ""prob"": ""—"", ""assumption"": ""增速维持 35%，营收 $5.6bn × PS 24×"", ""multiple"": ""24× PS"", ""price"": ""$374"", ""change"": ""+39%"", ""trigger"": ""毛利率 ≥79%""}]",本轮最新行情、最新公告及正常化估值未逐家确认
CRM,赛富时,信息技术,观察（PE 口径疑点已解开，但杠杆在升）,旧页「PE 21.79× vs 34.55×」的疑点解开：最新四季稀释 EPS 合计 10.97，报告 PE 20.5×；但最新季净利率 31.1% 含一次性，归一化约 24×；负债/资产从 37% 升至 65%；基准 −4%，2:1 要 $151 以下,腾讯自选股 westock，时点 2026-09-21；财务为近 8 个季度滚动口径。情景价格为模型输出，非目标价。,225.31,119.0,216.0,-0.087574,旧模型无正基准上行,,,保留旧结论；仅完成模型审计，未逐家公告复核,,,"[{""name"": ""悲观"", ""prob"": ""—"", ""assumption"": ""席位流失加速，EPS 8.5 × 14×"", ""multiple"": ""14× PE"", ""price"": ""$119"", ""change"": ""−47%"", ""trigger"": ""营收增速 <6%；净利率 <15%""}, {""name"": ""基准"", ""prob"": ""—"", ""assumption"": ""2027E EPS 10.3（归一化 9.3 +11%，研究假设）× 21×"", ""multiple"": ""21× PE"", ""price"": ""$216"", ""change"": ""−4%"", ""trigger"": ""营收维持 +10%，净利率 20%–22%""}, {""name"": ""乐观"", ""prob"": ""—"", ""assumption"": ""Agent 按用量计费成功，EPS 12.5 × 25×"", ""multiple"": ""25× PE"", ""price"": ""$313"", ""change"": ""+39%"", ""trigger"": ""营收增速回到 13%""}]",本轮最新行情、最新公告及正常化估值未逐家确认
ADSK,欧特克,信息技术,观察（PE 口径疑点解开，估值不高，毛利率结论待核）,旧页「PE 28× 对 45×」的疑点解开：最新四季 EPS 合计 7.73，PE 26×，不是 45×；营收 +16.1%、净利 +57.2%；但旧页「毛利率 −6.1pt」在接口口径下未复现（约 91% 稳定）；基准 +6%，2:1 要 $151 以下,腾讯自选股 westock，时点 2026-09-21；财务为近 8 个季度滚动口径。情景价格为模型输出，非目标价。,203.18,119.0,215.0,0.140413,旧模型算术<2，非最新结论,,,保留旧结论；仅完成模型审计，未逐家公告复核,,,"[{""name"": ""悲观"", ""prob"": ""—"", ""assumption"": ""AI 降低设计门槛、估值压缩，EPS 7.0 × 17×"", ""multiple"": ""17× PE"", ""price"": ""$119"", ""change"": ""−41%"", ""trigger"": ""营收增速 <10%""}, {""name"": ""基准"", ""prob"": ""—"", ""assumption"": ""2027E EPS 8.6（TTM 7.73 +11%，研究假设）× 25×"", ""multiple"": ""25× PE"", ""price"": ""$215"", ""change"": ""+6%"", ""trigger"": ""营收维持 +15%""}, {""name"": ""乐观"", ""prob"": ""—"", ""assumption"": ""AI 整合见效，EPS 9.8 × 30×"", ""multiple"": ""30× PE"", ""price"": ""$294"", ""change"": ""+45%"", ""trigger"": ""营收增速 >18%""}]",本轮最新行情、最新公告及正常化估值未逐家确认
WDC,西部数据,信息技术,观察（周期高点，GAAP 盈利失真）,旧页数据落后两个季度：最新季营收 +43.8%、毛利率 54.1%，但净利 32 亿美元高于毛利 20 亿，大量来自非经营性收益；报告 TTM PE 18.7× 不可信，归一化后约 34×；基准 −32%，2:1 要 $175 以下,腾讯自选股 westock，时点 2026-09-21；财务为近 8 个季度滚动口径。情景价格为模型输出，非目标价。,453.48,108.0,308.0,-0.421095,旧模型无正基准上行,,,保留旧结论；仅完成模型审计，未逐家公告复核,,,"[{""name"": ""悲观"", ""prob"": ""—"", ""assumption"": ""周期回落，EPS 9 × 12×"", ""multiple"": ""12× PE"", ""price"": ""$108"", ""change"": ""−76%"", ""trigger"": ""毛利率回落到 40% 以下""}, {""name"": ""基准"", ""prob"": ""—"", ""assumption"": ""正常化 EPS 14（按 STX 净利率粗算，研究假设）× 22×"", ""multiple"": ""22× PE"", ""price"": ""$308"", ""change"": ""−32%"", ""trigger"": ""毛利率维持 50% 以上""}, {""name"": ""乐观"", ""prob"": ""—"", ""assumption"": ""景气延续，EPS 18 × 28×"", ""multiple"": ""28× PE"", ""price"": ""$504"", ""change"": ""+11%"", ""trigger"": ""毛利率 >55%""}]",本轮最新行情、最新公告及正常化估值未逐家确认
FFIV,F5,信息技术,观察（旧页「净利环比 −17.9%」已反转，估值仍高）,旧页最需警惕的信号（3 月季度净利环比 −17.9%）在最新季已反转：净利 2.08 亿（环比 +41%）、营收 +10.9%；TTM PE 35×；基准 −7%，2:1 要 $305 以下,腾讯自选股 westock，时点 2026-09-21；财务为近 8 个季度滚动口径。情景价格为模型输出，非目标价。,438.07,253.0,408.0,-0.162479,旧模型无正基准上行,,,保留旧结论；仅完成模型审计，未逐家公告复核,,,"[{""name"": ""悲观"", ""prob"": ""—"", ""assumption"": ""增速回落、云原生替代，EPS 11.5 × 22×"", ""multiple"": ""22× PE"", ""price"": ""$253"", ""change"": ""−42%"", ""trigger"": ""营收增速 <6%""}, {""name"": ""基准"", ""prob"": ""—"", ""assumption"": ""2027E EPS 13.6（TTM 12.6 +8%，研究假设）× 30×"", ""multiple"": ""30× PE"", ""price"": ""$408"", ""change"": ""−7%"", ""trigger"": ""营收维持 +9%–11%""}, {""name"": ""乐观"", ""prob"": ""—"", ""assumption"": ""AI 网关兑现，EPS 15.5 × 34×"", ""multiple"": ""34× PE"", ""price"": ""$527"", ""change"": ""+20%"", ""trigger"": ""营收增速 >13%""}]",本轮最新行情、最新公告及正常化估值未逐家确认
STX,希捷科技,信息技术,观察（周期加速，杠杆在降，价格仍高）,最新季营收 +48.5%、毛利率 52.3%（连续 6 季上行）、净利 +165%，旧页落后两个季度；负债/资产从 95% 降到 78%；但 $913 对应 TTM PE 66×，基准 −21%，2:1 要 $380 以下,腾讯自选股 westock，时点 2026-09-21；财务为近 8 个季度滚动口径。情景价格为模型输出，非目标价。,913.45,210.0,720.0,-0.275002,旧模型无正基准上行,,,保留旧结论；仅完成模型审计，未逐家公告复核,,,"[{""name"": ""悲观"", ""prob"": ""—"", ""assumption"": ""周期回落，EPS 14 × 15×"", ""multiple"": ""15× PE"", ""price"": ""$210"", ""change"": ""−77%"", ""trigger"": ""毛利率环比转跌并回到 40% 以下""}, {""name"": ""基准"", ""prob"": ""—"", ""assumption"": ""2027E EPS 24（最新季年化 22.3 +8%，研究假设）× 30×"", ""multiple"": ""30× PE"", ""price"": ""$720"", ""change"": ""−21%"", ""trigger"": ""毛利率维持 50% 以上""}, {""name"": ""乐观"", ""prob"": ""—"", ""assumption"": ""景气延续，EPS 30 × 34×"", ""multiple"": ""34× PE"", ""price"": ""$1,020"", ""change"": ""+12%"", ""trigger"": ""毛利率 >55%""}]",本轮最新行情、最新公告及正常化估值未逐家确认
AMD,超威半导体,信息技术,观察（估值透支）,营收 +50%、净利 +163%，增速很强；但 $608 对应 TTM PE 156×（最新季年化 110×），基准情景价 $500，2:1 要 $287 以下,腾讯自选股 westock，时点 2026-09-21；财务为近 8 个季度滚动口径。情景价格为模型输出，非目标价。,607.57,180.0,500.0,-0.251585,旧模型无正基准上行,,,保留旧结论；仅完成模型审计，未逐家公告复核,,,"[{""name"": ""悲观"", ""prob"": ""—"", ""assumption"": ""放量递延、份额被 ASIC 挤压，EPS 6.0 × 30×"", ""multiple"": ""30× PE"", ""price"": ""$180"", ""change"": ""−70%"", ""trigger"": ""数据中心收入环比连续两季不增""}, {""name"": ""基准"", ""prob"": ""—"", ""assumption"": ""2027E EPS 10.0（最新季年化 5.5 ×1.8，研究假设）× 50×"", ""multiple"": ""50× PE"", ""price"": ""$500"", ""change"": ""−18%"", ""trigger"": ""Helios 按期放量，毛利率站稳 52%+""}, {""name"": ""乐观"", ""prob"": ""—"", ""assumption"": ""Helios 超预期，EPS 13.5 × 55×"", ""multiple"": ""55× PE"", ""price"": ""$742"", ""change"": ""+22%"", ""trigger"": ""2027 EPS 预期被大幅上修""}]",本轮最新行情、最新公告及正常化估值未逐家确认
GLW,康宁,信息技术,观察（AI 光纤叙事强，增速在回落、估值高）,营收 +16.6%（此前 +20.9%、+20.4%、+20.0%，逐季回落）、毛利率 36.1% 同比仅 +0.1pt；TTM PE 72×，基准 −12%，2:1 要 $96 以下,腾讯自选股 westock，时点 2026-09-21；财务为近 8 个季度滚动口径。情景价格为模型输出，非目标价。,158.71,74.0,140.0,-0.220871,旧模型无正基准上行,,,保留旧结论；仅完成模型审计，未逐家公告复核,,,"[{""name"": ""悲观"", ""prob"": ""—"", ""assumption"": ""光通信放缓、周期拖累，EPS 2.3 × 32×"", ""multiple"": ""32× PE"", ""price"": ""$74"", ""change"": ""−53%"", ""trigger"": ""营收增速 <10%""}, {""name"": ""基准"", ""prob"": ""—"", ""assumption"": ""2027E EPS 2.8（最新季年化 2.56 +9%，研究假设）× 50×"", ""multiple"": ""50× PE"", ""price"": ""$140"", ""change"": ""−12%"", ""trigger"": ""营收维持 +15%，毛利率 35%–37%""}, {""name"": ""乐观"", ""prob"": ""—"", ""assumption"": ""光通信占比显著提升，EPS 3.4 × 58×"", ""multiple"": ""58× PE"", ""price"": ""$197"", ""change"": ""+24%"", ""trigger"": ""毛利率 >38%""}]",本轮最新行情、最新公告及正常化估值未逐家确认
WDAY,Workday,信息技术,观察（GAAP 被一次性抬高，归一化后估值更高）,旧页 PE「39× 对 90×」的疑点解开：最新四季 GAAP EPS 合计 4.93，报告 PE 38×；但最新季净利率 23.9%（此前 6%–10%）含一次性，归一化后约 57×；基准 −10%，2:1 要 $117 以下,腾讯自选股 westock，时点 2026-09-21；财务为近 8 个季度滚动口径。情景价格为模型输出，非目标价。,189.17,90.0,171.0,-0.183221,旧模型无正基准上行,,,保留旧结论；仅完成模型审计，未逐家公告复核,,,"[{""name"": ""悲观"", ""prob"": ""—"", ""assumption"": ""AI 冲击与估值压缩，EPS 3.0 × 30×"", ""multiple"": ""30× PE"", ""price"": ""$90"", ""change"": ""−52%"", ""trigger"": ""营收增速 <9%""}, {""name"": ""基准"", ""prob"": ""—"", ""assumption"": ""2027E EPS 3.8（归一化 3.3 +14%，研究假设）× 45×"", ""multiple"": ""45× PE"", ""price"": ""$171"", ""change"": ""−10%"", ""trigger"": ""营收维持 +12%，GAAP 净利率 8%–10%""}, {""name"": ""乐观"", ""prob"": ""—"", ""assumption"": ""AI 变现与利润率提升，EPS 4.5 × 52×"", ""multiple"": ""52× PE"", ""price"": ""$234"", ""change"": ""+24%"", ""trigger"": ""GAAP 净利率 >12%""}]",本轮最新行情、最新公告及正常化估值未逐家确认
SNPS,新思科技,信息技术,观察（最新季盈利已恢复，并购增速需拆分）,旧页「并购后财务恶化」的核心证据（最近两季净利仅 0.65/0.17 亿）已被最新季改写：净利 5.46 亿、净利率 22.0%；营收 +42.4% 主要来自 Ansys 并表，内生增速 [MISSING]；$415 对应 TTM PE 73×，基准 −2%，2:1 要 $280 以下,腾讯自选股 westock，时点 2026-09-21；财务为近 8 个季度滚动口径。情景价格为模型输出，非目标价。,415.09,216.0,408.0,-0.035612,旧模型无正基准上行,,,保留旧结论；仅完成模型审计，未逐家公告复核,,,"[{""name"": ""悲观"", ""prob"": ""—"", ""assumption"": ""整合不顺、净利率回到 10%，EPS 9.0 × 24×"", ""multiple"": ""24× PE"", ""price"": ""$216"", ""change"": ""−48%"", ""trigger"": ""净利率连续两季 <12%""}, {""name"": ""基准"", ""prob"": ""—"", ""assumption"": ""2027E EPS 12.0（最新季年化 11.4 +5%，研究假设）× 34×"", ""multiple"": ""34× PE"", ""price"": ""$408"", ""change"": ""−2%"", ""trigger"": ""净利率稳在 20% 以上""}, {""name"": ""乐观"", ""prob"": ""—"", ""assumption"": ""协同兑现，EPS 14.5 × 40×"", ""multiple"": ""40× PE"", ""price"": ""$580"", ""change"": ""+40%"", ""trigger"": ""净利率 >24%，内生增速 >12%""}]",本轮最新行情、最新公告及正常化估值未逐家确认
DELL,戴尔科技,信息技术,观察（业绩大幅超旧页判断，但净资产为负且价格已高）,旧页「毛利率下滑、营收 +19.7%」已过期：最新季营收 +57.7%、毛利率 20.9%（同比 +2.6pt）、净利 +255%；但 $540 对应 TTM PE 31×，基准 −15%，净资产为负，2:1 要 $292 以下,腾讯自选股 westock，时点 2026-09-21；财务为近 8 个季度滚动口径。情景价格为模型输出，非目标价。,539.59,208.0,460.0,-0.240025,旧模型无正基准上行,,,保留旧结论；仅完成模型审计，未逐家公告复核,,,"[{""name"": ""悲观"", ""prob"": ""—"", ""assumption"": ""AI 订单回落、毛利率下滑，EPS 16 × 13×"", ""multiple"": ""13× PE"", ""price"": ""$208"", ""change"": ""−61%"", ""trigger"": ""营收环比转负；毛利率 <18%""}, {""name"": ""基准"", ""prob"": ""—"", ""assumption"": ""2027E EPS 23（最新季年化 25.4 的 90%，AI 订单不均，研究假设）× 20×"", ""multiple"": ""20× PE"", ""price"": ""$460"", ""change"": ""−15%"", ""trigger"": ""营收维持高位，毛利率 20%–21%""}, {""name"": ""乐观"", ""prob"": ""—"", ""assumption"": ""AI 服务器继续放量，EPS 30 × 24×"", ""multiple"": ""24× PE"", ""price"": ""$720"", ""change"": ""+33%"", ""trigger"": ""营收环比继续 >10%""}]",本轮最新行情、最新公告及正常化估值未逐家确认
NOW,ServiceNow,信息技术,观察（利润下滑、杠杆上升，估值仍高）,营收 +24.0%，但毛利率 77.3%→70.7% 连续四个季度下降、净利 −22.6%，TTM PE 81×（拆股调整后）；旧页数据仍是最新季，但缺少多空与纪律，已补齐；基准 −12%，2:1 要 $75 以下,腾讯自选股 westock，时点 2026-09-21；财务为近 8 个季度滚动口径。情景价格为模型输出，非目标价。,129.94,56.0,114.0,-0.21558,旧模型无正基准上行,,,保留旧结论；仅完成模型审计，未逐家公告复核,,,"[{""name"": ""悲观"", ""prob"": ""—"", ""assumption"": ""毛利率继续下滑 + 债务成本上升，EPS 1.4 × 40×"", ""multiple"": ""40× PE"", ""price"": ""$56"", ""change"": ""−57%"", ""trigger"": ""毛利率再降 2pt；净利连续两季同比负增长""}, {""name"": ""基准"", ""prob"": ""—"", ""assumption"": ""2027E EPS 1.9（TTM 1.6 +19%，研究假设）× 60×"", ""multiple"": ""60× PE"", ""price"": ""$114"", ""change"": ""−12%"", ""trigger"": ""营收维持 +20%，毛利率稳在 70% 左右""}, {""name"": ""乐观"", ""prob"": ""—"", ""assumption"": ""毛利率回升到 75%+，Agent 变现，EPS 2.6 × 75×"", ""multiple"": ""75× PE"", ""price"": ""$195"", ""change"": ""+50%"", ""trigger"": ""毛利率 ≥74%""}]",本轮最新行情、最新公告及正常化估值未逐家确认
QRVO,Qorvo,信息技术,观察（旧页落后三个季度，营收转负而毛利率大幅提升）,旧页所用的季度（营收 +1.1%、净利 1.2 亿）是 2025 年 9 月季度；最新季营收 −4.2%、毛利率 51.1%（去年同期 40.5%）、净利 0.86 亿；TTM PE 27×，价格接近 52 周高点；基准 −13%，2:1 要 $69 以下,腾讯自选股 westock，时点 2026-09-21；财务为近 8 个季度滚动口径。情景价格为模型输出，非目标价。,116.75,53.0,101.0,-0.247059,旧模型无正基准上行,,,保留旧结论；仅完成模型审计，未逐家公告复核,,,"[{""name"": ""悲观"", ""prob"": ""—"", ""assumption"": ""营收继续下滑、毛利率回落，EPS 3.5 × 15×"", ""multiple"": ""15× PE"", ""price"": ""$53"", ""change"": ""−55%"", ""trigger"": ""营收增速 <−8%；毛利率 <46%""}, {""name"": ""基准"", ""prob"": ""—"", ""assumption"": ""2027E EPS 4.6（TTM 4.31 +7%，研究假设）× 22×"", ""multiple"": ""22× PE"", ""price"": ""$101"", ""change"": ""−13%"", ""trigger"": ""营收持平，毛利率 49%–51%""}, {""name"": ""乐观"", ""prob"": ""—"", ""assumption"": ""营收回升 +5%，EPS 5.8 × 25×"", ""multiple"": ""25× PE"", ""price"": ""$145"", ""change"": ""+24%"", ""trigger"": ""毛利率 >52%""}]",本轮最新行情、最新公告及正常化估值未逐家确认
QCOM,高通,信息技术,观察（手机收缩，利润含一次性）,营收连续下降（最新季 −4.0%，毛利率 −2.5pt），报告 EPS 被大额税项反复扭曲；报告 TTM PE 21×，经营性口径约 25×；基准 −7%，2:1 要 $123 以下,腾讯自选股 westock，时点 2026-09-21；财务为近 8 个季度滚动口径。情景价格为模型输出，非目标价。,184.1,98.0,172.0,-0.140534,旧模型无正基准上行,,,保留旧结论；仅完成模型审计，未逐家公告复核,,,"[{""name"": ""悲观"", ""prob"": ""—"", ""assumption"": ""苹果替代加速、AI 新业务无进展，EPS 6.5 × 15×"", ""multiple"": ""15× PE"", ""price"": ""$98"", ""change"": ""−47%"", ""trigger"": ""营收增速 <−8%""}, {""name"": ""基准"", ""prob"": ""—"", ""assumption"": ""2027E EPS 7.8（最新季年化 7.5，研究假设）× 22×"", ""multiple"": ""22× PE"", ""price"": ""$172"", ""change"": ""−7%"", ""trigger"": ""营收持平，毛利率 52%–54%""}, {""name"": ""乐观"", ""prob"": ""—"", ""assumption"": ""数据中心 AI 取得订单，EPS 9.5 × 25×"", ""multiple"": ""25× PE"", ""price"": ""$238"", ""change"": ""+29%"", ""trigger"": ""非手机业务占比过半""}]",本轮最新行情、最新公告及正常化估值未逐家确认
ON,安森美半导体,信息技术,观察（复苏早期，增速仍低）,营收同比从 −12% 回升到 +9.2%、毛利率 38.4%；TTM 营收仍 −3.1%；TTM PE 49×（最新季年化 34×）；基准 −19%，2:1 要 $40 以下,腾讯自选股 westock，时点 2026-09-21；财务为近 8 个季度滚动口径。情景价格为模型输出，非目标价。,75.95,29.0,62.0,-0.297125,旧模型无正基准上行,,,保留旧结论；仅完成模型审计，未逐家公告复核,,,"[{""name"": ""悲观"", ""prob"": ""—"", ""assumption"": ""复苏中断，EPS 1.6 × 18×"", ""multiple"": ""18× PE"", ""price"": ""$29"", ""change"": ""−62%"", ""trigger"": ""营收增速回落到 <3%""}, {""name"": ""基准"", ""prob"": ""—"", ""assumption"": ""2027E EPS 2.2（最新季年化 2.24，研究假设）× 28×"", ""multiple"": ""28× PE"", ""price"": ""$62"", ""change"": ""−19%"", ""trigger"": ""营收维持 +8%–10%""}, {""name"": ""乐观"", ""prob"": ""—"", ""assumption"": ""汽车与 AI 电源同步回升，EPS 2.8 × 32×"", ""multiple"": ""32× PE"", ""price"": ""$90"", ""change"": ""+18%"", ""trigger"": ""营收增速 >15%""}]",本轮最新行情、最新公告及正常化估值未逐家确认
JBL,捷普科技,信息技术,观察（AI 代工增速回落，薄利高杠杆）,旧页所用季度（营收 +23.1%、净利 +90.6%）是 2026 年 2 月季度；最新季（5 月）营收增速回落到 +11.8%、净利 +23.9%；TTM PE 40×（最新季年化 31×）；负债/资产 94%；基准 −12%，2:1 要 $187 以下,腾讯自选股 westock，时点 2026-09-21；财务为近 8 个季度滚动口径。情景价格为模型输出，非目标价。,318.84,140.0,282.0,-0.205994,旧模型无正基准上行,,,保留旧结论；仅完成模型审计，未逐家公告复核,,,"[{""name"": ""悲观"", ""prob"": ""—"", ""assumption"": ""AI 订单转移、利润回落，EPS 7.0 × 20×"", ""multiple"": ""20× PE"", ""price"": ""$140"", ""change"": ""−56%"", ""trigger"": ""营收增速 <5%""}, {""name"": ""基准"", ""prob"": ""—"", ""assumption"": ""2027E EPS 9.4（TTM 8.0 +17%，研究假设）× 30×"", ""multiple"": ""30× PE"", ""price"": ""$282"", ""change"": ""−12%"", ""trigger"": ""营收维持 +12%，净利率 3%""}, {""name"": ""乐观"", ""prob"": ""—"", ""assumption"": ""AI 订单放量，EPS 11.5 × 34×"", ""multiple"": ""34× PE"", ""price"": ""$391"", ""change"": ""+23%"", ""trigger"": ""营收增速回升 >18%""}]",本轮最新行情、最新公告及正常化估值未逐家确认
ORCL,甲骨文,信息技术,观察（增速加速，现金流未验证）,最新季营收 +29.6%（5 个季度从 +12% 升到 +30%）但毛利率 60.0%（−7.3pt）；旧页的三个前置条件里「营收 ≥15%」已满足，现金流与长期债务本次取不到数据，不能放行,腾讯自选股 westock，时点 2026-09-21；财务为近 8 个季度滚动口径。情景价格为模型输出，非目标价。,137.79,70.0,150.0,0.180115,旧模型算术<2，非最新结论,137.19,0.190653,经营公告增补；现价安全边际未认证,9/10 官方 FY27Q1 经营现金 $23.103bn、现金 capex $28.499bn、FCF −$5.396bn；近四季 FCF −$28.720bn（相加计算）。经营现金含融资性客户预付款 $11.363bn，增长融资与摊薄风险仍成立；不采用第三方 −$45.854bn FCF 字段。,https://investor.oracle.com/files/content_files/1q27-pressrelease-September_FINAL.pdf,"[{""name"": ""悲观"", ""prob"": ""—"", ""assumption"": ""融资成本上升 + 订单延迟 + 毛利率继续下滑，EPS 5.0 × 14×"", ""multiple"": ""14× PE"", ""price"": ""$70"", ""change"": ""−49%"", ""trigger"": ""毛利率 <55%；长期债务继续快速上升""}, {""name"": ""基准"", ""prob"": ""—"", ""assumption"": ""2027E EPS 6.8（归一化 5.5 +24%，研究假设）× 22×"", ""multiple"": ""22× PE"", ""price"": ""$150"", ""change"": ""+9%"", ""trigger"": ""营收维持 +25% 以上，毛利率 58%–60%""}, {""name"": ""乐观"", ""prob"": ""—"", ""assumption"": ""AI 云订单顺利投产，EPS 8.5 × 26×"", ""multiple"": ""26× PE"", ""price"": ""$221"", ""change"": ""+60%"", ""trigger"": ""营收增速 30%+，FCF 转正""}]",旧情景价值尚未重新认证
PANW,派拓网络,信息技术,观察（GAAP 由盈转亏，价格不低）,营收 +34%（旧页 +15%）但 GAAP 净利由 +4.3 亿转为 −2.8 亿；TTM EPS 0.51，PE 无意义，按 PS 约 28×；基准 +1%，2:1 要 $267 以下,腾讯自选股 westock，时点 2026-09-21；财务为近 8 个季度滚动口径。情景价格为模型输出，非目标价。,388.41,205.0,391.0,0.014121,旧模型算术<2，非最新结论,,,保留旧结论；仅完成模型审计，未逐家公告复核,,,"[{""name"": ""悲观"", ""prob"": ""—"", ""assumption"": ""并购整合不顺、估值回到 PS 12×（营收 $14bn）"", ""multiple"": ""12× PS"", ""price"": ""$205"", ""change"": ""−47%"", ""trigger"": ""营收增速回落到 <15%；GAAP 亏损扩大""}, {""name"": ""基准"", ""prob"": ""—"", ""assumption"": ""2027E 营收 $16bn（最新季年化 13.6 +17%，研究假设）× PS 20×"", ""multiple"": ""20× PS"", ""price"": ""$391"", ""change"": ""+1%"", ""trigger"": ""营收维持 +25%，亏损收窄""}, {""name"": ""乐观"", ""prob"": ""—"", ""assumption"": ""整合顺利、盈利转正，营收 $17.5bn × PS 24×"", ""multiple"": ""24× PS"", ""price"": ""$513"", ""change"": ""+32%"", ""trigger"": ""GAAP 净利转正""}]",本轮最新行情、最新公告及正常化估值未逐家确认
HPE,慧与,信息技术,观察（AI 整机 + 并表带动高增，价格不便宜）,旧页「PE 31× 对 57×」的疑点解开：最新四季 EPS 合计 1.92，PE 32×；最新季营收 +33.7%、毛利率 40.1%（+10.9pt）、净利 +405%；但增速含并表且较上季 +40% 回落；基准 −2%，2:1 要 $37 以下,腾讯自选股 westock，时点 2026-09-21；财务为近 8 个季度滚动口径。情景价格为模型输出，非目标价。,61.49,26.0,60.0,-0.041984,旧模型无正基准上行,,,保留旧结论；仅完成模型审计，未逐家公告复核,,,"[{""name"": ""悲观"", ""prob"": ""—"", ""assumption"": ""AI Capex 放缓、利润回落，EPS 2.0 × 13×"", ""multiple"": ""13× PE"", ""price"": ""$26"", ""change"": ""−58%"", ""trigger"": ""营收环比转负；毛利率 <33%""}, {""name"": ""基准"", ""prob"": ""—"", ""assumption"": ""2027E EPS 3.0（TTM 1.9 与年化 4.2 之间，研究假设）× 20×"", ""multiple"": ""20× PE"", ""price"": ""$60"", ""change"": ""−2%"", ""trigger"": ""毛利率 36%–40%，营收维持 +20%""}, {""name"": ""乐观"", ""prob"": ""—"", ""assumption"": ""AI 订单放量，EPS 4.2 × 22×"", ""multiple"": ""22× PE"", ""price"": ""$92"", ""change"": ""+50%"", ""trigger"": ""毛利率 ≥40% 持续""}]",本轮最新行情、最新公告及正常化估值未逐家确认
NTAP,美国网存,信息技术,观察（旧页设的验证条件已部分满足，价格也已上涨）,旧页要求的验证点「营收同比是否 ≥10%」已满足：最新季营收 +29.9%、净利 +60.9%（旧页用的是营收仅 +2.9% 的季度）；AI 存储订单披露 [MISSING]；TTM PE 29.5×，基准 +3%，2:1 要 $145 以下,腾讯自选股 westock，时点 2026-09-21；财务为近 8 个季度滚动口径。情景价格为模型输出，非目标价。,209.18,110.0,216.0,0.068764,旧模型算术<2，非最新结论,,,保留旧结论；仅完成模型审计，未逐家公告复核,,,"[{""name"": ""悲观"", ""prob"": ""—"", ""assumption"": ""加速不可持续，EPS 6.5 × 17×"", ""multiple"": ""17× PE"", ""price"": ""$110"", ""change"": ""−47%"", ""trigger"": ""营收增速回落到 <8%""}, {""name"": ""基准"", ""prob"": ""—"", ""assumption"": ""2027E EPS 8.3（最新季年化 7.5 +10%，研究假设）× 26×"", ""multiple"": ""26× PE"", ""price"": ""$216"", ""change"": ""+3%"", ""trigger"": ""营收维持 +15%""}, {""name"": ""乐观"", ""prob"": ""—"", ""assumption"": ""AI 存储订单放量，EPS 10.0 × 30×"", ""multiple"": ""30× PE"", ""price"": ""$300"", ""change"": ""+43%"", ""trigger"": ""营收增速维持 25%""}]",本轮最新行情、最新公告及正常化估值未逐家确认
CRWD,CrowdStrike,信息技术,观察（GAAP 已转正但极薄，PS 约 50×）,旧页「GAAP 连续四季亏损」已过期：最近三个季度净利均为正（最新季仅 0.05 亿）；营收 +25.8%（连续加速）；但 PS 约 50×，基准 −14%，2:1 要 $145 以下,腾讯自选股 westock，时点 2026-09-21；财务为近 8 个季度滚动口径。情景价格为模型输出，非目标价。,262.74,105.0,226.0,-0.232915,旧模型无正基准上行,,,保留旧结论；仅完成模型审计，未逐家公告复核,,,"[{""name"": ""悲观"", ""prob"": ""—"", ""assumption"": ""增速回落到 15%，营收 $6.0bn × PS 18×"", ""multiple"": ""18× PS"", ""price"": ""$105"", ""change"": ""−60%"", ""trigger"": ""营收增速 <18%；GAAP 重新亏损""}, {""name"": ""基准"", ""prob"": ""—"", ""assumption"": ""NTM 营收 $6.6bn（TTM +23%，研究假设）× PS 35×"", ""multiple"": ""35× PS"", ""price"": ""$226"", ""change"": ""−14%"", ""trigger"": ""营收维持 +23%，GAAP 净利率缓慢上升""}, {""name"": ""乐观"", ""prob"": ""—"", ""assumption"": ""增速维持 25%，营收 $7.2bn × PS 45×"", ""multiple"": ""45× PS"", ""price"": ""$316"", ""change"": ""+20%"", ""trigger"": ""GAAP 净利率 >5%""}]",本轮最新行情、最新公告及正常化估值未逐家确认
HPQ,惠普,信息技术,观察（增速回升但毛利率下滑，便宜有原因）,营收同比 +6.9%→+9.0%→+12.5% 回升，但毛利率 18.8%（同比 −1.7pt）、净利 −13.4%；TTM PE 11.7×，净资产为负；基准 −3%，2:1 要 $22 以下,腾讯自选股 westock，时点 2026-09-21；财务为近 8 个季度滚动口径。情景价格为模型输出，非目标价。,30.73,18.0,30.0,-0.057345,旧模型无正基准上行,,,保留旧结论；仅完成模型审计，未逐家公告复核,,,"[{""name"": ""悲观"", ""prob"": ""—"", ""assumption"": ""内存涨价侵蚀毛利，EPS 2.2 × 8×"", ""multiple"": ""8× PE"", ""price"": ""$18"", ""change"": ""−41%"", ""trigger"": ""毛利率 <17%""}, {""name"": ""基准"", ""prob"": ""—"", ""assumption"": ""2027E EPS 2.7（TTM 2.62 +3%，研究假设）× 11×"", ""multiple"": ""11× PE"", ""price"": ""$30"", ""change"": ""−3%"", ""trigger"": ""毛利率 19%–20%""}, {""name"": ""乐观"", ""prob"": ""—"", ""assumption"": ""成本转嫁成功，EPS 3.2 × 13×"", ""multiple"": ""13× PE"", ""price"": ""$42"", ""change"": ""+37%"", ""trigger"": ""毛利率 ≥21%""}]",本轮最新行情、最新公告及正常化估值未逐家确认
SMCI,超微电脑,信息技术,观察（毛利率大幅回升，现金流未验证）,旧页所用季度（毛利率 6.3%、CFO 为负）是 2025 年 12 月季度，落后两个季度；最新季营收 +93%、毛利率 17.5%（前两季 6.3%→9.9%）、净利 +504%；TTM PE 12.8×；但毛利率跳升原因与现金流 [MISSING]；基准 +21%，悲观 −51%，2:1 要 $30 以下,腾讯自选股 westock，时点 2026-09-21；财务为近 8 个季度滚动口径。情景价格为模型输出，非目标价。,41.02,20.0,49.5,0.403425,旧模型算术<2，非最新结论,,,保留旧结论；仅完成模型审计，未逐家公告复核,,,"[{""name"": ""悲观"", ""prob"": ""—"", ""assumption"": ""毛利率回到 8%、现金流继续为负，EPS 2.5 × 8×"", ""multiple"": ""8× PE"", ""price"": ""$20"", ""change"": ""−51%"", ""trigger"": ""毛利率 <10%；经营现金流转负""}, {""name"": ""基准"", ""prob"": ""—"", ""assumption"": ""2027E EPS 4.5（TTM 3.2 与最新季年化 6.5 之间，研究假设）× 11×"", ""multiple"": ""11× PE"", ""price"": ""$49.5"", ""change"": ""+21%"", ""trigger"": ""毛利率维持 12%–14%，现金流转正""}, {""name"": ""乐观"", ""prob"": ""—"", ""assumption"": ""毛利率维持 17%，EPS 6.0 × 14×"", ""multiple"": ""14× PE"", ""price"": ""$84"", ""change"": ""+105%"", ""trigger"": ""毛利率 >16% 连续两季""}]",本轮最新行情、最新公告及正常化估值未逐家确认
SWKS,思佳讯,信息技术,回避（盈利逐季下滑，价格无盈利支撑）,净利 1.41 亿 → 0.79 亿 → 0.36 亿 → 0.34 亿美元逐季下滑，最新季 −67.7%；旧页落后一个季度；最新季年化 PE 约 98×、TTM PE 46×；基准 −45%，2:1 要 $27 以下,腾讯自选股 westock，时点 2026-09-21；财务为近 8 个季度滚动口径。情景价格为模型输出，非目标价。,88.04,16.0,48.0,-0.555802,旧模型无正基准上行,,,保留旧结论；仅完成模型审计，未逐家公告复核,,,"[{""name"": ""悲观"", ""prob"": ""—"", ""assumption"": ""利润继续下滑，EPS 0.9 × 18×"", ""multiple"": ""18× PE"", ""price"": ""$16"", ""change"": ""−82%"", ""trigger"": ""净利连续两季同比 <−60%""}, {""name"": ""基准"", ""prob"": ""—"", ""assumption"": ""2027E EPS 1.6（TTM 1.93 与最新季年化 0.9 之间，研究假设）× 30×"", ""multiple"": ""30× PE"", ""price"": ""$48"", ""change"": ""−45%"", ""trigger"": ""净利环比企稳""}, {""name"": ""乐观"", ""prob"": ""—"", ""assumption"": ""营收回升、利润恢复，EPS 2.4 × 35×"", ""multiple"": ""35× PE"", ""price"": ""$84"", ""change"": ""−5%"", ""trigger"": ""营收同比转正 + 净利环比增长""}]",本轮最新行情、最新公告及正常化估值未逐家确认
MCHP,微芯科技,信息技术,观察（旧页「周期底部」结论已被最新两季推翻）,旧页所用的季度（营收 −2.0%、净利 0.42 亿）是 2025 年 9 月季度，落后三个季度；最新季营收 +38.0%、毛利率 63.2%（+9.6pt）、净利 2.3 亿，周期已明确反转；但 TTM PE 118×（最新季年化 53×）；基准 −4%，2:1 要 $49 以下,腾讯自选股 westock，时点 2026-09-21；财务为近 8 个季度滚动口径。情景价格为模型输出，非目标价。,78.78,36.0,76.0,-0.064984,旧模型无正基准上行,,,保留旧结论；仅完成模型审计，未逐家公告复核,,,"[{""name"": ""悲观"", ""prob"": ""—"", ""assumption"": ""补库存结束，EPS 1.3 × 28×"", ""multiple"": ""28× PE"", ""price"": ""$36"", ""change"": ""−54%"", ""trigger"": ""营收环比转负""}, {""name"": ""基准"", ""prob"": ""—"", ""assumption"": ""2027E EPS 1.9（最新季年化 1.48 +28%，研究假设）× 40×"", ""multiple"": ""40× PE"", ""price"": ""$76"", ""change"": ""−4%"", ""trigger"": ""营收环比继续增长，毛利率 62%–64%""}, {""name"": ""乐观"", ""prob"": ""—"", ""assumption"": ""周期延续，EPS 2.5 × 45×"", ""multiple"": ""45× PE"", ""price"": ""$113"", ""change"": ""+43%"", ""trigger"": ""毛利率 >65%""}]",本轮最新行情、最新公告及正常化估值未逐家确认
INTC,英特尔,信息技术,回避（TTM 亏损，价格含转型预期）,最新季营收 +25.4%、毛利率 40.4%（+12.8pt）是真实改善，但净利 −110 亿美元、TTM 净亏损 113 亿，价格 $116 较 9/21 又涨 6.7%,腾讯自选股 westock，时点 2026-09-21；财务为近 8 个季度滚动口径。情景价格为模型输出，非目标价。,115.93,58.0,99.0,-0.292249,旧模型无正基准上行,,,保留旧结论；仅完成模型审计，未逐家公告复核,,,"[{""name"": ""悲观"", ""prob"": ""—"", ""assumption"": ""亏损扩大、转型证伪，PB 3.5×"", ""multiple"": ""3.5× PB"", ""price"": ""$58"", ""change"": ""−50%"", ""trigger"": ""Q3 继续大额亏损""}, {""name"": ""基准"", ""prob"": ""—"", ""assumption"": ""营收温和增长、亏损延续，PB 6×"", ""multiple"": ""6× PB"", ""price"": ""$99"", ""change"": ""−15%"", ""trigger"": ""亏损收敛但未盈亏平衡""}, {""name"": ""乐观"", ""prob"": ""—"", ""assumption"": ""亏损收敛至盈亏平衡、代工获大额外部订单，PB 9×"", ""multiple"": ""9× PB"", ""price"": ""$149"", ""change"": ""+29%"", ""trigger"": ""连续两季经营层面扭亏""}]",本轮最新行情、最新公告及正常化估值未逐家确认
LLY,礼来,医疗保健,条件关注,条件关注：买的是替尔泊肽双引擎的量价扩张 + orforglipron 与 retatrutide 接棒；高质量高估值组里罕见接近 1:1，但不足 2:1,价格锚定 2026-09-21/22 美股收盘；情景价值 = 正常化 EPS × 合理 PE，为研究假设，不是目标价。缺失项标 [MISSING]。,1164.89,912.0,1410.0,0.969236,旧模型算术<2，非最新结论,,,保留旧结论；仅完成模型审计，未逐家公告复核,,,"[{""name"": ""悲观"", ""prob"": ""—"", ""assumption"": ""2027E EPS $38.00：GLP-1 价格降幅扩大、orforglipron 爬坡持续低于预期、retatrutide 提交推迟"", ""multiple"": ""24×"", ""price"": ""$912"", ""change"": ""−21.7%"", ""trigger"": ""美国实际价格 −9% 轨道延续；口服故事证伪""}, {""name"": ""基准"", ""prob"": ""—"", ""assumption"": ""2027E EPS $47.00：FY26 指引兑现、orforglipron 降糖获批并放量、retatrutide 2027 Q1 提交"", ""multiple"": ""30×"", ""price"": ""$1,410"", ""change"": ""+21.1%"", ""trigger"": ""指引兑现 + 口服接棒""}, {""name"": ""乐观"", ""prob"": ""—"", ""assumption"": ""2027E EPS $58.00：orforglipron 成百亿美元级标配 + retatrutide 预期前置 + 新兴市场医保放量"", ""multiple"": ""34×"", ""price"": ""$1,972"", ""change"": ""+69.3%"", ""trigger"": ""三引擎共振""}]",本轮最新行情、最新公告及正常化估值未逐家确认
ISRG,直觉外科,医疗保健,高位观察,高位观察：Q2 全面 beat 但指引未上调，回撤 33% 修复了动量、没有修复赔率——现价精确等于 Base 价值,价格锚定 2026-09-21/22 美股收盘；情景价值 = 正常化 EPS × 合理 PE，为研究假设，不是目标价。缺失项标 [MISSING]。,401.65,273.0,406.4,0.036922,旧模型算术<2，非最新结论,,,保留旧结论；仅完成模型审计，未逐家公告复核,,,"[{""name"": ""悲观"", ""prob"": ""—"", ""assumption"": ""2027E EPS $10.50：美国手术量增速降至个位数、中国疲弱、竞争分流"", ""multiple"": ""26×"", ""price"": ""$273"", ""change"": ""−32.0%"", ""trigger"": ""ACA 持续 + GLP-1 分流扩大""}, {""name"": ""基准"", ""prob"": ""—"", ""assumption"": ""2027E EPS $12.70：手术量 +14.5% 兑现、毛利率守位"", ""multiple"": ""32×"", ""price"": ""$406.4"", ""change"": ""+1.2%"", ""trigger"": ""与现价几乎相等，无安全边际""}, {""name"": ""乐观"", ""prob"": ""—"", ""assumption"": ""2027E EPS $14.80：ACA 影响消退后手术回补、Ion 持续 +35%+"", ""multiple"": ""37×"", ""price"": ""$547.6"", ""change"": ""+36.3%"", ""trigger"": ""延长器械寿命计划打开高量良性手术市场""}]",本轮最新行情、最新公告及正常化估值未逐家确认
ABBV,艾伯维,医疗保健,高位观察,高位观察：买的是 Skyrizi、Rinvoq 与神经科学能否持续填补 Humira、Imbruvica 的下滑，同时控制 Apogee 收购稀释和杠杆,价格锚定 2026-09-21/22 美股收盘；情景价值 = 正常化 EPS × 合理 PE，为研究假设，不是目标价。缺失项标 [MISSING]。,264.48,204.8,251.46,-0.218164,旧模型无正基准上行,,,保留旧结论；仅完成模型审计，未逐家公告复核,,,"[{""name"": ""悲观"", ""prob"": ""—"", ""assumption"": ""正常化 EPS $12.80：Humira/Imbruvica 下滑快于增长填补，收购稀释与杠杆折价扩大"", ""multiple"": ""16×"", ""price"": ""$204.8"", ""change"": ""−22.6%"", ""trigger"": ""增长组合放缓""}, {""name"": ""基准"", ""prob"": ""—"", ""assumption"": ""正常化 EPS $13.97（FY26 指引中值）"", ""multiple"": ""18×"", ""price"": ""$251.46"", ""change"": ""−4.9%"", ""trigger"": ""增长延续，不提前资本化 Apogee""}, {""name"": ""乐观"", ""prob"": ""—"", ""assumption"": ""正常化 EPS $15.00：免疫学与神经科学强劲、收购整合顺利"", ""multiple"": ""19×"", ""price"": ""$285"", ""change"": ""+7.8%"", ""trigger"": ""成熟资产降幅温和""}]",本轮最新行情、最新公告及正常化估值未逐家确认
AMGN,安进,医疗保健,高位观察,高位观察：买的是六大增长产品覆盖 Prolia、Xgeva、Otezla、Enbrel 等成熟资产侵蚀，并保留 MariTide 与 olpasiran 管线期权,价格锚定 2026-09-21/22 美股收盘；情景价值 = 正常化 EPS × 合理 PE，为研究假设，不是目标价。缺失项标 [MISSING]。,393.16,307.5,389.3,-0.045062,旧模型无正基准上行,,,保留旧结论；仅完成模型审计，未逐家公告复核,,,"[{""name"": ""悲观"", ""prob"": ""—"", ""assumption"": ""正常化 EPS $20.50：Prolia/Xgeva 生物类似药冲击扩大，杠杆折价上升"", ""multiple"": ""15×"", ""price"": ""$307.5"", ""change"": ""−21.8%"", ""trigger"": ""增长组合不足以覆盖""}, {""name"": ""基准"", ""prob"": ""—"", ""assumption"": ""正常化 EPS $22.90（指引中值）"", ""multiple"": ""17×"", ""price"": ""$389.3"", ""change"": ""−1.0%"", ""trigger"": ""认可增长组合""}, {""name"": ""乐观"", ""prob"": ""—"", ""assumption"": ""正常化 EPS $25.00：增长组合持续强劲、部分管线兑现"", ""multiple"": ""18×"", ""price"": ""$450"", ""change"": ""+14.5%"", ""trigger"": ""成熟资产侵蚀可控""}]",本轮最新行情、最新公告及正常化估值未逐家确认
BIIB,渤健,医疗保健,高风险观察,高风险观察：买的是 Growth Portfolio、Apellis 整合与临床催化能否扭转 Legacy MS 的结构性下滑,价格锚定 2026-09-21/22 美股收盘；情景价值 = 正常化 EPS × 合理 PE，为研究假设，不是目标价。缺失项标 [MISSING]。,219.07,126.5,189.0,-0.324835,旧模型无正基准上行,,,保留旧结论；仅完成模型审计，未逐家公告复核,,,"[{""name"": ""悲观"", ""prob"": ""—"", ""assumption"": ""报告口径正常化 EPS $11.50：传统 MS 下滑加快，协同和放量延迟"", ""multiple"": ""11×"", ""price"": ""$126.5"", ""change"": ""−42.3%"", ""trigger"": ""融资与重组成本持续""}, {""name"": ""基准"", ""prob"": ""—"", ""assumption"": ""报告口径正常化 EPS $13.50"", ""multiple"": ""14×"", ""price"": ""$189"", ""change"": ""−13.7%"", ""trigger"": ""增长组合继续补缺，整合需时间验证""}, {""name"": ""乐观"", ""prob"": ""—"", ""assumption"": ""报告口径正常化 EPS $16.00：Growth 持续超预期、协同提前"", ""multiple"": ""16×"", ""price"": ""$256"", ""change"": ""+16.9%"", ""trigger"": ""临床催化正向""}]",本轮最新行情、最新公告及正常化估值未逐家确认
BMY,百时美施贵宝,医疗保健,中性观察,中性观察：Growth Portfolio 能否覆盖 Legacy 专利悬崖，以现金流、去杠杆和分红维持防御属性；约 9× 前瞻 PE 不自动是安全边际,价格锚定 2026-09-21/22 美股收盘；情景价值 = 正常化 EPS × 合理 PE，为研究假设，不是目标价。缺失项标 [MISSING]。,62.62,49.6,61.88,-0.056836,旧模型无正基准上行,,,保留旧结论；仅完成模型审计，未逐家公告复核,,,"[{""name"": ""悲观"", ""prob"": ""—"", ""assumption"": ""正常化 EPS $6.20：Eliquis/Opdivo 压力提前、血液瘤产品陡降"", ""multiple"": ""8×"", ""price"": ""$49.6"", ""change"": ""−20.8%"", ""trigger"": ""增长组合填补不足""}, {""name"": ""基准"", ""prob"": ""—"", ""assumption"": ""正常化 EPS $6.875（指引中值）"", ""multiple"": ""9×"", ""price"": ""$61.88"", ""change"": ""−1.2%"", ""trigger"": ""增长组合与 FCF 支撑""}, {""name"": ""乐观"", ""prob"": ""—"", ""assumption"": ""正常化 EPS $7.50：增长组合兑现、FCF 与去杠杆改善"", ""multiple"": ""10×"", ""price"": ""$75"", ""change"": ""+19.8%"", ""trigger"": ""Eliquis/Opdivo 压力受控""}]",本轮最新行情、最新公告及正常化估值未逐家确认
GILD,吉利德科学,医疗保健,条件关注,条件关注：买的是 HIV/PrEP 的高质量现金流，能否在收购与管线兑现后形成肿瘤和长效 HIV 的第二增长曲线,价格锚定 2026-09-21/22 美股收盘；情景价值 = 正常化 EPS × 合理 PE，为研究假设，不是目标价。缺失项标 [MISSING]。,150.56,138.6,165.3,1.232441,旧模型算术<2，非最新结论,,,保留旧结论；仅完成模型审计，未逐家公告复核,,,"[{""name"": ""悲观"", ""prob"": ""—"", ""assumption"": ""正常化 EPS $7.70：HIV 增长降速、Cell Therapy 下滑与整合拖累"", ""multiple"": ""18×"", ""price"": ""$138.6"", ""change"": ""−7.9%"", ""trigger"": ""整合拖累""}, {""name"": ""基准"", ""prob"": ""—"", ""assumption"": ""正常化 EPS $8.70：HIV/PrEP 保持增长，Trodelvy 与新资产逐步补位"", ""multiple"": ""19×"", ""price"": ""$165.3"", ""change"": ""+9.8%"", ""trigger"": ""指引兑现""}, {""name"": ""乐观"", ""prob"": ""—"", ""assumption"": ""正常化 EPS $9.70：长效 HIV、肿瘤和收购资产兑现超预期"", ""multiple"": ""20×"", ""price"": ""$194"", ""change"": ""+28.9%"", ""trigger"": ""收购资产兑现""}]",本轮最新行情、最新公告及正常化估值未逐家确认
INCY,因塞特,医疗保健,中性观察,中性观察：买的是 Opzelura、血液瘤组合和后期管线能否在 Jakafi 专利周期前形成第二收入曲线,价格锚定 2026-09-21/22 美股收盘；情景价值 = 正常化 EPS × 合理 PE，为研究假设，不是目标价。缺失项标 [MISSING]。,124.65,96.0,138.0,0.465969,旧模型算术<2，非最新结论,,,保留旧结论；仅完成模型审计，未逐家公告复核,,,"[{""name"": ""悲观"", ""prob"": ""—"", ""assumption"": ""正常化 EPS $4.80：Jakafi 成熟化，Opzelura 转化放缓，研发与交易投入上升"", ""multiple"": ""20×"", ""price"": ""$96"", ""change"": ""−23.0%"", ""trigger"": ""Jakafi 侵蚀""}, {""name"": ""基准"", ""prob"": ""—"", ""assumption"": ""正常化 EPS $6.00：核心非 Jakafi 业务持续增长"", ""multiple"": ""23×"", ""price"": ""$138"", ""change"": ""+10.7%"", ""trigger"": ""仍需承担管线投资""}, {""name"": ""乐观"", ""prob"": ""—"", ""assumption"": ""正常化 EPS $7.00：Opzelura、血液瘤及后期管线显著兑现"", ""multiple"": ""25×"", ""price"": ""$175"", ""change"": ""+40.4%"", ""trigger"": ""管线兑现""}]",本轮最新行情、最新公告及正常化估值未逐家确认
JNJ,强生,医疗保健,高位观察,高位观察：买的是创新制药与 MedTech 双引擎能否以新药、多发性骨髓瘤组合和器械创新覆盖 Stelara 等成熟资产侵蚀；业务质量高但现价无安全边际,价格锚定 2026-09-21/22 美股收盘；情景价值 = 正常化 EPS × 合理 PE，为研究假设，不是目标价。缺失项标 [MISSING]。,269.47,216.0,266.34,-0.058537,旧模型无正基准上行,,,保留旧结论；仅完成模型审计，未逐家公告复核,,,"[{""name"": ""悲观"", ""prob"": ""—"", ""assumption"": ""正常化 EPS $10.80：Stelara 侵蚀与特殊项目压制"", ""multiple"": ""20×"", ""price"": ""$216"", ""change"": ""−19.8%"", ""trigger"": ""Stelara 降幅超预期""}, {""name"": ""基准"", ""prob"": ""—"", ""assumption"": ""正常化 EPS $11.58：新药与 MedTech 延续，成熟资产下降可控"", ""multiple"": ""23×"", ""price"": ""$266.34"", ""change"": ""−1.2%"", ""trigger"": ""指引兑现""}, {""name"": ""乐观"", ""prob"": ""—"", ""assumption"": ""正常化 EPS $12.40：新产品与器械加速"", ""multiple"": ""24×"", ""price"": ""$297.6"", ""change"": ""+10.4%"", ""trigger"": ""估值维持较高水平""}]",本轮最新行情、最新公告及正常化估值未逐家确认
MRK,默沙东,医疗保健,高风险观察,高风险观察：买的是后 Keytruda 产品和管线能否在 2028 年专利悬崖前形成可信的收入接力；低报表盈利来自交易费用，不是估值安全垫,价格锚定 2026-09-21/22 美股收盘；情景价值 = 正常化 EPS × 合理 PE，为研究假设，不是目标价。缺失项标 [MISSING]。,149.5,93.0,136.8,-0.224779,旧模型无正基准上行,,,保留旧结论；仅完成模型审计，未逐家公告复核,,,"[{""name"": ""悲观"", ""prob"": ""—"", ""assumption"": ""正常化 EPS $6.20：Keytruda 生命周期管理不足，新资产无法填补悬崖"", ""multiple"": ""15×"", ""price"": ""$93"", ""change"": ""−37.8%"", ""trigger"": ""悬崖无接力""}, {""name"": ""基准"", ""prob"": ""—"", ""assumption"": ""正常化 EPS $7.60：新产品逐步兑现，仍有专利与杠杆折价"", ""multiple"": ""18×"", ""price"": ""$136.8"", ""change"": ""−8.5%"", ""trigger"": ""新产品逐步放量""}, {""name"": ""乐观"", ""prob"": ""—"", ""assumption"": ""正常化 EPS $9.00：Winrevair、Welireg、ADC、心代谢与疫苗形成可信接力"", ""multiple"": ""20×"", ""price"": ""$180"", ""change"": ""+20.4%"", ""trigger"": ""管线接力兑现""}]",本轮最新行情、最新公告及正常化估值未逐家确认
MRNA,莫德纳,医疗保健,高风险观察,高风险观察 / 不作为核心仓位：买的是呼吸疫苗商业化能否止住现金流失，以及个体化肿瘤疫苗能否从临床成功转成可支付、可复制的收入,价格锚定 2026-09-21/22 美股收盘；情景价值 = 正常化 EPS × 合理 PE，为研究假设，不是目标价。缺失项标 [MISSING]。,172.94,12.0,77.0,-0.596123,旧模型无正基准上行,,,保留旧结论；仅完成模型审计，未逐家公告复核,,,"[{""name"": ""悲观"", ""prob"": ""—"", ""assumption"": ""现金持续下降；呼吸组合无法形成规模；肿瘤疫苗仅保留低概率期权"", ""multiple"": ""—"", ""price"": ""$12"", ""change"": ""−93.1%"", ""trigger"": ""现金流失""}, {""name"": ""基准"", ""prob"": ""—"", ""assumption"": ""核心呼吸业务形成有限现金流；III 期结果上修肿瘤疫苗概率，按风险调整、延后商业化计入"", ""multiple"": ""—"", ""price"": ""$77"", ""change"": ""−55.5%"", ""trigger"": ""净现金 + 风险调整期权""}, {""name"": ""乐观"", ""prob"": ""—"", ""assumption"": ""组合疫苗显著放量，肿瘤疫苗完整数据、审批与支付路径均被验证"", ""multiple"": ""—"", ""price"": ""$176"", ""change"": ""+1.8%"", ""trigger"": ""完整数据 + 支付路径""}]",本轮最新行情、最新公告及正常化估值未逐家确认
PFE,辉瑞,医疗保健,中性观察,中性观察：买的是 Seagen ADC 与新产品、成本节约能否覆盖 Eliquis 等成熟产品的专利与定价压力，而非低 PE 标签,价格锚定 2026-09-21/22 美股收盘；情景价值 = 正常化 EPS × 合理 PE，为研究假设，不是目标价。缺失项标 [MISSING]。,27.74,20.8,29.0,0.181556,旧模型算术<2，非最新结论,,,保留旧结论；仅完成模型审计，未逐家公告复核,,,"[{""name"": ""悲观"", ""prob"": ""—"", ""assumption"": ""正常化 EPS $2.45：LOE/IRA 与成熟产品下滑快于新产品和成本节约兑现"", ""multiple"": ""8.5×"", ""price"": ""$20.8"", ""change"": ""−25.0%"", ""trigger"": ""下滑快于兑现""}, {""name"": ""基准"", ""prob"": ""—"", ""assumption"": ""正常化 EPS $2.90（指引中值）：Seagen 增长和成本节约部分对冲断层"", ""multiple"": ""10.0×"", ""price"": ""$29.0"", ""change"": ""+4.5%"", ""trigger"": ""指引兑现""}, {""name"": ""乐观"", ""prob"": ""—"", ""assumption"": ""正常化 EPS $3.25：ADC、新品、费用效率共同实现上修"", ""multiple"": ""11.0×"", ""price"": ""$35.8"", ""change"": ""+29.0%"", ""trigger"": ""有限重估""}]",本轮最新行情、最新公告及正常化估值未逐家确认
REGN,再生元,医疗保健,条件关注,条件关注：买的是 Dupixent 持续放量 + 平台研发能力，能否在 EYLEA 系列承压时仍维持高质量、低杠杆的复利；Base/Bear 1.65:1 未达 2:1,价格锚定 2026-09-21/22 美股收盘；情景价值 = 正常化 EPS × 合理 PE，为研究假设，不是目标价。缺失项标 [MISSING]。,798.17,700.0,960.0,1.648467,旧模型算术<2，非最新结论,,,保留旧结论；仅完成模型审计，未逐家公告复核,,,"[{""name"": ""悲观"", ""assumption"": ""正常化 EPS $56.0：EYLEA 系列净价/份额恶化，眼科侵蚀快于新产品贡献"", ""multiple"": ""12.5×"", ""price"": ""$700"", ""change"": ""−12.3%"", ""trigger"": ""EYLEA HD 无法守住净价和份额""}, {""name"": ""基准"", ""assumption"": ""正常化 EPS $60.0：Dupixent 延续高增长，EYLEA HD 部分对冲传统 EYLEA 下滑，协同收入恢复完整确认"", ""multiple"": ""16.0×"", ""price"": ""$960"", ""change"": ""+20.3%"", ""trigger"": ""Dupixent 高增 + 眼科合计降幅收窄""}, {""name"": ""乐观"", ""assumption"": ""正常化 EPS $72.0：Dupixent、管线与新适应症兑现，眼科合计销售稳定"", ""multiple"": ""18.0×"", ""price"": ""$1,296"", ""change"": ""+62.4%"", ""trigger"": ""眼科合计企稳 + 管线兑现""}]",本轮最新行情、最新公告及正常化估值未逐家确认
VRTX,福泰制药,医疗保健,高位观察,高位观察：买的是 CF 特许经营权的持续自由现金流，能否培育出 CASGEVY、JOURNAVX、肾病与并购资产的第二增长曲线；高质量现金流不等于当前赔率充分,价格锚定 2026-09-21/22 美股收盘；情景价值 = 正常化 EPS × 合理 PE，为研究假设，不是目标价。缺失项标 [MISSING]。,510.72,420.0,581.0,0.774691,旧模型算术<2，非最新结论,,,保留旧结论；仅完成模型审计，未逐家公告复核,,,"[{""name"": ""悲观"", ""prob"": ""—"", ""assumption"": ""正常化 EPS $17.5：CF 增长自然放缓，新品商业化不足，交易与研发投入降低利润弹性"", ""multiple"": ""24×"", ""price"": ""$420"", ""change"": ""−17.8%"", ""trigger"": ""新品爬坡不足""}, {""name"": ""基准"", ""prob"": ""—"", ""assumption"": ""正常化 EPS $21.5：CF 稳健，非 CF 收入达指引，新产品持续爬坡"", ""multiple"": ""27×"", ""price"": ""$581"", ""change"": ""+13.8%"", ""trigger"": ""质量溢价维持""}, {""name"": ""乐观"", ""prob"": ""—"", ""assumption"": ""正常化 EPS $26.0：CASGEVY/JOURNAVX 与肾病期权显著兑现"", ""multiple"": ""30×"", ""price"": ""$780"", ""change"": ""+52.7%"", ""trigger"": ""第二曲线获重估""}]",本轮最新行情、最新公告及正常化估值未逐家确认
VTRS,晖致,医疗保健,高风险观察,高风险观察：低倍数与现金流并不自动构成安全边际；成熟品牌药/仿制药结构性压力、杠杆与一次性项目使 Base/Bear 不成立,价格锚定 2026-09-21/22 美股收盘；情景价值 = 正常化 EPS × 合理 PE，为研究假设，不是目标价。缺失项标 [MISSING]。,17.1,10.5,17.5,0.060606,旧模型算术<2，非最新结论,,,保留旧结论；仅完成模型审计，未逐家公告复核,,,"[{""name"": ""悲观"", ""prob"": ""—"", ""assumption"": ""正常化 EPS $2.10：供应扰动、成熟药价格压力和诉讼/去杠杆拖累"", ""multiple"": ""5×"", ""price"": ""$10.5"", ""change"": ""−38.6%"", ""trigger"": ""价格压力""}, {""name"": ""基准"", ""prob"": ""—"", ""assumption"": ""正常化 EPS $2.50：现金流达标、成熟业务止跌但不重估"", ""multiple"": ""7×"", ""price"": ""$17.5"", ""change"": ""+2.3%"", ""trigger"": ""止跌不重估""}, {""name"": ""乐观"", ""prob"": ""—"", ""assumption"": ""正常化 EPS $2.80：中国、新品、复杂仿制药和降债改善"", ""multiple"": ""8×"", ""price"": ""$22.4"", ""change"": ""+31.0%"", ""trigger"": ""降债与新品""}]",本轮最新行情、最新公告及正常化估值未逐家确认
ZTS,硕腾,医疗保健,条件关注,条件关注：第2批 18 家里唯一在“盈利不再下修、需求触底”前提下达到约 2:1 的标的，但不能把估值腰斩直接等同于底部,价格锚定 2026-09-21/22 美股收盘；情景价值 = 正常化 EPS × 合理 PE，为研究假设，不是目标价。缺失项标 [MISSING]。,71.33,63.8,93.8,2.984064,旧模型算术≥2，非认证,70.245,3.654771,观察（待重建）：美国宠物业务未止跌；保留反转研究，撤回确定性机会表述,8/6 公告：美国伴侣动物收入 −11%；全年调整后 EPS 下调至 6.15–6.25、GAAP 5.55–5.65，有机收入 −3% 至 −1%。旧页已记录收入下调，不能断言它完全遗漏，但 $93.8 基准缺少 EPS/PE 及恢复路径。,https://investor.zoetis.com/news/news-details/2026/Zoetis-Announces-Second-Quarter-2026-Results/default.aspx,"[{""name"": ""悲观"", ""assumption"": ""正常化 EPS $5.80；美国宠物就诊、净价和份额继续恶化"", ""multiple"": ""11×"", ""price"": ""$63.8"", ""change"": ""−10.6%"", ""trigger"": ""美国伴侣动物收入继续下滑，皮肤科组合被竞争者侵蚀""}, {""name"": ""基准"", ""assumption"": ""正常化 EPS $6.25；指引守住、2027 恢复中个位数增长"", ""multiple"": ""15×"", ""price"": ""$93.8"", ""change"": ""+31.4%"", ""trigger"": ""指引兑现，宠物就诊量环比稳定""}, {""name"": ""乐观"", ""assumption"": ""正常化 EPS $6.80；伴侣动物恢复，诊断/畜牧及新品接力"", ""multiple"": ""18×"", ""price"": ""$122.4"", ""change"": ""+71.6%"", ""trigger"": ""伴侣动物恢复 + 新品放量""}]",本轮重点模型未认证
ABT,雅培,医疗保健,中性观察,中性观察：Libre、器械和营养品是高质量底盘，但 Exact 收购后的报告增长不能直接当成内生加速，现价下 Base/Bear 不足,价格锚定 2026-09-21/22 美股收盘；情景价值 = 正常化 EPS × 合理 PE，为研究假设，不是目标价。缺失项标 [MISSING]。,102.98,91.0,116.6,1.136895,旧模型算术<2，非最新结论,,,保留旧结论；仅完成模型审计，未逐家公告复核,,,"[{""name"": ""悲观"", ""prob"": ""—"", ""assumption"": ""正常化 EPS $5.35：Libre 放缓、整合拖累"", ""multiple"": ""17×"", ""price"": ""$91"", ""change"": ""−11.6%"", ""trigger"": ""竞争与整合""}, {""name"": ""基准"", ""prob"": ""—"", ""assumption"": ""正常化 EPS $5.55：可比增长达标、Libre 和器械稳健"", ""multiple"": ""21×"", ""price"": ""$116.6"", ""change"": ""+13.2%"", ""trigger"": ""指引兑现""}, {""name"": ""乐观"", ""prob"": ""—"", ""assumption"": ""正常化 EPS $6.15：Libre 再加速、癌症诊断协同兑现"", ""multiple"": ""23×"", ""price"": ""$141.5"", ""change"": ""+37.4%"", ""trigger"": ""协同兑现""}]",本轮最新行情、最新公告及正常化估值未逐家确认
BSX,波士顿科学,医疗保健,中性观察,中性观察：估值压缩后的上行看似可观，但网络攻击、WATCHMAN、美国 EP 和重组使低估值不等于高安全边际,价格锚定 2026-09-21/22 美股收盘；情景价值 = 正常化 EPS × 合理 PE，为研究假设，不是目标价。缺失项标 [MISSING]。,43.72,35.4,52.8,1.091346,旧模型算术<2，非最新结论,,,保留旧结论；仅完成模型审计，未逐家公告复核,,,"[{""name"": ""悲观"", ""prob"": ""—"", ""assumption"": ""正常化 EPS $2.95：网络攻击、美国 EP 竞争、WATCHMAN 放缓与重组成本"", ""multiple"": ""12×"", ""price"": ""$35.4"", ""change"": ""−19.0%"", ""trigger"": ""核心手术量与份额走弱""}, {""name"": ""基准"", ""prob"": ""—"", ""assumption"": ""正常化 EPS $3.30：指引落地、高增产品抵消弱项"", ""multiple"": ""16×"", ""price"": ""$52.8"", ""change"": ""+20.8%"", ""trigger"": ""指引落地""}, {""name"": ""乐观"", ""prob"": ""—"", ""assumption"": ""正常化 EPS $3.65：新品、重组节省与组合改善"", ""multiple"": ""19×"", ""price"": ""$69.4"", ""change"": ""+58.7%"", ""trigger"": ""重组节省兑现""}]",本轮最新行情、最新公告及正常化估值未逐家确认
DXCM,德康医疗,医疗保健,高位观察,高位观察：CGM 增长、利润率和现金流均强，但当前价格已反映大部分 Base 情景，需等估值安全边际或新的盈利上修,价格锚定 2026-09-21/22 美股收盘；情景价值 = 正常化 EPS × 合理 PE，为研究假设，不是目标价。缺失项标 [MISSING]。,89.17,58.8,87.8,-0.04511,旧模型无正基准上行,,,保留旧结论；仅完成模型审计，未逐家公告复核,,,"[{""name"": ""悲观"", ""prob"": ""—"", ""assumption"": ""正常化 EPS $2.35：支付/价格/竞争使增速与利润率下修"", ""multiple"": ""25×"", ""price"": ""$58.8"", ""change"": ""−34.1%"", ""trigger"": ""支付与价格压力""}, {""name"": ""基准"", ""prob"": ""—"", ""assumption"": ""正常化 EPS $2.66：G7、国际和利润率按指引兑现"", ""multiple"": ""33×"", ""price"": ""$87.8"", ""change"": ""−1.6%"", ""trigger"": ""指引兑现""}, {""name"": ""乐观"", ""prob"": ""—"", ""assumption"": ""正常化 EPS $3.15：CMS 扩覆盖、Stelo 和国际渗透超预期"", ""multiple"": ""36×"", ""price"": ""$113.4"", ""change"": ""+27.2%"", ""trigger"": ""覆盖扩大""}]",本轮最新行情、最新公告及正常化估值未逐家确认
EW,爱德华生命科学,医疗保健,高位观察,高位观察：TAVR 与 TMTT 基本面优质、财务稳健，但现价高于本报告 Base 价值；高质量不等于现价有赔率,价格锚定 2026-09-21/22 美股收盘；情景价值 = 正常化 EPS × 合理 PE，为研究假设，不是目标价。缺失项标 [MISSING]。,88.34,61.6,84.0,-0.162304,旧模型无正基准上行,,,保留旧结论；仅完成模型审计，未逐家公告复核,,,"[{""name"": ""悲观"", ""prob"": ""—"", ""assumption"": ""正常化 EPS $2.80：TAVR 放缓或竞争/覆盖不及预期"", ""multiple"": ""22×"", ""price"": ""$61.6"", ""change"": ""−30.3%"", ""trigger"": ""TAVR 增速走低""}, {""name"": ""基准"", ""prob"": ""—"", ""assumption"": ""正常化 EPS $3.00：指引兑现、TAVR 稳定、TMTT 按计划爬坡"", ""multiple"": ""28×"", ""price"": ""$84.0"", ""change"": ""−4.9%"", ""trigger"": ""指引兑现""}, {""name"": ""乐观"", ""prob"": ""—"", ""assumption"": ""正常化 EPS $3.40：TAVR 超预期、TMTT 加速、利润率恢复"", ""multiple"": ""32×"", ""price"": ""$108.8"", ""change"": ""+23.2%"", ""trigger"": ""TMTT 加速""}]",本轮最新行情、最新公告及正常化估值未逐家确认
GEHC,GE医疗,医疗保健,条件关注,条件关注：AIS 与 PDx 的订单和高利润率增长有质量，估值偏低；但 PCS 亏损、关税退款的一次性贡献、单季 FCF 偏弱，低 PE 尚不足以构成买入理由,价格锚定 2026-09-21/22 美股收盘；情景价值 = 正常化 EPS × 合理 PE，为研究假设，不是目标价。缺失项标 [MISSING]。,64.81,54.0,82.0,1.590194,旧模型算术<2，非最新结论,,,保留旧结论；仅完成模型审计，未逐家公告复核,,,"[{""name"": ""悲观"", ""prob"": ""—"", ""assumption"": ""调整后 EPS $4.50：PCS/现金流继续拖累"", ""multiple"": ""12×"", ""price"": ""$54"", ""change"": ""−17%"", ""trigger"": ""PCS 与现金流""}, {""name"": ""基准"", ""prob"": ""—"", ""assumption"": ""调整后 EPS $5.10：订单转化、全年指引兑现"", ""multiple"": ""16×"", ""price"": ""$82"", ""change"": ""+26%"", ""trigger"": ""订单转收入""}, {""name"": ""乐观"", ""prob"": ""—"", ""assumption"": ""调整后 EPS $5.40：PDx/AIS 加速、PCS 处置减压"", ""multiple"": ""18×"", ""price"": ""$97"", ""change"": ""+50%"", ""trigger"": ""处置减压""}]",本轮最新行情、最新公告及正常化估值未逐家确认
IDXX,爱德士,医疗保健,条件关注,条件关注，不宜因“好公司”直接追买：约 10% 收入增长主要依赖诊断渗透率和净价覆盖美国就诊量走弱，约 36× TTM PE 容错有限,价格锚定 2026-09-21/22 美股收盘；情景价值 = 正常化 EPS × 合理 PE，为研究假设，不是目标价。缺失项标 [MISSING]。,516.23,378.0,525.0,0.063445,旧模型算术<2，非最新结论,,,保留旧结论；仅完成模型审计，未逐家公告复核,,,"[{""name"": ""悲观"", ""prob"": ""—"", ""assumption"": ""EPS $13.5：就诊量拖累、估值降档"", ""multiple"": ""28×"", ""price"": ""$378"", ""change"": ""−27%"", ""trigger"": ""就诊量下行扩大""}, {""name"": ""基准"", ""prob"": ""—"", ""assumption"": ""EPS $15.0：约 10% 有机增长与利润扩张延续"", ""multiple"": ""35×"", ""price"": ""$525"", ""change"": ""+2%"", ""trigger"": ""增长延续""}, {""name"": ""乐观"", ""prob"": ""—"", ""assumption"": ""EPS $16.0：渗透率和国际扩张超预期"", ""multiple"": ""40×"", ""price"": ""$640"", ""change"": ""+24%"", ""trigger"": ""渗透率加速""}]",本轮最新行情、最新公告及正常化估值未逐家确认
MDT,美敦力,医疗保健,条件关注,条件关注：多业务线增长和 MiniMed 分拆后的利润率改善值得肯定，但 Q1 有机增速含额外销售周，现价首笔赔率不足,价格锚定 2026-09-21/22 美股收盘；情景价值 = 正常化 EPS × 合理 PE，为研究假设，不是目标价。缺失项标 [MISSING]。,91.75,80.0,102.0,0.87234,旧模型算术<2，非最新结论,,,保留旧结论；仅完成模型审计，未逐家公告复核,,,"[{""name"": ""悲观"", ""prob"": ""—"", ""assumption"": ""调整后 EPS $5.70：增长回归中个位数、关税/分拆拖累"", ""multiple"": ""14×"", ""price"": ""$80"", ""change"": ""−13%"", ""trigger"": ""内生增长回落""}, {""name"": ""基准"", ""prob"": ""—"", ""assumption"": ""调整后 EPS $6.00：全年指引兑现、分拆改善利润结构"", ""multiple"": ""17×"", ""price"": ""$102"", ""change"": ""+11%"", ""trigger"": ""指引兑现""}, {""name"": ""乐观"", ""prob"": ""—"", ""assumption"": ""调整后 EPS $6.40：CAS/CRM 持续抢份额、估值修复"", ""multiple"": ""19×"", ""price"": ""$122"", ""change"": ""+33%"", ""trigger"": ""份额提升""}]",本轮最新行情、最新公告及正常化估值未逐家确认
PODD,英斯鲁特,医疗保健,高风险观察,高风险观察：Omnipod 的经常性耗材模式和国际扩张仍有吸引力，但美国 2 型患者前 90 天留存偏弱、FCF 回落、质量行动与诉讼悬顶，不能仅以“股价已大跌”推断安全边际,价格锚定 2026-09-21/22 美股收盘；情景价值 = 正常化 EPS × 合理 PE，为研究假设，不是目标价。缺失项标 [MISSING]。,140.53,101.0,156.0,0.391348,旧模型算术<2，非最新结论,,,保留旧结论；仅完成模型审计，未逐家公告复核,,,"[{""name"": ""悲观"", ""prob"": ""—"", ""assumption"": ""调整后 EPS $5.60：2 型留存属结构性、增长降至中个位数"", ""multiple"": ""18×"", ""price"": ""$101"", ""change"": ""−28%"", ""trigger"": ""留存结构性""}, {""name"": ""基准"", ""prob"": ""—"", ""assumption"": ""调整后 EPS $6.50：留存改善有限、国际增长部分对冲"", ""multiple"": ""24×"", ""price"": ""$156"", ""change"": ""+11%"", ""trigger"": ""部分对冲""}, {""name"": ""乐观"", ""prob"": ""—"", ""assumption"": ""调整后 EPS $7.30：留存修复、新产品和国际扩张超预期"", ""multiple"": ""27×"", ""price"": ""$197"", ""change"": ""+40%"", ""trigger"": ""留存修复""}]",本轮最新行情、最新公告及正常化估值未逐家确认
RMD,瑞思迈,医疗保健,优先跟踪,三家中优先跟踪，但不等同于立即买入：高质量复购体系、核心利润增长快于收入、估值已回落；按严格 Bear/Base 现价仍未达 2:1,价格锚定 2026-09-21/22 美股收盘；情景价值 = 正常化 EPS × 合理 PE，为研究假设，不是目标价。缺失项标 [MISSING]。,225.37,182.0,266.0,0.936823,旧模型算术<2，非最新结论,,,保留旧结论；仅完成模型审计，未逐家公告复核,,,"[{""name"": ""悲观"", ""prob"": ""—"", ""assumption"": ""EPS $11.4：GLP-1/竞争扰动延续"", ""multiple"": ""16×"", ""price"": ""$182"", ""change"": ""−19%"", ""trigger"": ""需求受损""}, {""name"": ""基准"", ""prob"": ""—"", ""assumption"": ""EPS $12.1：核心指引兑现、一次性拖累消化"", ""multiple"": ""22×"", ""price"": ""$266"", ""change"": ""+18%"", ""trigger"": ""指引兑现""}, {""name"": ""乐观"", ""prob"": ""—"", ""assumption"": ""EPS $13.0：需求获客叙事获验证、估值修复"", ""multiple"": ""25×"", ""price"": ""$325"", ""change"": ""+44%"", ""trigger"": ""GLP-1 获客验证""}]",本轮最新行情、最新公告及正常化估值未逐家确认
RVTY,瑞维缇,医疗保健,高位观察,高位观察：诊断业务的增长和现金转化改善是真实的，但生命科学软件仍弱，Q2 盈利超预期含关税退款，Base/Bear 约 0.6:1 不符合约 2:1 纪律,价格锚定 2026-09-21/22 美股收盘；情景价值 = 正常化 EPS × 合理 PE，为研究假设，不是目标价。缺失项标 [MISSING]。,143.59,108.0,141.0,-0.072773,旧模型无正基准上行,,,保留旧结论；仅完成模型审计，未逐家公告复核,,,"[{""name"": ""悲观"", ""prob"": ""—"", ""assumption"": ""EPS $4.90"", ""multiple"": ""22×"", ""price"": ""$108"", ""change"": ""−25%"", ""trigger"": ""生命科学不转正""}, {""name"": ""基准"", ""prob"": ""—"", ""assumption"": ""EPS $5.65"", ""multiple"": ""25×"", ""price"": ""$141"", ""change"": ""−2%"", ""trigger"": ""诊断延续""}, {""name"": ""乐观"", ""prob"": ""—"", ""assumption"": ""EPS $6.10"", ""multiple"": ""27×"", ""price"": ""$165"", ""change"": ""+15%"", ""trigger"": ""生命科学转正""}]",本轮最新行情、最新公告及正常化估值未逐家确认
STE,史帝瑞,医疗保健,条件关注,条件关注：服务和耗材型业务支撑盈利韧性、估值已回落，但资本设备、AST 需求和高资本开支后的 FCF 仍需验证；Base/Bear 约 1.5:1,价格锚定 2026-09-21/22 美股收盘；情景价值 = 正常化 EPS × 合理 PE，为研究假设，不是目标价。缺失项标 [MISSING]。,206.97,182.0,246.0,1.563076,旧模型算术<2，非最新结论,,,保留旧结论；仅完成模型审计，未逐家公告复核,,,"[{""name"": ""悲观"", ""prob"": ""—"", ""assumption"": ""EPS $10.70：设备订单不转收入、AST 去库存延长"", ""multiple"": ""17×"", ""price"": ""$182"", ""change"": ""−12%"", ""trigger"": ""设备节奏风险""}, {""name"": ""基准"", ""prob"": ""—"", ""assumption"": ""EPS $11.70"", ""multiple"": ""21×"", ""price"": ""$246"", ""change"": ""+19%"", ""trigger"": ""指引兑现""}, {""name"": ""乐观"", ""prob"": ""—"", ""assumption"": ""EPS $12.50"", ""multiple"": ""24×"", ""price"": ""$300"", ""change"": ""+45%"", ""trigger"": ""设备与 AST 恢复""}]",本轮最新行情、最新公告及正常化估值未逐家确认
SYK,史赛克,医疗保健,中性观察,中性观察：终端需求、Mako 装机和盈利能力未破，但 Inari 供应中断、网络事件余波与管理层修复时间表后移仍构成执行折价,价格锚定 2026-09-21/22 美股收盘；情景价值 = 正常化 EPS × 合理 PE，为研究假设，不是目标价。缺失项标 [MISSING]。,273.67,247.0,315.0,1.549681,旧模型算术<2，非最新结论,,,保留旧结论；仅完成模型审计，未逐家公告复核,,,"[{""name"": ""悲观"", ""prob"": ""—"", ""assumption"": ""EPS $14.5：供应修复再延后、估值折价"", ""multiple"": ""17×"", ""price"": ""$247"", ""change"": ""−10%"", ""trigger"": ""再延期""}, {""name"": ""基准"", ""prob"": ""—"", ""assumption"": ""EPS $15.0：全年指引兑现、供应稳定"", ""multiple"": ""21×"", ""price"": ""$315"", ""change"": ""+15%"", ""trigger"": ""供应稳定""}, {""name"": ""乐观"", ""prob"": ""—"", ""assumption"": ""EPS $16.0：积压订单释放、估值信任修复"", ""multiple"": ""24×"", ""price"": ""$384"", ""change"": ""+40%"", ""trigger"": ""订单转收入""}]",本轮最新行情、最新公告及正常化估值未逐家确认
ZBH,齐默邦美,医疗保健,中性观察,中性观察：现金流、技术业务和回购是亮点，但核心膝关节疲弱、利润率承压、销售体系转型尚未兑现；Base/Bear 约 0.7:1,价格锚定 2026-09-21/22 美股收盘；情景价值 = 正常化 EPS × 合理 PE，为研究假设，不是目标价。缺失项标 [MISSING]。,94.32,79.0,106.0,0.762402,旧模型算术<2，非最新结论,,,保留旧结论；仅完成模型审计，未逐家公告复核,,,"[{""name"": ""悲观"", ""prob"": ""—"", ""assumption"": ""EPS $7.90"", ""multiple"": ""10×"", ""price"": ""$79"", ""change"": ""−16%"", ""trigger"": ""膝关节与国际疲弱""}, {""name"": ""基准"", ""prob"": ""—"", ""assumption"": ""EPS $8.80"", ""multiple"": ""12×"", ""price"": ""$106"", ""change"": ""+12%"", ""trigger"": ""利润率止跌""}, {""name"": ""乐观"", ""prob"": ""—"", ""assumption"": ""EPS $9.60"", ""multiple"": ""14×"", ""price"": ""$134"", ""change"": ""+42%"", ""trigger"": ""销售转型见效""}]",本轮最新行情、最新公告及正常化估值未逐家确认
ALGN,阿莱技术,医疗保健,中性观察,中性观察：Clear Aligner 恢复增长、资产负债表稳健，但系统业务下滑、消费需求不确定；Base 上行 16% 对 Bear 下行 17%，赔率约 0.7:1,价格锚定 2026-09-21/22 美股收盘；情景价值 = 正常化 EPS × 合理 PE，为研究假设，不是目标价。缺失项标 [MISSING]。,146.88,122.0,171.0,0.969453,旧模型算术<2，非最新结论,,,保留旧结论；仅完成模型审计，未逐家公告复核,,,"[{""name"": ""悲观"", ""prob"": ""—"", ""assumption"": ""EPS $7.20：消费需求转弱，系统业务继续下滑，利润率承压"", ""multiple"": ""17×"", ""price"": ""$122"", ""change"": ""−17%"", ""trigger"": ""系统继续下滑""}, {""name"": ""基准"", ""prob"": ""—"", ""assumption"": ""EPS $8.15：矫治器中高个位数增长，系统端逐步企稳"", ""multiple"": ""21×"", ""price"": ""$171"", ""change"": ""+16%"", ""trigger"": ""系统企稳""}, {""name"": ""乐观"", ""prob"": ""—"", ""assumption"": ""EPS $9.00：系统策略兑现、病例增长加速且利润率恢复"", ""multiple"": ""24×"", ""price"": ""$216"", ""change"": ""+47%"", ""trigger"": ""病例增长加速""}]",本轮最新行情、最新公告及正常化估值未逐家确认
COO,库博医疗,医疗保健,条件关注,条件关注：估值与现金流有吸引力，但增长重启尚未被验证；Base 上行约 16%，Bear 下行约 15%，赔率约 1.1:1,价格锚定 2026-09-21/22 美股收盘；情景价值 = 正常化 EPS × 合理 PE，为研究假设，不是目标价。缺失项标 [MISSING]。,54.12,46.0,63.0,1.093596,旧模型算术<2，非最新结论,,,保留旧结论；仅完成模型审计，未逐家公告复核,,,"[{""name"": ""悲观"", ""prob"": ""—"", ""assumption"": ""EPS $4.55：渠道去库存延长，CVI 低增，税率/诉讼拖累"", ""multiple"": ""10×"", ""price"": ""$46"", ""change"": ""−15%"", ""trigger"": ""去库存延长""}, {""name"": ""基准"", ""prob"": ""—"", ""assumption"": ""EPS $5.25：库存影响消退，CVI 恢复温和增长"", ""multiple"": ""12×"", ""price"": ""$63"", ""change"": ""+16%"", ""trigger"": ""增长回正""}, {""name"": ""乐观"", ""prob"": ""—"", ""assumption"": ""EPS $5.70：增长显著回弹，现金流与回购增强每股盈利"", ""multiple"": ""14×"", ""price"": ""$80"", ""change"": ""+48%"", ""trigger"": ""回弹""}]",本轮最新行情、最新公告及正常化估值未逐家确认
SOLV,Solventum,医疗保健,高风险观察,高风险观察：低 TTM PE 受一次性项目扭曲，不能当作低风险价值信号；Base 上行 13%，Bear 下行 27%，赔率约 0.5:1,价格锚定 2026-09-21/22 美股收盘；情景价值 = 正常化 EPS × 合理 PE，为研究假设，不是目标价。缺失项标 [MISSING]。,88.84,65.0,100.0,0.468121,旧模型算术<2，非最新结论,,,保留旧结论；仅完成模型审计，未逐家公告复核,,,"[{""name"": ""悲观"", ""prob"": ""—"", ""assumption"": ""EPS $6.00：订单反转、FCF 承压、分拆/去杠杆不及预期"", ""multiple"": ""11×"", ""price"": ""$65"", ""change"": ""−27%"", ""trigger"": ""订单反转""}, {""name"": ""基准"", ""prob"": ""—"", ""assumption"": ""EPS $6.65：核心业务温和增长、正常化利润率稳定、FCF 兑现"", ""multiple"": ""15×"", ""price"": ""$100"", ""change"": ""+13%"", ""trigger"": ""指引兑现""}, {""name"": ""乐观"", ""prob"": ""—"", ""assumption"": ""EPS $7.20：分拆价值清晰、去杠杆加快"", ""multiple"": ""17×"", ""price"": ""$122"", ""change"": ""+37%"", ""trigger"": ""分拆兑现""}]",本轮最新行情、最新公告及正常化估值未逐家确认
CRL,查尔斯河实验室,医疗保健,高位观察,高位观察：周期修复信号存在，但当前价格已计入较多改善预期；Base −1%，Bear −28%，赔率约 0.0:1,价格锚定 2026-09-21/22 美股收盘；情景价值 = 正常化 EPS × 合理 PE，为研究假设，不是目标价。缺失项标 [MISSING]。,279.01,200.0,277.0,-0.02544,旧模型无正基准上行,,,保留旧结论；仅完成模型审计，未逐家公告复核,,,"[{""name"": ""悲观"", ""prob"": ""—"", ""assumption"": ""EPS $10.50：订单转化不畅、RMS 疲软、利润率修复延后"", ""multiple"": ""19×"", ""price"": ""$200"", ""change"": ""−28%"", ""trigger"": ""订单转化不畅""}, {""name"": ""基准"", ""prob"": ""—"", ""assumption"": ""EPS $11.30：DSA 温和修复，利润率和现金流符合指引"", ""multiple"": ""24.5×"", ""price"": ""$277"", ""change"": ""−1%"", ""trigger"": ""符合指引""}, {""name"": ""乐观"", ""prob"": ""—"", ""assumption"": ""EPS $12.10：DSA 加速、RMS 企稳、成本红利和重估同步"", ""multiple"": ""27×"", ""price"": ""$327"", ""change"": ""+17%"", ""trigger"": ""加速""}]",本轮最新行情、最新公告及正常化估值未逐家确认
BAX,百特国际,医疗保健,观察,观察，等待执行证据：低前瞻调整后 PE 并非安全边际；GAAP 亏损、毛利率下滑、Novum 暂停与去杠杆未闭环，Base/Bear 仅 0.12×,价格锚定 2026-09-21/22 美股收盘；情景价值 = 正常化 EPS × 合理 PE，为研究假设，不是目标价。缺失项标 [MISSING]。,22.93,13.95,24.0,0.119154,旧模型算术<2，非最新结论,,,保留旧结论；仅完成模型审计，未逐家公告复核,,,"[{""name"": ""悲观"", ""prob"": ""—"", ""assumption"": ""EPS $1.55：Novum 冻结延长、注射剂供应受限、低吸收压制毛利"", ""multiple"": ""9×"", ""price"": ""$13.95"", ""change"": ""−39.2%"", ""trigger"": ""修复失速""}, {""name"": ""基准"", ""prob"": ""—"", ""assumption"": ""EPS $2.00：回到 2%–3% 有机增长，H2 成本行动修复利润率"", ""multiple"": ""12×"", ""price"": ""$24.00"", ""change"": ""+4.7%"", ""trigger"": ""修复如期""}, {""name"": ""乐观"", ""prob"": ""—"", ""assumption"": ""EPS $2.25：Novum 纠正完成并恢复商业化，债务持续下降"", ""multiple"": ""14×"", ""price"": ""$31.50"", ""change"": ""+37.4%"", ""trigger"": ""修复超预期""}]",本轮最新行情、最新公告及正常化估值未逐家确认
BDX,碧迪医疗,医疗保健,观察,观察，等待 FY2027 定价：New BD 耗材与现金流质量改善，但调整后盈利已较充分反映在价格中；Base/Bear 仅 0.32×,价格锚定 2026-09-21/22 美股收盘；情景价值 = 正常化 EPS × 合理 PE，为研究假设，不是目标价。缺失项标 [MISSING]。,180.7,135.6,195.0,0.317073,旧模型算术<2，非最新结论,,,保留旧结论；仅完成模型审计，未逐家公告复核,,,"[{""name"": ""悲观"", ""prob"": ""—"", ""assumption"": ""EPS $11.30：Alaris 整改约 200bp 收入逆风，关税、树脂成本和中国压力无法抵消"", ""multiple"": ""12×"", ""price"": ""$135.6"", ""change"": ""−25.0%"", ""trigger"": ""双压""}, {""name"": ""基准"", ""prob"": ""—"", ""assumption"": ""EPS $13.00：低个位数增长、生产率抵消部分关税、FY2027 温和利润杠杆"", ""multiple"": ""15×"", ""price"": ""$195"", ""change"": ""+7.9%"", ""trigger"": ""指引兑现""}, {""name"": ""乐观"", ""prob"": ""—"", ""assumption"": ""EPS $14.00：BioPharma GLP-1、APM、PureWick 与介入平台延续高质量增长"", ""multiple"": ""17×"", ""price"": ""$238"", ""change"": ""+31.7%"", ""trigger"": ""净杠杆趋向 2.5×""}]",本轮最新行情、最新公告及正常化估值未逐家确认
WST,西氏医药服务,医疗保健,高质量不追价,高质量，不追价：净现金、强现金流和 HVP 增长都很优，但 Base 价值已低于现价，估值缺乏容错,价格锚定 2026-09-21/22 美股收盘；情景价值 = 正常化 EPS × 合理 PE，为研究假设，不是目标价。缺失项标 [MISSING]。,361.78,218.4,340.4,-0.149114,旧模型无正基准上行,,,保留旧结论；仅完成模型审计，未逐家公告复核,,,"[{""name"": ""悲观"", ""prob"": ""—"", ""assumption"": ""EPS $7.80：GLP-1/生物制剂增速降温、Standard 与 West Vantage 疲弱，估值向去库存区间压缩"", ""multiple"": ""28×"", ""price"": ""$218.4"", ""change"": ""−39.6%"", ""trigger"": ""HVP 降速""}, {""name"": ""基准"", ""prob"": ""—"", ""assumption"": ""EPS $9.20：全年 EPS 接近指引上沿后温和增长"", ""multiple"": ""37×"", ""price"": ""$340.4"", ""change"": ""−5.9%"", ""trigger"": ""无安全边际""}, {""name"": ""乐观"", ""prob"": ""—"", ""assumption"": ""EPS $10.30：HVP Components 非 GLP-1 与 GLP-1 需求均维持高十几增长"", ""multiple"": ""42×"", ""price"": ""$432.6"", ""change"": ""+19.6%"", ""trigger"": ""完美执行""}]",本轮最新行情、最新公告及正常化估值未逐家确认
A,安捷伦,医疗保健,条件关注,条件关注：盈利质量高、指引上调，但 Q3 EPS 含关税退款，且 Base 价值已低于现价，不满足首次介入赔率,价格锚定 2026-09-21/22 美股收盘；情景价值 = 正常化 EPS × 合理 PE，为研究假设，不是目标价。缺失项标 [MISSING]。,161.94,100.8,153.6,-0.136408,旧模型无正基准上行,,,保留旧结论；仅完成模型审计，未逐家公告复核,,,"[{""name"": ""悲观"", ""prob"": ""—"", ""assumption"": ""EPS $5.60：学术/政府持续负增长、欧洲低个位数、Train C 投产前成本压制利润率"", ""multiple"": ""18×"", ""price"": ""$100.8"", ""change"": ""−37.8%"", ""trigger"": ""终端走弱""}, {""name"": ""基准"", ""prob"": ""—"", ""assumption"": ""EPS $6.40：核心增长 5.8%–6.0%、利润率扩张 >100bp"", ""multiple"": ""24×"", ""price"": ""$153.6"", ""change"": ""−5.1%"", ""trigger"": ""已定价""}, {""name"": ""乐观"", ""prob"": ""—"", ""assumption"": ""EPS $7.10：制药回流放量（2030 年约 $1bn 机会）、GLP-1 与 CDMO 超预期"", ""multiple"": ""28×"", ""price"": ""$198.8"", ""change"": ""+22.8%"", ""trigger"": ""回流放量""}]",本轮最新行情、最新公告及正常化估值未逐家确认
CI,信诺,医疗保健,中性偏谨慎,中性偏谨慎：TTM PE 仅约 11×，但 GAAP 与调整后 EPS 差 24%、PBS 利润 −27%、Signature 转型成本前置；Base/Bear 1.12× 接近但不足以首次介入,价格锚定 2026-09-21/22 美股收盘；情景价值 = 正常化 EPS × 合理 PE，为研究假设，不是目标价。缺失项标 [MISSING]。,274.47,225.0,330.0,1.122498,旧模型算术<2，非最新结论,,,保留旧结论；仅完成模型审计，未逐家公告复核,,,"[{""name"": ""悲观"", ""prob"": ""—"", ""assumption"": ""EPS $25.00：医疗成本趋势恶化突破 MCR 上限、Signature 成本超支、PBS 续约继续让利"", ""multiple"": ""9×"", ""price"": ""$225"", ""change"": ""−18.0%"", ""trigger"": ""MCR 失控""}, {""name"": ""基准"", ""prob"": ""—"", ""assumption"": ""EPS $30.00：调整后 EPS ≥$30.45 兑现、Signature 落地后 PBS 利润企稳"", ""multiple"": ""11×"", ""price"": ""$330"", ""change"": ""+20.2%"", ""trigger"": ""指引兑现""}, {""name"": ""乐观"", ""prob"": ""—"", ""assumption"": ""EPS $33.00：Specialty 高增长延续、雇主定价纪律维持、回购加速"", ""multiple"": ""13×"", ""price"": ""$429"", ""change"": ""+56.3%"", ""trigger"": ""EPS 双位数增长""}]",本轮最新行情、最新公告及正常化估值未逐家确认
IQV,艾昆纬,医疗保健,中性观察,中性观察：订单与 book-to-bill 创多年新高、指引上调，但股价 4 月底以来 +45% 已提前反映；净杠杆 3.59×、回购超同期 FCF；Base 略低于现价,价格锚定 2026-09-21/22 美股收盘；情景价值 = 正常化 EPS × 合理 PE，为研究假设，不是目标价。缺失项标 [MISSING]。,269.88,183.6,266.0,-0.04497,旧模型无正基准上行,,,保留旧结论；仅完成模型审计，未逐家公告复核,,,"[{""name"": ""悲观"", ""prob"": ""—"", ""assumption"": ""EPS $10.20：汇率顺风消失、代垫收入稀释利润率、Charles River 低毛利资产整合不及预期"", ""multiple"": ""18×"", ""price"": ""$183.6"", ""change"": ""−32.0%"", ""trigger"": ""订单转弱""}, {""name"": ""基准"", ""prob"": ""—"", ""assumption"": ""EPS $13.30：收入指引中值 $17.375bn 兑现、EBITDA 利润率持平"", ""multiple"": ""20×"", ""price"": ""$266"", ""change"": ""−1.4%"", ""trigger"": ""已定价""}, {""name"": ""乐观"", ""prob"": ""—"", ""assumption"": ""EPS $15.20：book-to-bill ≥1.2 持续、AI 解决方案货币化加速、净杠杆降至 3× 以下"", ""multiple"": ""23×"", ""price"": ""$349.6"", ""change"": ""+29.5%"", ""trigger"": ""订单周期 + AI""}]",本轮最新行情、最新公告及正常化估值未逐家确认
MCK,麦克森,医疗保健,观察,观察：经营面强（药品分销寡头 + 肿瘤网络 + GLP-1 通道，指引连续上调），但按 Notion 页自己的情景价复算，Base/Bear 只有 0.51×，不是页面写的 1.79×,价格锚定 2026-09-21/22 美股收盘；情景价值 = 正常化 EPS × 合理 PE，为研究假设，不是目标价。缺失项标 [MISSING]。,886.47,684.0,990.0,0.511335,旧模型算术<2，非最新结论,,,保留旧结论；仅完成模型审计，未逐家公告复核,,,"[{""name"": ""悲观"", ""assumption"": ""正常化 EPS $36.00：品牌药降价加速、GLP-1 季度波动破坏全年指引、Wellverse 分拆执行风险、CVS 合同不确定"", ""multiple"": ""19.0×"", ""price"": ""$684"", ""change"": ""−22.8%"", ""trigger"": ""GLP-1 分销增速骤降；品牌药降价超预期""}, {""name"": ""基准"", ""assumption"": ""正常化 EPS $45.00：FY27 指引兑现、H2 投入在 FY28 见回报、分拆顺利"", ""multiple"": ""22.0×"", ""price"": ""$990"", ""change"": ""+11.7%"", ""trigger"": ""调整后 EPS 中值 $44.60 兑现""}, {""name"": ""乐观"", ""assumption"": ""正常化 EPS $49.00：肿瘤维持 20%+ 增长、Precision Medicine 整合顺利、GLP-1 超预期、FY28 EPS +15%"", ""multiple"": ""25.0×"", ""price"": ""$1,225"", ""change"": ""+38.2%"", ""trigger"": ""肿瘤与多专科维持 20%+，FY28 EPS 增长 15%+""}]",本轮最新行情、最新公告及正常化估值未逐家确认
DHR,丹纳赫,医疗保健,观察,观察，等待估值消化：分歧在递延收入而非需求消失（生物工艺订单中双位数，超 $1 亿收入滑入 2027）；Base/Bear 0.54×,价格锚定 2026-09-21/22 美股收盘；情景价值 = 正常化 EPS × 合理 PE，为研究假设，不是目标价。缺失项标 [MISSING]。,215.84,180.4,235.0,0.540632,旧模型算术<2，非最新结论,,,保留旧结论；仅完成模型审计，未逐家公告复核,,,"[{""name"": ""悲观"", ""prob"": ""—"", ""assumption"": ""FY27E EPS $8.20：递延不回归=需求问题；呼吸道出清后诊断“略增”暴露低质量；杠杆约束"", ""multiple"": ""22×"", ""price"": ""$180.4"", ""change"": ""−16.4%"", ""trigger"": ""订单叙事破裂""}, {""name"": ""基准"", ""prob"": ""—"", ""assumption"": ""FY27E EPS $9.40：2027 年递延 $1 亿+回归、Masimo 全年并表"", ""multiple"": ""25×"", ""price"": ""$235"", ""change"": ""+8.9%"", ""trigger"": ""递延回归""}, {""name"": ""乐观"", ""prob"": ""—"", ""assumption"": ""FY27E EPS $10.20：生物工艺订单转化 + 产能回流绿地项目签约 + 学术企稳"", ""multiple"": ""28×"", ""price"": ""$285.6"", ""change"": ""+32.3%"", ""trigger"": ""周期兑现""}]",本轮最新行情、最新公告及正常化估值未逐家确认
ILMN,亿明达,医疗保健,不追价,高质量，不追价：YTD +82% 后现价约 44× 2026E；Base 价值低于现价，临床叙事最强但估值容错最低,价格锚定 2026-09-21/22 美股收盘；情景价值 = 正常化 EPS × 合理 PE，为研究假设，不是目标价。缺失项标 [MISSING]。,238.82,147.0,234.0,-0.052494,旧模型无正基准上行,,,保留旧结论；仅完成模型审计，未逐家公告复核,,,"[{""name"": ""悲观"", ""prob"": ""—"", ""assumption"": ""FY27E EPS $4.90：任何单季科研/中国/毛利率 miss 在 44× 下触发压缩；平台迁移拉货消退"", ""multiple"": ""30×"", ""price"": ""$147"", ""change"": ""−38.5%"", ""trigger"": ""倍数压缩""}, {""name"": ""基准"", ""prob"": ""—"", ""assumption"": ""FY27E EPS $5.85：2027 高个位数框架兑现、新产品 1–2pct 落地"", ""multiple"": ""40×"", ""price"": ""$234"", ""change"": ""−2.0%"", ""trigger"": ""无安全边际""}, {""name"": ""乐观"", ""prob"": ""—"", ""assumption"": ""FY27E EPS $6.60：临床转化 80–85% 后耗材接棒、MRD 放量、数据收入规模化"", ""multiple"": ""48×"", ""price"": ""$316.8"", ""change"": ""+32.6%"", ""trigger"": ""临床接棒""}]",本轮最新行情、最新公告及正常化估值未逐家确认
MTD,梅特勒-托利多,医疗保健,观察,观察：Q2 GAAP EPS +18% 含关税退款净额，剔除后真实质量是调整后 +14%；订单能见度约 1.5 个月；Base/Bear 0.53×,价格锚定 2026-09-21/22 美股收盘；情景价值 = 正常化 EPS × 合理 PE，为研究假设，不是目标价。缺失项标 [MISSING]。,1430.44,1128.0,1590.0,0.527576,旧模型算术<2，非最新结论,,,保留旧结论；仅完成模型审计，未逐家公告复核,,,"[{""name"": ""悲观"", ""prob"": ""—"", ""assumption"": ""FY27E EPS $47.00：Q3 起退款红利消失毛利率“回落”被误读；中国增速跌破高个位数"", ""multiple"": ""24×"", ""price"": ""$1,128"", ""change"": ""−21.1%"", ""trigger"": ""中国证伪""}, {""name"": ""基准"", ""prob"": ""—"", ""assumption"": ""FY27E EPS $53.00：中国高个位数守位、定价 +2.5%–3%、服务快于产品"", ""multiple"": ""30×"", ""price"": ""$1,590"", ""change"": ""+11.1%"", ""trigger"": ""质量延续""}, {""name"": ""乐观"", ""prob"": ""—"", ""assumption"": ""FY27E EPS $57.00：复苏广谱化，产品检测修复，新兴市场快增"", ""multiple"": ""33×"", ""price"": ""$1,881"", ""change"": ""+31.5%"", ""trigger"": ""复苏广谱化""}]",本轮最新行情、最新公告及正常化估值未逐家确认
TECH,Bio-Techne,医疗保健,并购套利,并购套利观察，新资金不参与：$73 现金要约下现价价差仅约 0.9%；持有者决策是拿 $73 + 股息 vs 承担破裂回落 high-$50s/low-$60s,价格锚定 2026-09-21/22 美股收盘；情景价值 = 正常化 EPS × 合理 PE，为研究假设，不是目标价。缺失项标 [MISSING]。,72.37,,,,无法统一计算（缺字段/无适用情景）,,,保留旧结论；仅完成模型审计，未逐家公告复核,,,"[{""name"": ""破裂"", ""prob"": ""—"", ""assumption"": ""FTC 二次要求或股东否决，股价回公告前区间"", ""multiple"": ""—"", ""price"": ""$62.00"", ""change"": ""−14.3%"", ""trigger"": ""监管/表决失败""}, {""name"": ""按期完成"", ""prob"": ""—"", ""assumption"": ""HSR 通过 + 9/23 股东大会批准，2026Q4–2027Q1 交割"", ""multiple"": ""—"", ""price"": ""$73.00"", ""change"": ""+0.9%"", ""trigger"": ""正常交割""}, {""name"": ""提前完成"", ""prob"": ""—"", ""assumption"": ""交割提前，含季度股息时间价值"", ""multiple"": ""—"", ""price"": ""$73.00+"", ""change"": ""+1.0%（年化约 3–4%）"", ""trigger"": ""提前交割""}]",本轮最新行情、最新公告及正常化估值未逐家确认
TMO,赛默飞世尔,医疗保健,观察,观察（本组最接近 2:1 门槛，0.64×）：质量为本组最高（全四大板块有机增长、指引上调），但总杠杆 3.6× 与下半年汇率转逆风是真实约束；回落至 Bear 附近即具备首次介入赔率,价格锚定 2026-09-21/22 美股收盘；情景价值 = 正常化 EPS × 合理 PE，为研究假设，不是目标价。缺失项标 [MISSING]。,658.76,528.0,742.5,0.64041,旧模型算术<2，非最新结论,,,保留旧结论；仅完成模型审计，未逐家公告复核,,,"[{""name"": ""悲观"", ""prob"": ""—"", ""assumption"": ""FY27E EPS $24.00：回购降速使 EPS 增速下修，汇率顺风转逆风，生物生产出现时点延迟"", ""multiple"": ""22×"", ""price"": ""$528"", ""change"": ""−19.9%"", ""trigger"": ""杠杆 + 汇率双压""}, {""name"": ""基准"", ""prob"": ""—"", ""assumption"": ""FY27E EPS $27.50：生物生产 + 临床研究管线转化 + PPI 利润率扩张，扣除微生物稀释与汇率逆风"", ""multiple"": ""27×"", ""price"": ""$742.5"", ""change"": ""+12.7%"", ""trigger"": ""质量兑现""}, {""name"": ""乐观"", ""prob"": ""—"", ""assumption"": ""FY27E EPS $29.80：生物科技支出全面转化，分析仪器利润率扩张延续"", ""multiple"": ""30×"", ""price"": ""$894"", ""change"": ""+35.7%"", ""trigger"": ""有机加速至 5%+""}]",本轮最新行情、最新公告及正常化估值未逐家确认
WAT,沃特世,医疗保健,观察,观察：有机业务连续 7 季高个位数增长、指引全面上调，但 BDS 收购使债务 3.6 倍跳升、H1 FCF 同比下滑；整合执行与现金生成是核心验证项，Base/Bear 0.47×,价格锚定 2026-09-21/22 美股收盘；情景价值 = 正常化 EPS × 合理 PE，为研究假设，不是目标价。缺失项标 [MISSING]。,423.92,336.0,465.0,0.467243,旧模型算术<2，非最新结论,,,保留旧结论；仅完成模型审计，未逐家公告复核,,,"[{""name"": ""悲观"", ""prob"": ""—"", ""assumption"": ""EPS $12.00：BDS 振兴效果消退，中国 DRG 压力扩大，成本行动不及承诺"", ""multiple"": ""28×"", ""price"": ""$336"", ""change"": ""−20.7%"", ""trigger"": ""整合消化不良""}, {""name"": ""基准"", ""prob"": ""—"", ""assumption"": ""EPS $15.50：FY26 中值 $14.55 兑现，Q3–Q4 成本行动 $75m 落地，BDS 维持中个位数"", ""multiple"": ""30×"", ""price"": ""$465"", ""change"": ""+9.7%"", ""trigger"": ""指引兑现""}, {""name"": ""乐观"", ""prob"": ""—"", ""assumption"": ""EPS $17.00：收入协同上修 $50m、GLP-1 检测（+40%）与制药回流放量、BACTEC FXI 替换周期启动"", ""multiple"": ""33×"", ""price"": ""$561"", ""change"": ""+32.4%"", ""trigger"": ""协同超预期""}]",本轮最新行情、最新公告及正常化估值未逐家确认
VEEV,Veeva,医疗保健,观察,观察：商业模式质量最高（Rule of 40 约 61、无有息负债、现金流强），但 Base/Bear 仅 0.34×，且递延收入在账单旺季微降；AI 收入“不重大”，是叙事不是当期盈利支柱,价格锚定 2026-09-21/22 美股收盘；情景价值 = 正常化 EPS × 合理 PE，为研究假设，不是目标价。缺失项标 [MISSING]。,261.31,182.4,288.0,0.338233,旧模型算术<2，非最新结论,,,保留旧结论；仅完成模型审计，未逐家公告复核,,,"[{""name"": ""悲观"", ""prob"": ""—"", ""assumption"": ""EPS $7.60：Commercial 增速降至个位数低段，递延收入连续走平，Salesforce 抢单"", ""multiple"": ""24×"", ""price"": ""$182.4"", ""change"": ""−30.2%"", ""trigger"": ""迁移期减速""}, {""name"": ""基准"", ""prob"": ""—"", ""assumption"": ""EPS $9.60：FY27 $9.05 兑现，R&D/Quality 15%+ 对冲 Commercial 降速，FY28 温和上修"", ""multiple"": ""30×"", ""price"": ""$288"", ""change"": ""+10.2%"", ""trigger"": ""指引 + 温和上修""}, {""name"": ""乐观"", ""prob"": ""—"", ""assumption"": ""EPS $11.00：Falcon 按文档计价跑通，AI 收入从“不重大”变为可披露量级"", ""multiple"": ""34×"", ""price"": ""$374"", ""change"": ""+43.1%"", ""trigger"": ""AI 货币化验证""}]",本轮最新行情、最新公告及正常化估值未逐家确认
CAH,卡地纳健康,医疗保健,观察,观察：FY26 Q4 非 GAAP EPS 含 $0.31/股关税退款（CFO 明确为非经常项），剔除后 $2.60（+25%）才是真实质量；FY27 指引高于预期，但 Base/Bear 仅 0.19×，定价已反映大半,价格锚定 2026-09-21/22 美股收盘；情景价值 = 正常化 EPS × 合理 PE，为研究假设，不是目标价。缺失项标 [MISSING]。,225.75,165.0,237.5,0.193416,旧模型算术<2，非最新结论,,,保留旧结论；仅完成模型审计，未逐家公告复核,,,"[{""name"": ""悲观"", ""prob"": ""—"", ""assumption"": ""FY27E EPS $11.00：GMPD “裸泳”（柴油/聚乙烯成本上升）、IRA 目录价调整扩大、营收 miss 演变为利润率问题"", ""multiple"": ""15×"", ""price"": ""$165"", ""change"": ""−26.9%"", ""trigger"": ""退款红利消退""}, {""name"": ""基准"", ""prob"": ""—"", ""assumption"": ""FY27E EPS $12.50：中值兑现（专科双位数、药品分部利润 +8–11%），回购 $1bn+ 执行"", ""multiple"": ""19×"", ""price"": ""$237.5"", ""change"": ""+5.2%"", ""trigger"": ""指引兑现""}, {""name"": ""乐观"", ""prob"": ""—"", ""assumption"": ""FY27E EPS $14.00：专科营收 20%+、核医学/精准健康延续、FCF 回 $4.5bn+"", ""multiple"": ""20×"", ""price"": ""$280"", ""change"": ""+24.0%"", ""trigger"": ""专科 + 核医学双击""}]",本轮最新行情、最新公告及正常化估值未逐家确认
COR,森科拉,医疗保健,观察,观察（FY2026 Q4 未发布）：以 Q3 实际数 + 全年指引建模，情景 EPS 含推断成分、置信度低；Base/Bear 0.26×，Q4 数据落地前不做介入决策,价格锚定 2026-09-21/22 美股收盘；情景价值 = 正常化 EPS × 合理 PE，为研究假设，不是目标价。缺失项标 [MISSING]。,316.49,238.0,336.6,0.256211,旧模型算术<2，非最新结论,,,保留旧结论；仅完成模型审计，未逐家公告复核,,,"[{""name"": ""悲观"", ""prob"": ""—"", ""assumption"": ""FY27E EPS $17.00：Q4 FCF 缺口、Walgreens 分流超预期、MWI-Covetrus 合并成本 + GLP-1 低毛利拖累"", ""multiple"": ""14×"", ""price"": ""$238"", ""change"": ""−24.8%"", ""trigger"": ""Q4 证伪""}, {""name"": ""基准"", ""prob"": ""—"", ""assumption"": ""FY27E EPS $19.80：FY26 中值 $17.85 兑现、Q4 FCF 补足全年、FY27 落在长期 9–13% 框架上沿"", ""multiple"": ""17×"", ""price"": ""$336.6"", ""change"": ""+6.4%"", ""trigger"": ""Q4 兑现""}, {""name"": ""乐观"", ""prob"": ""—"", ""assumption"": ""FY27E EPS $22.00：OneOncology 超预期扩大、视网膜/肿瘤专科加速、回购重启"", ""multiple"": ""19×"", ""price"": ""$418"", ""change"": ""+32.1%"", ""trigger"": ""专科 MSO 双击""}]",本轮最新行情、最新公告及正常化估值未逐家确认
HSIC,汉瑞祥,医疗保健,观察,观察：牙科/医疗分销份额提升 + 价值创造计划执行期权，但 GAAP 营业利润率仅 4.9%、非 GAAP 7.2%，且不提供 GAAP 指引；Base/Bear 0.19×,价格锚定 2026-09-21/22 美股收盘；情景价值 = 正常化 EPS × 合理 PE，为研究假设，不是目标价。缺失项标 [MISSING]。,85.2,62.4,89.6,0.192982,旧模型算术<2，非最新结论,,,保留旧结论；仅完成模型审计，未逐家公告复核,,,"[{""name"": ""悲观"", ""prob"": ""—"", ""assumption"": ""EPS $4.80：外包/采购节省不及运行率，牙科设备利率敏感走弱，关税与重估收益退坡"", ""multiple"": ""13×"", ""price"": ""$62.4"", ""change"": ""−26.8%"", ""trigger"": ""价值创造证伪""}, {""name"": ""基准"", ""prob"": ""—"", ""assumption"": ""EPS $5.60：中值 $5.34 兑现、价值创造年底 $125m 运行率达成、牙科份额提升延续"", ""multiple"": ""16×"", ""price"": ""$89.6"", ""change"": ""+5.2%"", ""trigger"": ""指引兑现""}, {""name"": ""乐观"", ""prob"": ""—"", ""assumption"": ""EPS $6.20：价值创造超额（$200m 提前）+ 自有品牌 + AI 诊所软件货币化"", ""multiple"": ""18×"", ""price"": ""$111.6"", ""change"": ""+31.0%"", ""trigger"": ""利润率跃迁""}]",本轮最新行情、最新公告及正常化估值未逐家确认
JPM,摩根大通,金融,中性观察,中性观察：Q2 是史上最强季度但约四分之一利润是一次性的；Base/Bear 1.32× 未达 2:1，好公司、贵价格,价格锚定 2026-09-22 美股收盘（第三方，需以交易所记录核验）；情景价值 = 正常化 EPS × 合理 PE，为研究假设，不是目标价。,352.04,273.0,356.0,0.050101,旧模型算术<2，非最新结论,,,保留旧结论；仅完成模型审计，未逐家公告复核,,,"[{""name"": ""悲观"", ""prob"": ""—"", ""assumption"": ""正常化 EPS $21.0：信用周期转折（卡核销回 4%+）、资本市场正常化、NII 指引回吐"", ""multiple"": ""13.0×"", ""price"": ""$273"", ""change"": ""−22.4%"", ""trigger"": ""信用与资本市场转折""}, {""name"": ""基准"", ""prob"": ""—"", ""assumption"": ""正常化 EPS $24.5：交易投行自峰值正常化，被 NII 与财富管理托住"", ""multiple"": ""14.5×"", ""price"": ""$356"", ""change"": ""+1.1%"", ""trigger"": ""共识兑现""}, {""name"": ""乐观"", ""prob"": ""—"", ""assumption"": ""正常化 EPS $27.3：投行管线持续转化 + AI 交易周期延长"", ""multiple"": ""16.0×"", ""price"": ""$437"", ""change"": ""+24.1%"", ""trigger"": ""管线转化""}]",本轮最新行情、最新公告及正常化估值未逐家确认
BAC,美国银行,金融,中性观察,中性观察：板块内回调后赔率改善最明显但仍不足（Base/Bear 1.31×）；Q2 的“干净”不能外推 Q3，指引即清洗,价格锚定 2026-09-22 美股收盘（第三方，需以交易所记录核验）；情景价值 = 正常化 EPS × 合理 PE，为研究假设，不是目标价。,57.96,45.6,59.8,0.148867,旧模型算术<2，非最新结论,,,保留旧结论；仅完成模型审计，未逐家公告复核,,,"[{""name"": ""悲观"", ""prob"": ""—"", ""assumption"": ""正常化 EPS $3.80：投行低迷延续至 2027、NII 增速回落至 3–4%、信用正常化"", ""multiple"": ""12×"", ""price"": ""$45.6"", ""change"": ""−21.3%"", ""trigger"": ""投行与 NII 双弱""}, {""name"": ""基准"", ""prob"": ""—"", ""assumption"": ""正常化 EPS $4.60：2026E 共识（Q3 投行下滑已纳入），2027E $5.06 给部分信用"", ""multiple"": ""13×"", ""price"": ""$59.8"", ""change"": ""+3.2%"", ""trigger"": ""共识兑现""}, {""name"": ""乐观"", ""prob"": ""—"", ""assumption"": ""正常化 EPS $5.30：资本市场 2027 重回上行 + NII 指引再上修"", ""multiple"": ""14.5×"", ""price"": ""$76.9"", ""change"": ""+32.6%"", ""trigger"": ""资本市场回升""}]",本轮最新行情、最新公告及正常化估值未逐家确认
WFC,富国银行,金融,中性观察,中性观察：板块内赔率第一（Base/Bear 1.38×）但仍不足 2:1；监管松绑后的扩张季，EPS 含 $0.04 税收优惠，CET1 与 NIM 是约束,价格锚定 2026-09-22 美股收盘（第三方，需以交易所记录核验）；情景价值 = 正常化 EPS × 合理 PE，为研究假设，不是目标价。,86.54,66.0,91.3,0.231743,旧模型算术<2，非最新结论,,,保留旧结论；仅完成模型审计，未逐家公告复核,,,"[{""name"": ""悲观"", ""prob"": ""—"", ""assumption"": ""正常化 EPS $6.00：信用周期回归、NIM 压缩超预期、CET1 约束资本回报"", ""multiple"": ""11×"", ""price"": ""$66"", ""change"": ""−23.7%"", ""trigger"": ""信用与 NIM""}, {""name"": ""基准"", ""prob"": ""—"", ""assumption"": ""正常化 EPS $7.30：资产上限红利兑现，NIM 企稳为限"", ""multiple"": ""12.5×"", ""price"": ""$91.3"", ""change"": ""+5.5%"", ""trigger"": ""红利兑现""}, {""name"": ""乐观"", ""prob"": ""—"", ""assumption"": ""正常化 EPS $8.20：ROTCE 站稳 18%+、份额继续上行、新资本规则释放 RWA"", ""multiple"": ""14×"", ""price"": ""$114.8"", ""change"": ""+32.6%"", ""trigger"": ""资本规则释放""}]",本轮最新行情、最新公告及正常化估值未逐家确认
MS,摩根士丹利,金融,高位观察,高位观察：Base 情景低于现价 10.5%，介入赔率不成立；现价计入“财富管理转型完成 + 交易强势常态化”双假设,价格锚定 2026-09-22 美股收盘（第三方，需以交易所记录核验）；情景价值 = 正常化 EPS × 合理 PE，为研究假设，不是目标价。,206.12,123.5,184.5,-0.26168,旧模型无正基准上行,,,保留旧结论；仅完成模型审计，未逐家公告复核,,,"[{""name"": ""悲观"", ""prob"": ""—"", ""assumption"": ""正常化 EPS $9.5：股票交易正常化、Workplace 资产流失、费率流入持续负增长"", ""multiple"": ""13×"", ""price"": ""$123.5"", ""change"": ""−40.1%"", ""trigger"": ""交易与流入双弱""}, {""name"": ""基准"", ""prob"": ""—"", ""assumption"": ""正常化 EPS $12.3：股票交易自峰值回落、财富管理费流修复至持平"", ""multiple"": ""15×"", ""price"": ""$184.5"", ""change"": ""−10.5%"", ""trigger"": ""低于现价""}, {""name"": ""乐观"", ""prob"": ""—"", ""assumption"": ""正常化 EPS $14.5：费率流入反弹 + AI 交易周期延长 + 资管 AUM 持续净流入"", ""multiple"": ""17×"", ""price"": ""$246.5"", ""change"": ""+19.6%"", ""trigger"": ""费率流入反弹""}]",本轮最新行情、最新公告及正常化估值未逐家确认
GS,高盛,金融,高位观察,高位观察：Base 情景低于现价 11.9%，介入赔率不成立；Q2 盈利是真的，问题在周期位置,价格锚定 2026-09-22 美股收盘（第三方，需以交易所记录核验）；情景价值 = 正常化 EPS × 合理 PE，为研究假设，不是目标价。,959.39,550.0,845.0,-0.279416,旧模型无正基准上行,,,保留旧结论；仅完成模型审计，未逐家公告复核,,,"[{""name"": ""悲观"", ""prob"": ""—"", ""assumption"": ""正常化 EPS $50：资本市场退潮（IPO 推迟、M&A 放缓）、FICC 持续走弱、SLR 约束显现"", ""multiple"": ""11×"", ""price"": ""$550"", ""change"": ""−42.7%"", ""trigger"": ""资本市场退潮""}, {""name"": ""基准"", ""prob"": ""—"", ""assumption"": ""正常化 EPS $65：2026E 共识 $68.6 打 9.5 折"", ""multiple"": ""13×"", ""price"": ""$845"", ""change"": ""−11.9%"", ""trigger"": ""周期 plateau""}, {""name"": ""乐观"", ""prob"": ""—"", ""assumption"": ""正常化 EPS $78：AI IPO 管线如期落地 + M&A 积压转化 + 资管重估"", ""multiple"": ""15×"", ""price"": ""$1,170"", ""change"": ""+22.0%"", ""trigger"": ""IPO 与 M&A""}]",本轮最新行情、最新公告及正常化估值未逐家确认
CFG,公民金融,金融,中性观察,中性观察：内生增长最清晰，但估值已定价一部分 2027 ROTCE 目标；Base/Bear 约 0.29×,价格锚定 2026-09-22 美股收盘（第三方，需以交易所记录核验）；情景价值 = 正常化 EPS × 合理 PE，为研究假设，不是目标价。,66.68,48.0,72.0,0.284797,旧模型算术<2，非最新结论,,,保留旧结论；仅完成模型审计，未逐家公告复核,,,"[{""name"": ""悲观"", ""prob"": ""—"", ""assumption"": ""正常化 EPS $4.00"", ""multiple"": ""12×"", ""price"": ""$48"", ""change"": ""−28.0%"", ""trigger"": ""信用与费用""}, {""name"": ""基准"", ""prob"": ""—"", ""assumption"": ""正常化 EPS $4.80"", ""multiple"": ""15×"", ""price"": ""$72"", ""change"": ""+8.0%"", ""trigger"": ""目标兑现""}, {""name"": ""乐观"", ""prob"": ""—"", ""assumption"": ""正常化 EPS $5.50"", ""multiple"": ""16×"", ""price"": ""$88"", ""change"": ""+32.0%"", ""trigger"": ""收入与效率共振""}]",本轮最新行情、最新公告及正常化估值未逐家确认
FITB,五三银行,金融,整合观察,整合观察：投资要点是 Comerica 并购协同是否兑现，而不是表观 PE；Base/Bear 约 0.18×，不满足首次介入门槛,价格锚定 2026-09-22 美股收盘（第三方，需以交易所记录核验）；情景价值 = 正常化 EPS × 合理 PE，为研究假设，不是目标价。,53.27,38.5,56.0,0.184834,旧模型算术<2，非最新结论,,,保留旧结论；仅完成模型审计，未逐家公告复核,,,"[{""name"": ""悲观"", ""prob"": ""—"", ""assumption"": ""正常化 EPS $3.50"", ""multiple"": ""11×"", ""price"": ""$38.5"", ""change"": ""−27.7%"", ""trigger"": ""整合不顺""}, {""name"": ""基准"", ""prob"": ""—"", ""assumption"": ""正常化 EPS $3.80"", ""multiple"": ""14.75×"", ""price"": ""$56"", ""change"": ""+5.1%"", ""trigger"": ""协同兑现""}, {""name"": ""乐观"", ""prob"": ""—"", ""assumption"": ""正常化 EPS $4.30"", ""multiple"": ""16×"", ""price"": ""$68.8"", ""change"": ""+29.2%"", ""trigger"": ""协同超预期""}]",本轮最新行情、最新公告及正常化估值未逐家确认
HBAN,亨廷顿银行,金融,条件关注,条件关注：PB 1.08× 为本批最低，但 Base/Bear 仅 0.33×；低估值必须由整合后收入质量与资产质量改善来验证,价格锚定 2026-09-22 美股收盘（第三方，需以交易所记录核验）；情景价值 = 正常化 EPS × 合理 PE，为研究假设，不是目标价。,15.9,12.3,17.1,0.333333,旧模型算术<2，非最新结论,,,保留旧结论；仅完成模型审计，未逐家公告复核,,,"[{""name"": ""悲观"", ""prob"": ""—"", ""assumption"": ""正常化 EPS $1.05"", ""multiple"": ""11.7×"", ""price"": ""$12.3"", ""change"": ""−22.6%"", ""trigger"": ""收入下修、资产质量恶化""}, {""name"": ""基准"", ""prob"": ""—"", ""assumption"": ""正常化 EPS $1.14"", ""multiple"": ""15×"", ""price"": ""$17.1"", ""change"": ""+7.5%"", ""trigger"": ""整合顺利""}, {""name"": ""乐观"", ""prob"": ""—"", ""assumption"": ""正常化 EPS $1.33"", ""multiple"": ""15.5×"", ""price"": ""$20.6"", ""change"": ""+29.6%"", ""trigger"": ""收入超预期""}]",本轮最新行情、最新公告及正常化估值未逐家确认
KEY,科凯国际,金融,高股息观察,高股息观察：3.95% 股息率和 11.2% CET1 是缓冲，但 Base/Bear 约 0.11×，收入停滞与低 NIM 限制重估,价格锚定 2026-09-22 美股收盘（第三方，需以交易所记录核验）；情景价值 = 正常化 EPS × 合理 PE，为研究假设，不是目标价。,20.77,15.0,21.4,0.109185,旧模型算术<2，非最新结论,,,保留旧结论；仅完成模型审计，未逐家公告复核,,,"[{""name"": ""悲观"", ""prob"": ""—"", ""assumption"": ""正常化 EPS $1.50"", ""multiple"": ""10×"", ""price"": ""$15"", ""change"": ""−27.8%"", ""trigger"": ""拨备回归、收入不增""}, {""name"": ""基准"", ""prob"": ""—"", ""assumption"": ""正常化 EPS $1.65"", ""multiple"": ""13×"", ""price"": ""$21.4"", ""change"": ""+3.0%"", ""trigger"": ""维持现状""}, {""name"": ""乐观"", ""prob"": ""—"", ""assumption"": ""正常化 EPS $1.85"", ""multiple"": ""14×"", ""price"": ""$25.9"", ""change"": ""+24.7%"", ""trigger"": ""收入转正、NIM 修复""}]",本轮最新行情、最新公告及正常化估值未逐家确认
MTB,美国制商银行,金融,条件关注,条件关注：经营和资产质量在本批领先，但 Base/Bear 约 0.26×，应把它理解为质量观察，而非低估值交易,价格锚定 2026-09-22 美股收盘（第三方，需以交易所记录核验）；情景价值 = 正常化 EPS × 合理 PE，为研究假设，不是目标价。,225.13,175.0,238.0,0.256732,旧模型算术<2，非最新结论,,,保留旧结论；仅完成模型审计，未逐家公告复核,,,"[{""name"": ""悲观"", ""prob"": ""—"", ""assumption"": ""正常化 EPS $17.50"", ""multiple"": ""10×"", ""price"": ""$175"", ""change"": ""−22.3%"", ""trigger"": ""CRE 恶化、批发融资成本上升""}, {""name"": ""基准"", ""prob"": ""—"", ""assumption"": ""正常化 EPS $20.50"", ""multiple"": ""11.6×"", ""price"": ""$238"", ""change"": ""+5.7%"", ""trigger"": ""质量维持""}, {""name"": ""乐观"", ""prob"": ""—"", ""assumption"": ""正常化 EPS $23.00"", ""multiple"": ""13×"", ""price"": ""$299"", ""change"": ""+32.8%"", ""trigger"": ""C&I 与手续费增长""}]",本轮最新行情、最新公告及正常化估值未逐家确认
RF,地区金融,金融,中性观察,中性观察：NIM/ROE 较高，但 Base/Bear 约 0.26×，Q2 低拨备对利润的支撑不能视为常态,价格锚定 2026-09-22 美股收盘（第三方，需以交易所记录核验）；情景价值 = 正常化 EPS × 合理 PE，为研究假设，不是目标价。,28.37,22.0,30.0,0.255887,旧模型算术<2，非最新结论,,,保留旧结论；仅完成模型审计，未逐家公告复核,,,"[{""name"": ""悲观"", ""prob"": ""—"", ""assumption"": ""正常化 EPS $2.20"", ""multiple"": ""10×"", ""price"": ""$22"", ""change"": ""−22.5%"", ""trigger"": ""拨备回归""}, {""name"": ""基准"", ""prob"": ""—"", ""assumption"": ""正常化 EPS $2.50"", ""multiple"": ""12×"", ""price"": ""$30"", ""change"": ""+5.7%"", ""trigger"": ""指引兑现""}, {""name"": ""乐观"", ""prob"": ""—"", ""assumption"": ""正常化 EPS $2.80"", ""multiple"": ""13×"", ""price"": ""$36.4"", ""change"": ""+28.3%"", ""trigger"": ""NIM 与手续费共振""}]",本轮最新行情、最新公告及正常化估值未逐家确认
PNC,PNC金融,金融,质量观察,质量观察：收入与盈利动能在本批最强，但 FirstBank 并表、Visa Class B2 收益、证券重置损益与整合费用必须清洗；当前估值不构成约 2:1 赔率,价格锚定 2026-09-22 美股收盘（第三方，需以交易所记录核验）；情景价值 = 正常化 EPS × 合理 PE，为研究假设，不是目标价。,227.74,198.0,260.0,1.084734,旧模型算术<2，非最新结论,,,保留旧结论；仅完成模型审计，未逐家公告复核,,,"[{""name"": ""悲观"", ""prob"": ""—"", ""assumption"": ""存款留存与协同不及预期"", ""multiple"": ""—"", ""price"": ""$198"", ""change"": ""−13.1%"", ""trigger"": ""整合失败""}, {""name"": ""基准"", ""prob"": ""—"", ""assumption"": ""正常化 EPS $20.00"", ""multiple"": ""13.0×"", ""price"": ""$260"", ""change"": ""+14.2%"", ""trigger"": ""整合按计划""}, {""name"": ""乐观"", ""prob"": ""—"", ""assumption"": ""协同超预期、信用成本低"", ""multiple"": ""—"", ""price"": ""$308"", ""change"": ""+35.2%"", ""trigger"": ""协同超预期""}]",本轮最新行情、最新公告及正常化估值未逐家确认
TFC,Truist,金融,修复观察,修复观察：约 1.0× PB 和 4.32% 股息率提供修复期权，但低 ROE 与 NII 指引下修解释了折价；尚未满足约 2:1,价格锚定 2026-09-22 美股收盘（第三方，需以交易所记录核验）；情景价值 = 正常化 EPS × 合理 PE，为研究假设，不是目标价。,48.2,40.0,55.2,0.853659,旧模型算术<2，非最新结论,,,保留旧结论；仅完成模型审计，未逐家公告复核,,,"[{""name"": ""悲观"", ""prob"": ""—"", ""assumption"": ""NII 继续下修、汽车贷款退出拖累"", ""multiple"": ""—"", ""price"": ""$40"", ""change"": ""−17.0%"", ""trigger"": ""NII 下修""}, {""name"": ""基准"", ""prob"": ""—"", ""assumption"": ""正常化 EPS $4.60"", ""multiple"": ""12.0×"", ""price"": ""$55.2"", ""change"": ""+14.5%"", ""trigger"": ""NII 止跌""}, {""name"": ""乐观"", ""prob"": ""—"", ""assumption"": ""费用控制与收入协同"", ""multiple"": ""—"", ""price"": ""$65"", ""change"": ""+34.9%"", ""trigger"": ""效率提升""}]",本轮最新行情、最新公告及正常化估值未逐家确认
USB,合众银行,金融,优先跟踪,优先跟踪：记录收入、费用化转型、正经营杠杆与高 ROTCE 的最均衡组合，但 1.52× PB 已要求高回报可持续，尚未达到约 2:1,价格锚定 2026-09-22 美股收盘（第三方，需以交易所记录核验）；情景价值 = 正常化 EPS × 合理 PE，为研究假设，不是目标价。,59.22,52.5,67.2,1.1875,旧模型算术<2，非最新结论,,,保留旧结论；仅完成模型审计，未逐家公告复核,,,"[{""name"": ""悲观"", ""prob"": ""—"", ""assumption"": ""经营杠杆转负、信用成本上升"", ""multiple"": ""—"", ""price"": ""$52.5"", ""change"": ""−11.4%"", ""trigger"": ""信用与利率敏感""}, {""name"": ""基准"", ""prob"": ""—"", ""assumption"": ""正常化 EPS $5.60"", ""multiple"": ""12.0×"", ""price"": ""$67.2"", ""change"": ""+13.5%"", ""trigger"": ""费用化转型兑现""}, {""name"": ""乐观"", ""prob"": ""—"", ""assumption"": ""支付利润率提升、并购协同"", ""multiple"": ""—"", ""price"": ""$80.6"", ""change"": ""+36.1%"", ""trigger"": ""经营杠杆放大""}]",本轮最新行情、最新公告及正常化估值未逐家确认
AXP,美国运通,金融,高质量观察,高质量观察：会员制卡费增长与信用表现为同批最优，但估值已反映较多质量溢价，不构成 2:1 首次介入赔率,价格锚定 2026-09-22 美股收盘（第三方，需以交易所记录核验）；情景价值 = 正常化 EPS × 合理 PE，为研究假设，不是目标价。,308.09,229.4,316.8,0.110688,旧模型算术<2，非最新结论,,,保留旧结论；仅完成模型审计，未逐家公告复核,,,"[{""name"": ""悲观"", ""assumption"": ""信用成本回归、白金卡权益投入拖累利润率"", ""price"": ""$229.4"", ""change"": ""−25.5%"", ""trigger"": ""核销率上升、费用增速持续高于收入""}, {""name"": ""基准"", ""assumption"": ""正常化 EPS $17.60"", ""multiple"": ""18.0×"", ""price"": ""$316.8"", ""change"": ""+2.8%"", ""trigger"": ""指引 EPS $17.30–17.90 兑现""}, {""name"": ""乐观"", ""assumption"": ""卡费增长加速、权益成本趋稳"", ""price"": ""$400.0"", ""change"": ""+29.8%"", ""trigger"": ""卡费增速加速 + 拨备保持低位""}]",本轮最新行情、最新公告及正常化估值未逐家确认
COF,第一资本,金融,整合/信用观察,整合/信用观察：低 PB 已纳入 Discover 整合与信用风险折价；Base 情景有上行但 Base/Bear 仅约 1.07×，尚未满足约 2:1,价格锚定 2026-09-22 美股收盘（第三方，需以交易所记录核验）；情景价值 = 正常化 EPS × 合理 PE，为研究假设，不是目标价。,200.93,152.0,253.0,1.064173,旧模型算术<2，非最新结论,,,保留旧结论；仅完成模型审计，未逐家公告复核,,,"[{""name"": ""悲观"", ""prob"": ""—"", ""assumption"": ""信用恶化、整合不及预期"", ""multiple"": ""—"", ""price"": ""$152"", ""change"": ""−24.4%"", ""trigger"": ""信用与整合""}, {""name"": ""基准"", ""prob"": ""—"", ""assumption"": ""正常化 EPS $22.00"", ""multiple"": ""11.5×"", ""price"": ""$253"", ""change"": ""+25.9%"", ""trigger"": ""信用稳定、协同兑现""}, {""name"": ""乐观"", ""prob"": ""—"", ""assumption"": ""协同超预期、信用改善"", ""multiple"": ""—"", ""price"": ""$351"", ""change"": ""+74.7%"", ""trigger"": ""Discover 网络协同""}]",本轮最新行情、最新公告及正常化估值未逐家确认
TRV,旅行者保险,金融,质量观察,质量观察：基础承保、投资收益与回购质量较好，但 Q2 低巨灾和有利准备金发展显著增厚利润，当前赔率不足约 2:1,价格锚定 2026-09-22 美股收盘（第三方，需以交易所记录核验）；情景价值 = 正常化 EPS × 合理 PE，为研究假设，不是目标价。,360.57,276.0,375.0,0.170628,旧模型算术<2，非最新结论,,,保留旧结论；仅完成模型审计，未逐家公告复核,,,"[{""name"": ""悲观"", ""prob"": ""—"", ""assumption"": ""软周期深化，准备金恢复正常"", ""multiple"": ""—"", ""price"": ""$276"", ""change"": ""−23.5%"", ""trigger"": ""承保利润回归""}, {""name"": ""基准"", ""prob"": ""—"", ""assumption"": ""正常化 EPS $30"", ""multiple"": ""12.5×"", ""price"": ""$375"", ""change"": ""+4.0%"", ""trigger"": ""基础成本率维持""}, {""name"": ""乐观"", ""prob"": ""—"", ""assumption"": ""价格环境好转"", ""multiple"": ""—"", ""price"": ""$455"", ""change"": ""+26.2%"", ""trigger"": ""增长与利润改善""}]",本轮最新行情、最新公告及正常化估值未逐家确认
CB,丘博保险,金融,优先跟踪,优先跟踪：以主动缩量维护承保纪律，承保质量在同批最稳；现价距 Base 空间有限，仍未满足约 2:1,价格锚定 2026-09-22 美股收盘（第三方，需以交易所记录核验）；情景价值 = 正常化 EPS × 合理 PE，为研究假设，不是目标价。,334.09,252.0,348.0,0.169448,旧模型算术<2，非最新结论,,,保留旧结论；仅完成模型审计，未逐家公告复核,,,"[{""name"": ""悲观"", ""assumption"": ""软市场深化、准备金压力"", ""price"": ""$252"", ""change"": ""−24.6%"", ""trigger"": ""综合成本率明显上升；长尾责任险准备金不足""}, {""name"": ""基准"", ""assumption"": ""正常化 EPS $29"", ""multiple"": ""12×"", ""price"": ""$348"", ""change"": ""+4.2%"", ""trigger"": ""价格纪律维持，缩量被其他业务补偿""}, {""name"": ""乐观"", ""assumption"": ""价格环境好转，国际与个人险增长"", ""price"": ""$442"", ""change"": ""+32.3%"", ""trigger"": ""软市场结束 + 国际业务增长加速""}]",本轮最新行情、最新公告及正常化估值未逐家确认
ALL,好事达保险,金融,周期观察,周期观察：低 TTM PE 反映准备金释放与低巨灾，不能视作安全边际；Base 约等于现价，赔率不成立,价格锚定 2026-09-22 美股收盘（第三方，需以交易所记录核验）；情景价值 = 正常化 EPS × 合理 PE，为研究假设，不是目标价。,230.22,127.5,230.0,-0.002142,旧模型无正基准上行,,,保留旧结论；仅完成模型审计，未逐家公告复核,,,"[{""name"": ""悲观"", ""prob"": ""—"", ""assumption"": ""准备金/巨灾回归"", ""multiple"": ""—"", ""price"": ""$127.5"", ""change"": ""−44.6%"", ""trigger"": ""承保利润正常化""}, {""name"": ""基准"", ""prob"": ""—"", ""assumption"": ""正常化 EPS $23"", ""multiple"": ""10×"", ""price"": ""$230"", ""change"": ""≈0%"", ""trigger"": ""不能外推当前 TTM PE""}, {""name"": ""乐观"", ""prob"": ""—"", ""assumption"": ""成本率维持低位"", ""multiple"": ""—"", ""price"": ""$330"", ""change"": ""+43.3%"", ""trigger"": ""承保与 Protection Services 恢复""}]",本轮最新行情、最新公告及正常化估值未逐家确认
AFL,美国家庭人寿,金融,股息/汇率观察,股息/汇率观察：资本稳健、连续增息，但日本保费成熟、美国赔付率上行且 Base 低于现价，不构成首次介入赔率,价格锚定 2026-09-22 美股收盘（第三方，需以交易所记录核验）；情景价值 = 正常化 EPS × 合理 PE，为研究假设，不是目标价。,114.25,68.3,96.0,-0.397171,旧模型无正基准上行,,,保留旧结论；仅完成模型审计，未逐家公告复核,,,"[{""name"": ""悲观"", ""prob"": ""—"", ""assumption"": ""日元走弱、赔付率上升"", ""multiple"": ""—"", ""price"": ""$68.3"", ""change"": ""−40.2%"", ""trigger"": ""日本保费下降、美国伤残赔付恶化""}, {""name"": ""基准"", ""prob"": ""—"", ""assumption"": ""正常化 EPS $8"", ""multiple"": ""12×"", ""price"": ""$96"", ""change"": ""−16.0%"", ""trigger"": ""低于现价""}, {""name"": ""乐观"", ""prob"": ""—"", ""assumption"": ""赔付改善、再配置收益"", ""multiple"": ""—"", ""price"": ""$117"", ""change"": ""+2.4%"", ""trigger"": ""上行有限""}]",本轮最新行情、最新公告及正常化估值未逐家确认
MET,大都会人寿,金融,高质量观察,高质量观察：调整后盈利、分部增长与资本回报最稳，但质量溢价下 Base/Bear 仅约 0.65×，不构成约 2:1 首次介入赔率,价格锚定 2026-09-22 美股收盘（第三方，需以交易所记录核验）；情景价值 = 正常化 EPS × 合理 PE，为研究假设，不是目标价。,95.05,72.0,110.4,0.665944,旧模型算术<2，非最新结论,,,保留旧结论；仅完成模型审计，未逐家公告复核,,,"[{""name"": ""悲观"", ""prob"": ""—"", ""assumption"": ""赔付率回归、市场波动"", ""multiple"": ""—"", ""price"": ""$72"", ""change"": ""−24.3%"", ""trigger"": ""有利赔付均值回归""}, {""name"": ""基准"", ""prob"": ""—"", ""assumption"": ""正常化 EPS $9.20"", ""multiple"": ""12.0×"", ""price"": ""$110.4"", ""change"": ""+16.1%"", ""trigger"": ""经营稳定""}, {""name"": ""乐观"", ""prob"": ""—"", ""assumption"": ""ROE 维持高位、PRT 放量"", ""multiple"": ""—"", ""price"": ""$138"", ""change"": ""+45.2%"", ""trigger"": ""分部增长""}]",本轮最新行情、最新公告及正常化估值未逐家确认
PRU,保德信金融,金融,股息/事件观察,股息/事件观察：高股息、资产管理与利差收入有支撑，但日本销售暂停使修复时间表不确定，Base/Bear 约 1.14×，尚未满足首次介入纪律,价格锚定 2026-09-22 美股收盘（第三方，需以交易所记录核验）；情景价值 = 正常化 EPS × 合理 PE，为研究假设，不是目标价。,116.33,96.0,139.5,1.139695,旧模型算术<2，非最新结论,,,保留旧结论；仅完成模型审计，未逐家公告复核,,,"[{""name"": ""悲观"", ""prob"": ""—"", ""assumption"": ""日本销售恢复推迟"", ""multiple"": ""—"", ""price"": ""$96"", ""change"": ""−17.5%"", ""trigger"": ""销售/退保影响加深""}, {""name"": ""基准"", ""prob"": ""—"", ""assumption"": ""正常化 EPS $15.50"", ""multiple"": ""9.0×"", ""price"": ""$139.5"", ""change"": ""+19.9%"", ""trigger"": ""逐步恢复""}, {""name"": ""乐观"", ""prob"": ""—"", ""assumption"": ""恢复快于预期、PGIM 净流入"", ""multiple"": ""—"", ""price"": ""$170.5"", ""change"": ""+46.6%"", ""trigger"": ""战略兑现""}]",本轮最新行情、最新公告及正常化估值未逐家确认
AIG,美国国际集团,金融,价值修复观察,价值修复观察：破净估值与持续回购提供支撑，但国际商业险利润率、准备金和投资收益仍需验证，Base/Bear 约 0.98× 未达约 2:1,价格锚定 2026-09-22 美股收盘（第三方，需以交易所记录核验）；情景价值 = 正常化 EPS × 合理 PE，为研究假设，不是目标价。,74.19,60.0,88.0,0.973221,旧模型算术<2，非最新结论,,,保留旧结论；仅完成模型审计，未逐家公告复核,,,"[{""name"": ""悲观"", ""prob"": ""—"", ""assumption"": ""国际商业险恶化、准备金不利"", ""multiple"": ""—"", ""price"": ""$60"", ""change"": ""−19.1%"", ""trigger"": ""承保恶化""}, {""name"": ""基准"", ""prob"": ""—"", ""assumption"": ""正常化 EPS $8.00"", ""multiple"": ""11.0×"", ""price"": ""$88"", ""change"": ""+18.6%"", ""trigger"": ""费用率改善""}, {""name"": ""乐观"", ""prob"": ""—"", ""assumption"": ""回购与利润率修复"", ""multiple"": ""—"", ""price"": ""$112"", ""change"": ""+51.0%"", ""trigger"": ""每股价值增长""}]",本轮最新行情、最新公告及正常化估值未逐家确认
ACGL,阿奇资本,金融,周期质量观察,周期质量观察：承保纪律与回购力度最强，但保费收缩反映软周期开始，Base/Bear 仅约 0.25×,价格锚定 2026-09-22 美股收盘（第三方，需以交易所记录核验）；情景价值 = 正常化 EPS × 合理 PE，为研究假设，不是目标价。,95.33,68.4,102.0,0.247679,旧模型算术<2，非最新结论,,,保留旧结论；仅完成模型审计，未逐家公告复核,,,"[{""name"": ""悲观"", ""prob"": ""—"", ""assumption"": ""软周期深化、准备金回归"", ""multiple"": ""—"", ""price"": ""$68.4"", ""change"": ""−28.2%"", ""trigger"": ""承保利润下降""}, {""name"": ""基准"", ""prob"": ""—"", ""assumption"": ""正常化 EPS $10.20"", ""multiple"": ""10.0×"", ""price"": ""$102"", ""change"": ""+7.0%"", ""trigger"": ""纪律维持""}, {""name"": ""乐观"", ""prob"": ""—"", ""assumption"": ""回购与账面价值增长"", ""multiple"": ""—"", ""price"": ""$127.5"", ""change"": ""+33.7%"", ""trigger"": ""风险调整回报提升""}]",本轮最新行情、最新公告及正常化估值未逐家确认
BK,纽约梅隆银行,金融,质量观察,质量观察：托管与资产服务规模护城河，费率收入和 NII 同步增长；但 AUM 累计净流出、利率尾风与当前估值使其未构成约 2:1 赔率,价格锚定 2026-09-22 美股收盘（第三方，需以交易所记录核验）；情景价值 = 正常化 EPS × 合理 PE，为研究假设，不是目标价。,153.89,126.0,162.0,0.290785,旧模型算术<2，非最新结论,,,保留旧结论；仅完成模型审计，未逐家公告复核,,,"[{""name"": ""悲观"", ""prob"": ""—"", ""assumption"": ""利率下行、AUM 流出"", ""multiple"": ""—"", ""price"": ""$126"", ""change"": ""−18.1%"", ""trigger"": ""NII 与费率增长放缓""}, {""name"": ""基准"", ""prob"": ""—"", ""assumption"": ""正常化 EPS $9.00"", ""multiple"": ""18.0×"", ""price"": ""$162"", ""change"": ""+5.3%"", ""trigger"": ""增长延续""}, {""name"": ""乐观"", ""prob"": ""—"", ""assumption"": ""费率与净新增资产改善"", ""multiple"": ""—"", ""price"": ""$198"", ""change"": ""+28.7%"", ""trigger"": ""经营杠杆""}]",本轮最新行情、最新公告及正常化估值未逐家确认
STT,道富银行,金融,优先跟踪,优先跟踪：托管、SPDR/指数 ETF、市场交易与 NII 形成多引擎增长，流入与经营杠杆为本批最佳，但股价已反映部分强势，赔率不足约 2:1,价格锚定 2026-09-22 美股收盘（第三方，需以交易所记录核验）；情景价值 = 正常化 EPS × 合理 PE，为研究假设，不是目标价。,178.2,150.0,195.0,0.595745,旧模型算术<2，非最新结论,,,保留旧结论；仅完成模型审计，未逐家公告复核,,,"[{""name"": ""悲观"", ""prob"": ""—"", ""assumption"": ""市场回撤、费率竞争"", ""multiple"": ""—"", ""price"": ""$150"", ""change"": ""−15.8%"", ""trigger"": ""流入放缓""}, {""name"": ""基准"", ""prob"": ""—"", ""assumption"": ""正常化 EPS $13.00"", ""multiple"": ""15.0×"", ""price"": ""$195"", ""change"": ""+9.4%"", ""trigger"": ""指引兑现""}, {""name"": ""乐观"", ""prob"": ""—"", ""assumption"": ""利润率继续扩张"", ""multiple"": ""—"", ""price"": ""$234"", ""change"": ""+31.3%"", ""trigger"": ""流入与经营杠杆""}]",本轮最新行情、最新公告及正常化估值未逐家确认
TROW,普信集团,金融,高股息观察,高股息观察：低 PE 和约 5% 股息率是对主动权益流出、费率下行和低增长的补偿；资金流扭转前不能将低估值视作安全边际,价格锚定 2026-09-22 美股收盘（第三方，需以交易所记录核验）；情景价值 = 正常化 EPS × 合理 PE，为研究假设，不是目标价。,102.95,80.0,110.0,0.30719,旧模型算术<2，非最新结论,,,保留旧结论；仅完成模型审计，未逐家公告复核,,,"[{""name"": ""悲观"", ""prob"": ""—"", ""assumption"": ""净流出扩大、费率继续下行"", ""multiple"": ""—"", ""price"": ""$80"", ""change"": ""−22.3%"", ""trigger"": ""主动权益萎缩""}, {""name"": ""基准"", ""prob"": ""—"", ""assumption"": ""正常化 EPS $10.00"", ""multiple"": ""11.0×"", ""price"": ""$110"", ""change"": ""+6.8%"", ""trigger"": ""流出收窄""}, {""name"": ""乐观"", ""prob"": ""—"", ""assumption"": ""ETF/SMA/另类放量"", ""multiple"": ""—"", ""price"": ""$132"", ""change"": ""+28.2%"", ""trigger"": ""流入转正""}]",本轮最新行情、最新公告及正常化估值未逐家确认
BEN,富兰克林邓普顿,金融,转型观察,转型观察：长期净流入、另类募资与利润率改善带来边际改善，但 GAAP/调整后差距、高杠杆和整合执行风险使其尚未达到约 2:1,价格锚定 2026-09-22 美股收盘（第三方，需以交易所记录核验）；情景价值 = 正常化 EPS × 合理 PE，为研究假设，不是目标价。,32.75,24.0,34.8,0.234286,旧模型算术<2，非最新结论,,,保留旧结论；仅完成模型审计，未逐家公告复核,,,"[{""name"": ""悲观"", ""prob"": ""—"", ""assumption"": ""流入逆转、整合不及预期"", ""multiple"": ""—"", ""price"": ""$24"", ""change"": ""−26.7%"", ""trigger"": ""杠杆与整合拖累""}, {""name"": ""基准"", ""prob"": ""—"", ""assumption"": ""正常化 EPS $2.90"", ""multiple"": ""12.0×"", ""price"": ""$34.8"", ""change"": ""+6.3%"", ""trigger"": ""改善延续""}, {""name"": ""乐观"", ""prob"": ""—"", ""assumption"": ""私募放量、利润率提升"", ""multiple"": ""—"", ""price"": ""$43.5"", ""change"": ""+32.8%"", ""trigger"": ""另类平台兑现""}]",本轮最新行情、最新公告及正常化估值未逐家确认
BLK,贝莱德,金融,高质量观察,高质量观察：本批最强的基础费率、ETF 流入、私募和科技订阅组合，但高质量已反映在估值中，Base/Bear 0.75× 未达约 2:1,价格锚定 2026-09-22 美股收盘（第三方，需以交易所记录核验）；情景价值 = 正常化 EPS × 合理 PE，为研究假设，不是目标价。,1069.12,880.0,1210.0,0.744924,旧模型算术<2，非最新结论,,,保留旧结论；仅完成模型审计，未逐家公告复核,,,"[{""name"": ""悲观"", ""prob"": ""—"", ""assumption"": ""市场回撤、流入放缓"", ""multiple"": ""—"", ""price"": ""$880"", ""change"": ""−17.7%"", ""trigger"": ""Beta 反转""}, {""name"": ""基准"", ""prob"": ""—"", ""assumption"": ""正常化 EPS $55"", ""multiple"": ""22×"", ""price"": ""$1,210"", ""change"": ""+13.2%"", ""trigger"": ""流入延续""}, {""name"": ""乐观"", ""prob"": ""—"", ""assumption"": ""私募与科技订阅放量"", ""multiple"": ""—"", ""price"": ""$1,430"", ""change"": ""+33.8%"", ""trigger"": ""利润率扩张""}]",本轮最新行情、最新公告及正常化估值未逐家确认
KKR,KKR,金融,变现/信用观察,变现/信用观察：FRE、募资和未收费 AUM 带来高经营杠杆，但 Q2 历史最强变现不能年化，私募信贷与退出窗口决定风险收益，赔率不足约 2:1,价格锚定 2026-09-22 美股收盘（第三方，需以交易所记录核验）；情景价值 = 正常化 EPS × 合理 PE，为研究假设，不是目标价。,99.16,78.0,108.0,0.417769,旧模型算术<2，非最新结论,,,保留旧结论；仅完成模型审计，未逐家公告复核,,,"[{""name"": ""悲观"", ""prob"": ""—"", ""assumption"": ""退出窗口关闭、信贷违约上升"", ""multiple"": ""—"", ""price"": ""$78"", ""change"": ""−21.3%"", ""trigger"": ""变现回落""}, {""name"": ""基准"", ""prob"": ""—"", ""assumption"": ""正常化 ANI $6.0"", ""multiple"": ""18×"", ""price"": ""$108"", ""change"": ""+8.9%"", ""trigger"": ""募资与部署延续""}, {""name"": ""乐观"", ""prob"": ""—"", ""assumption"": ""变现与 DPI 恢复"", ""multiple"": ""—"", ""price"": ""$144"", ""change"": ""+45.2%"", ""trigger"": ""FRE 扩张""}]",本轮最新行情、最新公告及正常化估值未逐家确认
APO,阿波罗全球管理,金融,利差/私募信贷观察,利差/私募信贷观察：Athene 利差复利、信贷起源与资本解决方案收费最具独特性，但业绩费偏弱、半流动产品赎回及保险并表复杂度使赔率不足约 2:1,价格锚定 2026-09-22 美股收盘（第三方，需以交易所记录核验）；情景价值 = 正常化 EPS × 合理 PE，为研究假设，不是目标价。,125.77,95.0,133.0,0.234969,旧模型算术<2，非最新结论,,,保留旧结论；仅完成模型审计，未逐家公告复核,,,"[{""name"": ""悲观"", ""prob"": ""—"", ""assumption"": ""私募资产减值、赎回上升"", ""multiple"": ""—"", ""price"": ""$95"", ""change"": ""−24.5%"", ""trigger"": ""利差与业绩费受压""}, {""name"": ""基准"", ""prob"": ""—"", ""assumption"": ""正常化 EPS $9.5"", ""multiple"": ""14×"", ""price"": ""$133"", ""change"": ""+5.7%"", ""trigger"": ""—""}, {""name"": ""乐观"", ""prob"": ""—"", ""assumption"": ""业绩费恢复、起源放量"", ""multiple"": ""—"", ""price"": ""$166"", ""change"": ""+32.0%"", ""trigger"": ""—""}]",本轮最新行情、最新公告及正常化估值未逐家确认
ARES,Ares Management,金融,高股息高估值观察,高股息高估值观察：募资、干火药与股息增长强，但高 PB/PE 已提前定价 FRE 扩张，不满足约 2:1 门槛,价格锚定 2026-09-22 美股收盘（第三方，需以交易所记录核验）；情景价值 = 正常化 EPS × 合理 PE，为研究假设，不是目标价。,124.97,94.0,132.5,0.243139,旧模型算术<2，非最新结论,,,保留旧结论；仅完成模型审计，未逐家公告复核,,,"[{""name"": ""悲观"", ""prob"": ""—"", ""assumption"": ""信用恶化、部署拖延"", ""multiple"": ""—"", ""price"": ""$94"", ""change"": ""−24.8%"", ""trigger"": ""估值回撤""}, {""name"": ""基准"", ""prob"": ""—"", ""assumption"": ""正常化 EPS $5.30"", ""multiple"": ""25×"", ""price"": ""$132.5"", ""change"": ""+6.0%"", ""trigger"": ""—""}, {""name"": ""乐观"", ""prob"": ""—"", ""assumption"": ""管理费与业绩费超预期"", ""multiple"": ""—"", ""price"": ""$166"", ""change"": ""+32.8%"", ""trigger"": ""—""}]",本轮最新行情、最新公告及正常化估值未逐家确认
ICE,洲际交易所,金融,质量观察,质量观察：交易、数据、固收与抵押科技的多引擎基础设施，但 MarketAxess 整合和能源交易波动使 Base/Bear 仅约 1.29×，未满足约 2:1,价格锚定 2026-09-22 美股收盘（第三方，需以交易所记录核验）；情景价值 = 正常化 EPS × 合理 PE，为研究假设，不是目标价。,152.93,133.0,178.5,1.28299,旧模型算术<2，非最新结论,,,保留旧结论；仅完成模型审计，未逐家公告复核,,,"[{""name"": ""悲观"", ""prob"": ""—"", ""assumption"": ""整合不及预期、能源交易走弱"", ""multiple"": ""—"", ""price"": ""$133"", ""change"": ""−13.0%"", ""trigger"": ""杠杆抬升""}, {""name"": ""基准"", ""prob"": ""—"", ""assumption"": ""正常化 EPS $8.50"", ""multiple"": ""21×"", ""price"": ""$178.5"", ""change"": ""+16.7%"", ""trigger"": ""—""}, {""name"": ""乐观"", ""prob"": ""—"", ""assumption"": ""协同兑现、固收网络增长"", ""multiple"": ""—"", ""price"": ""$221"", ""change"": ""+44.5%"", ""trigger"": ""—""}]",本轮最新行情、最新公告及正常化估值未逐家确认
CME,芝商所,金融,高质量不追价,高质量不追价：最强利润率与清算网络效应，但强交易量、特别股息及估值已反映质量溢价，Base/Bear 约 0.58×,价格锚定 2026-09-22 美股收盘（第三方，需以交易所记录核验）；情景价值 = 正常化 EPS × 合理 PE，为研究假设，不是目标价。,267.21,210.0,300.0,0.573152,旧模型算术<2，非最新结论,,,保留旧结论；仅完成模型审计，未逐家公告复核,,,"[{""name"": ""悲观"", ""prob"": ""—"", ""assumption"": ""波动率回落、交易量下滑"", ""multiple"": ""—"", ""price"": ""$210"", ""change"": ""−21.4%"", ""trigger"": ""—""}, {""name"": ""基准"", ""prob"": ""—"", ""assumption"": ""正常化 EPS $12.50"", ""multiple"": ""24×"", ""price"": ""$300"", ""change"": ""+12.3%"", ""trigger"": ""—""}, {""name"": ""乐观"", ""prob"": ""—"", ""assumption"": ""ADV 与数据订阅增长"", ""multiple"": ""—"", ""price"": ""$350"", ""change"": ""+31.0%"", ""trigger"": ""—""}]",本轮最新行情、最新公告及正常化估值未逐家确认
SPGI,标普全球,金融,条件关注,条件关注：评级发行周期 + 指数资产挂钩费 + 数据服务结合，回调后 Base/Bear 2.20×，是金融板块唯一满足约 2:1 赔率的标的,价格锚定 2026-09-22 美股收盘（第三方，需以交易所记录核验）；情景价值 = 正常化 EPS × 合理 PE，为研究假设，不是目标价。,402.44,352.0,513.0,2.191911,旧模型算术≥2，非认证,396.87,2.588144,观察（待重建）：经营质量优先复核；分拆后 EPS 口径未桥接，旧赔率不能认证,7/28 公告：剔除 Mobility 的调整后 EPS 同比 +23%；全年持续经营 GAAP EPS 16.35–16.60、调整后 17.50–17.75。旧 $513 基准缺少相同口径的 EPS/PE 依据。,https://www.sec.gov/Archives/edgar/data/64040/000006404026000040/spgi2q2026-earningsrelease.htm,"[{""name"": ""悲观"", ""assumption"": ""发债与指数资产增长显著减速，估值压缩"", ""price"": ""$352"", ""change"": ""−12.5%"", ""trigger"": ""债券发行量和评级交易收入明显下降""}, {""name"": ""基准"", ""assumption"": ""正常化 EPS $19.00"", ""multiple"": ""27×"", ""price"": ""$513"", ""change"": ""+27.5%"", ""trigger"": ""发行与指数挂钩费维持，回购推高每股价值""}, {""name"": ""乐观"", ""assumption"": ""发行周期与数据业务同时超预期"", ""price"": ""$608"", ""change"": ""+51.1%"", ""trigger"": ""数据业务增长加速 + 发行景气延续""}]",本轮重点模型未认证
MCO,穆迪,金融,高质量高估值观察,高质量高估值观察：评级双寡头与分析订阅优质，但现价接近 Base 价值，Base/Bear 仅约 0.11×,价格锚定 2026-09-22 美股收盘（第三方，需以交易所记录核验）；情景价值 = 正常化 EPS × 合理 PE，为研究假设，不是目标价。,469.25,319.0,486.0,0.111481,旧模型算术<2，非最新结论,,,保留旧结论；仅完成模型审计，未逐家公告复核,,,"[{""name"": ""悲观"", ""prob"": ""—"", ""assumption"": ""发债窗口关闭"", ""multiple"": ""—"", ""price"": ""$319"", ""change"": ""−32.0%"", ""trigger"": ""—""}, {""name"": ""基准"", ""prob"": ""—"", ""assumption"": ""正常化 EPS $18.00"", ""multiple"": ""27×"", ""price"": ""$486"", ""change"": ""+3.6%"", ""trigger"": ""—""}, {""name"": ""乐观"", ""prob"": ""—"", ""assumption"": ""发行强劲、ARR 增长"", ""multiple"": ""—"", ""price"": ""$576"", ""change"": ""+22.8%"", ""trigger"": ""—""}]",本轮最新行情、最新公告及正常化估值未逐家确认
CBOE,Cboe Global Markets,金融,成长/波动观察,成长/波动观察：最快增长，但交易量和隐含波动率对利润影响大，Base/Bear 约 0.87× 不满足首次介入纪律,价格锚定 2026-09-22 美股收盘（第三方，需以交易所记录核验）；情景价值 = 正常化 EPS × 合理 PE，为研究假设，不是目标价。,266.83,207.0,319.0,0.871971,旧模型算术<2，非最新结论,,,保留旧结论；仅完成模型审计，未逐家公告复核,,,"[{""name"": ""悲观"", ""prob"": ""—"", ""assumption"": ""波动率回落、交易量下滑"", ""multiple"": ""—"", ""price"": ""$207"", ""change"": ""−22.4%"", ""trigger"": ""—""}, {""name"": ""基准"", ""prob"": ""—"", ""assumption"": ""正常化 EPS $14.50"", ""multiple"": ""22×"", ""price"": ""$319"", ""change"": ""+19.5%"", ""trigger"": ""—""}, {""name"": ""乐观"", ""prob"": ""—"", ""assumption"": ""期权份额与数据增长"", ""multiple"": ""—"", ""price"": ""$377"", ""change"": ""+41.3%"", ""trigger"": ""—""}]",本轮最新行情、最新公告及正常化估值未逐家确认
V,维萨,金融,观察,高质量支付网络，Base/Bear 0.04×，未达约 2× 首次介入门槛,价格锚定 2026-09-22 美股收盘（第三方，需以交易所记录核验）；情景价值 = 正常化 EPS × 合理 PE，为研究假设，不是目标价。,362.04,276.0,365.4,0.039052,旧模型算术<2，非最新结论,,,保留旧结论；仅完成模型审计，未逐家公告复核,,,"[{""name"": ""悲观"", ""prob"": ""—"", ""assumption"": ""正常化 EPS $11.5"", ""multiple"": ""24×"", ""price"": ""$276"", ""change"": ""−23.8%"", ""trigger"": ""激励与诉讼常态成本压制""}, {""name"": ""基准"", ""prob"": ""—"", ""assumption"": ""EPS $12.6"", ""multiple"": ""29×"", ""price"": ""$365.4"", ""change"": ""+0.9%"", ""trigger"": ""跨境与服务延续""}, {""name"": ""乐观"", ""prob"": ""—"", ""assumption"": ""EPS $14.0"", ""multiple"": ""34×"", ""price"": ""$476"", ""change"": ""+31.5%"", ""trigger"": ""交易、跨境及增值服务更强""}]",本轮最新行情、最新公告及正常化估值未逐家确认
MA,万事达卡,金融,观察,全球支付网络与增值服务双引擎，Base/Bear 0.10×，未达约 2× 首次介入门槛,价格锚定 2026-09-22 美股收盘（第三方，需以交易所记录核验）；情景价值 = 正常化 EPS × 合理 PE，为研究假设，不是目标价。,555.89,420.0,570.0,0.103834,旧模型算术<2，非最新结论,,,保留旧结论；仅完成模型审计，未逐家公告复核,,,"[{""name"": ""悲观"", ""prob"": ""—"", ""assumption"": ""正常化 EPS $17.5"", ""multiple"": ""24×"", ""price"": ""$420"", ""change"": ""−24.4%"", ""trigger"": ""返利和成本侵蚀""}, {""name"": ""基准"", ""prob"": ""—"", ""assumption"": ""EPS $19.0"", ""multiple"": ""30×"", ""price"": ""$570"", ""change"": ""+2.5%"", ""trigger"": ""稳健增长""}, {""name"": ""乐观"", ""prob"": ""—"", ""assumption"": ""EPS $21.0"", ""multiple"": ""35×"", ""price"": ""$735"", ""change"": ""+32.2%"", ""trigger"": ""跨境、服务转化""}]",本轮最新行情、最新公告及正常化估值未逐家确认
PYPL,贝宝,金融,观察,低名义 PE 不是反转证据；本质是品牌支付与钱包盈利修复的期权，Base/Bear 0.15× 未达约 2× 门槛,价格锚定 2026-09-22 美股收盘（第三方，需以交易所记录核验）；情景价值 = 正常化 EPS × 合理 PE，为研究假设，不是目标价。,52.89,31.5,56.1,0.15007,旧模型算术<2，非最新结论,,,保留旧结论；仅完成模型审计，未逐家公告复核,,,"[{""name"": ""悲观"", ""prob"": ""—"", ""assumption"": ""正常化 EPS $4.5"", ""multiple"": ""7×"", ""price"": ""$31.5"", ""change"": ""−40.4%"", ""trigger"": ""交易毛利和利润继续承压""}, {""name"": ""基准"", ""prob"": ""—"", ""assumption"": ""EPS $5.1"", ""multiple"": ""11×"", ""price"": ""$56.1"", ""change"": ""+6.1%"", ""trigger"": ""低于公司 $5.38 指引，保留转型费用风险""}, {""name"": ""乐观"", ""prob"": ""—"", ""assumption"": ""EPS $5.9"", ""multiple"": ""15×"", ""price"": ""$88.5"", ""change"": ""+67.3%"", ""trigger"": ""品牌结账及 Venmo/Braintree 变现改善""}]",本轮最新行情、最新公告及正常化估值未逐家确认
XYZ,Block,金融,观察,增长强但信用成本快速上升，GAAP 与调整后利润裂口大；Base 比现价低约 7.1%，不满足约 2:1,价格锚定 2026-09-22 美股收盘（第三方，需以交易所记录核验）；情景价值 = 正常化 EPS × 合理 PE，为研究假设，不是目标价。,77.53,42.0,72.0,-0.155643,旧模型无正基准上行,,,保留旧结论；仅完成模型审计，未逐家公告复核,,,"[{""name"": ""悲观"", ""prob"": ""—"", ""assumption"": ""EPS $3.0"", ""multiple"": ""14×"", ""price"": ""$42"", ""change"": ""−45.8%"", ""trigger"": ""信用损失快于毛利""}, {""name"": ""基准"", ""prob"": ""—"", ""assumption"": ""EPS $3.6"", ""multiple"": ""20×"", ""price"": ""$72"", ""change"": ""−7.1%"", ""trigger"": ""保留信用与诉讼折让，低于指引 $4.02""}, {""name"": ""乐观"", ""prob"": ""—"", ""assumption"": ""EPS $4.3"", ""multiple"": ""27×"", ""price"": ""$116.1"", ""change"": ""+49.7%"", ""trigger"": ""毛利增长与信用稳定""}]",本轮最新行情、最新公告及正常化估值未逐家确认
CPAY,Corpay,金融,观察,企业支付增长强，但 GAAP 与调整后差距大（含 FTC 和解），Base 较锚点约 −2.7%，未达约 2:1,价格锚定 2026-09-22 美股收盘（第三方，需以交易所记录核验）；情景价值 = 正常化 EPS × 合理 PE，为研究假设，不是目标价。,392.95,242.0,382.5,-0.069228,旧模型无正基准上行,,,保留旧结论；仅完成模型审计，未逐家公告复核,,,"[{""name"": ""悲观"", ""prob"": ""—"", ""assumption"": ""EPS $22"", ""multiple"": ""11×"", ""price"": ""$242"", ""change"": ""−38.4%"", ""trigger"": ""—""}, {""name"": ""基准"", ""prob"": ""—"", ""assumption"": ""EPS $25.5"", ""multiple"": ""15×"", ""price"": ""$382.5"", ""change"": ""−2.7%"", ""trigger"": ""较调整后指引中点 $27.35 打折""}, {""name"": ""乐观"", ""prob"": ""—"", ""assumption"": ""EPS $29"", ""multiple"": ""19×"", ""price"": ""$551"", ""change"": ""+40.2%"", ""trigger"": ""—""}]",本轮最新行情、最新公告及正常化估值未逐家确认
FIS,富达国民信息服务,金融,观察,增长应看 pro forma；低 GAAP 屏幕 PE 并非安全边际，Base/Bear 约 0.55× 未达约 2:1,价格锚定 2026-09-22 美股收盘（第三方，需以交易所记录核验）；情景价值 = 正常化 EPS × 合理 PE，为研究假设，不是目标价。,34.96,26.0,39.9,0.551339,旧模型算术<2，非最新结论,,,保留旧结论；仅完成模型审计，未逐家公告复核,,,"[{""name"": ""悲观"", ""prob"": ""—"", ""assumption"": ""EPS $5.2"", ""multiple"": ""5×"", ""price"": ""$26"", ""change"": ""−25.6%"", ""trigger"": ""—""}, {""name"": ""基准"", ""prob"": ""—"", ""assumption"": ""EPS $5.7"", ""multiple"": ""7×"", ""price"": ""$39.9"", ""change"": ""+14.1%"", ""trigger"": ""较指引中点折让""}, {""name"": ""乐观"", ""prob"": ""—"", ""assumption"": ""EPS $6.2"", ""multiple"": ""10×"", ""price"": ""$62"", ""change"": ""+77.4%"", ""trigger"": ""—""}]",本轮最新行情、最新公告及正常化估值未逐家确认
FISV,费哲金融,金融,观察,转型拖累下收入与利润率同步下滑，Base/Bear 约 0.88× 未过约 2:1 门槛,价格锚定 2026-09-22 美股收盘（第三方，需以交易所记录核验）；情景价值 = 正常化 EPS × 合理 PE，为研究假设，不是目标价。,46.1,34.8,56.0,0.876106,旧模型算术<2，非最新结论,,,保留旧结论；仅完成模型审计，未逐家公告复核,,,"[{""name"": ""悲观"", ""prob"": ""—"", ""assumption"": ""EPS $5.8"", ""multiple"": ""6×"", ""price"": ""$34.8"", ""change"": ""−24.5%"", ""trigger"": ""转型拖累延续""}, {""name"": ""基准"", ""prob"": ""—"", ""assumption"": ""EPS $7.0"", ""multiple"": ""8×"", ""price"": ""$56"", ""change"": ""+21.5%"", ""trigger"": ""较指引打折""}, {""name"": ""乐观"", ""prob"": ""—"", ""assumption"": ""EPS $8.2"", ""multiple"": ""10×"", ""price"": ""$82"", ""change"": ""+77.9%"", ""trigger"": ""收入和利润率实质恢复""}]",本轮最新行情、最新公告及正常化估值未逐家确认
GPN,环汇,金融,观察,Worldpay 整合期，GAAP 与调整后差距巨大且现金流未兑现，Base/Bear 约 0.11×,价格锚定 2026-09-22 美股收盘（第三方，需以交易所记录核验）；情景价值 = 正常化 EPS × 合理 PE，为研究假设，不是目标价。,84.78,54.0,88.0,0.104613,旧模型算术<2，非最新结论,,,保留旧结论；仅完成模型审计，未逐家公告复核,,,"[{""name"": ""悲观"", ""prob"": ""—"", ""assumption"": ""EPS $9"", ""multiple"": ""6×"", ""price"": ""$54"", ""change"": ""−36.3%"", ""trigger"": ""—""}, {""name"": ""基准"", ""prob"": ""—"", ""assumption"": ""EPS $11"", ""multiple"": ""8×"", ""price"": ""$88"", ""change"": ""+3.8%"", ""trigger"": ""较指引折减并要求现金流改善""}, {""name"": ""乐观"", ""prob"": ""—"", ""assumption"": ""EPS $13"", ""multiple"": ""10×"", ""price"": ""$130"", ""change"": ""+53.3%"", ""trigger"": ""Worldpay 整合与持续经营现金兑现""}]",本轮最新行情、最新公告及正常化估值未逐家确认
JKHY,杰克亨利,金融,观察,稳健的银行科技供应商，但 Base/Bear 约 0.15× 未过约 2:1 首次介入门槛,价格锚定 2026-09-22 美股收盘（第三方，需以交易所记录核验）；情景价值 = 正常化 EPS × 合理 PE，为研究假设，不是目标价。,149.1,107.1,155.4,0.15,旧模型算术<2，非最新结论,,,保留旧结论；仅完成模型审计，未逐家公告复核,,,"[{""name"": ""悲观"", ""prob"": ""—"", ""assumption"": ""EPS $6.30"", ""multiple"": ""17×"", ""price"": ""$107.1"", ""change"": ""−28.2%"", ""trigger"": ""—""}, {""name"": ""基准"", ""prob"": ""—"", ""assumption"": ""EPS $7.40"", ""multiple"": ""21×"", ""price"": ""$155.4"", ""change"": ""+4.2%"", ""trigger"": ""接近但不是 FY2027 GAAP 指引""}, {""name"": ""乐观"", ""prob"": ""—"", ""assumption"": ""EPS $8.20"", ""multiple"": ""25×"", ""price"": ""$205"", ""change"": ""+37.5%"", ""trigger"": ""新增核心合同转化与现金增长""}]",本轮最新行情、最新公告及正常化估值未逐家确认
NDAQ,纳斯达克,金融,观察,订阅化与指数增长稳健，Base/Bear 约 0.71× 未过约 2:1 门槛,价格锚定 2026-09-22 美股收盘（第三方，需以交易所记录核验）；情景价值 = 正常化 EPS × 合理 PE，为研究假设，不是目标价。,94.5,78.0,106.25,0.712121,旧模型算术<2，非最新结论,,,保留旧结论；仅完成模型审计，未逐家公告复核,,,"[{""name"": ""悲观"", ""prob"": ""—"", ""assumption"": ""EPS $3.90"", ""multiple"": ""20×"", ""price"": ""$78"", ""change"": ""−17.5%"", ""trigger"": ""—""}, {""name"": ""基准"", ""prob"": ""—"", ""assumption"": ""EPS $4.25"", ""multiple"": ""25×"", ""price"": ""$106.25"", ""change"": ""+12.4%"", ""trigger"": ""—""}, {""name"": ""乐观"", ""prob"": ""—"", ""assumption"": ""EPS $4.80"", ""multiple"": ""29×"", ""price"": ""$139.2"", ""change"": ""+47.3%"", ""trigger"": ""—""}]",本轮最新行情、最新公告及正常化估值未逐家确认
MSCI,明晟,金融,观察,指数授权增长强，但 Base/Bear 约 0.11× 未过约 2:1 门槛,价格锚定 2026-09-22 美股收盘（第三方，需以交易所记录核验）；情景价值 = 正常化 EPS × 合理 PE，为研究假设，不是目标价。,548.88,391.0,565.5,0.10527,旧模型算术<2，非最新结论,,,保留旧结论；仅完成模型审计，未逐家公告复核,,,"[{""name"": ""悲观"", ""prob"": ""—"", ""assumption"": ""EPS $17"", ""multiple"": ""23×"", ""price"": ""$391"", ""change"": ""−28.8%"", ""trigger"": ""—""}, {""name"": ""基准"", ""prob"": ""—"", ""assumption"": ""EPS $19.5"", ""multiple"": ""29×"", ""price"": ""$565.5"", ""change"": ""+3.0%"", ""trigger"": ""—""}, {""name"": ""乐观"", ""prob"": ""—"", ""assumption"": ""EPS $22"", ""multiple"": ""34×"", ""price"": ""$748"", ""change"": ""+36.3%"", ""trigger"": ""—""}]",本轮最新行情、最新公告及正常化估值未逐家确认
FDS,FactSet,金融,观察,订阅粘性强但利润率承压且估值贴近 Base，Base/Bear 约 0.03× 未过约 2:1,价格锚定 2026-09-22 美股收盘（第三方，需以交易所记录核验）；情景价值 = 正常化 EPS × 合理 PE，为研究假设，不是目标价。,276.42,182.0,279.0,0.027325,旧模型算术<2，非最新结论,,,保留旧结论；仅完成模型审计，未逐家公告复核,,,"[{""name"": ""悲观"", ""prob"": ""—"", ""assumption"": ""EPS $13"", ""multiple"": ""14×"", ""price"": ""$182"", ""change"": ""−34.2%"", ""trigger"": ""—""}, {""name"": ""基准"", ""prob"": ""—"", ""assumption"": ""EPS $15.5"", ""multiple"": ""18×"", ""price"": ""$279"", ""change"": ""+0.9%"", ""trigger"": ""对调整后指引打折""}, {""name"": ""乐观"", ""prob"": ""—"", ""assumption"": ""EPS $18"", ""multiple"": ""22×"", ""price"": ""$396"", ""change"": ""+43.3%"", ""trigger"": ""—""}]",本轮最新行情、最新公告及正常化估值未逐家确认
COIN,Coinbase,金融,观察,加密周期敏感，GAAP 亏损与调整后 EBITDA 为正并存；静态账面压力测试 Base 低于现价，暂无正向赔率,价格锚定 2026-09-22 美股收盘（第三方，需以交易所记录核验）；情景价值 = 正常化 EPS × 合理 PE，为研究假设，不是目标价。,201.07,123.94,198.3,-0.035913,旧模型无正基准上行,,,保留旧结论；仅完成模型审计，未逐家公告复核,,,"[{""name"": ""悲观"", ""prob"": ""—"", ""assumption"": ""P/B 2.5×"", ""multiple"": ""—"", ""price"": ""$123.94"", ""change"": ""−38.4%"", ""trigger"": ""交易活动低迷""}, {""name"": ""基准"", ""prob"": ""—"", ""assumption"": ""P/B 4.0×"", ""multiple"": ""—"", ""price"": ""$198.3"", ""change"": ""−1.4%"", ""trigger"": ""静态账面""}, {""name"": ""乐观"", ""prob"": ""—"", ""assumption"": ""P/B 6.0×"", ""multiple"": ""—"", ""price"": ""$297.45"", ""change"": ""+47.9%"", ""trigger"": ""交易与服务扩张""}]",本轮最新行情、最新公告及正常化估值未逐家确认
BRK.B,伯克希尔·哈撒韦,金融,观察,账面价值锚定的稳健复合体，但静态 Base 上行约 0.30%，赔率约 0.02× 未过约 2:1 门槛,价格锚定 2026-09-22 美股收盘（第三方，需以交易所记录核验）；情景价值 = 正常化 EPS × 合理 PE，为研究假设，不是目标价。,503.49,417.92,504.98,0.017413,旧模型算术<2，非最新结论,,,保留旧结论；仅完成模型审计，未逐家公告复核,,,"[{""name"": ""悲观"", ""prob"": ""—"", ""assumption"": ""P/B 1.20×"", ""multiple"": ""—"", ""price"": ""$417.92"", ""change"": ""−17.0%"", ""trigger"": ""权益投资回撤""}, {""name"": ""基准"", ""prob"": ""—"", ""assumption"": ""P/B 1.45×"", ""multiple"": ""—"", ""price"": ""$504.98"", ""change"": ""+0.3%"", ""trigger"": ""—""}, {""name"": ""乐观"", ""prob"": ""—"", ""assumption"": ""P/B 1.70×"", ""multiple"": ""—"", ""price"": ""$592.05"", ""change"": ""+17.6%"", ""trigger"": ""—""}]",本轮最新行情、最新公告及正常化估值未逐家确认
AMZN,亚马逊,可选消费,观察,观察，等待现金回报验证：AWS 增长与利润改善明显，但资本开支与投资重估收益令 GAAP PE 难以代表核心盈利,价格锚定 2026-09-23/24/28 收盘或盘中（各批不同，见指标）；赔率为研究者情景假设，非共识目标价；真实胜率、动态 PE、PEG 多为 [MISSING]。,249.27,165.0,256.5,0.085796,旧模型算术<2，非最新结论,,,保留旧结论；仅完成模型审计，未逐家公告复核,,,"[{""name"": ""悲观"", ""prob"": ""—"", ""assumption"": ""2027 正常化 EPS $7.50"", ""multiple"": ""22×"", ""price"": ""$165"", ""change"": ""−33.8%"", ""trigger"": ""投入增长快于变现，折旧拖累""}, {""name"": ""基准"", ""prob"": ""—"", ""assumption"": ""EPS $9.50"", ""multiple"": ""27×"", ""price"": ""$256.5"", ""change"": ""+2.9%"", ""trigger"": ""AWS 增长、现金回报逐步改善""}, {""name"": ""乐观"", ""prob"": ""—"", ""assumption"": ""EPS $12.00"", ""multiple"": ""32×"", ""price"": ""$384"", ""change"": ""+54.0%"", ""trigger"": ""AWS 规模与现金利润同时超预期""}]",本轮最新行情、最新公告及正常化估值未逐家确认
EBAY,易贝,可选消费,观察,观察，不用低预期当便宜：Q2 改善，但需识别并购/低基数/回购的贡献，基准值低于参考价，未满足约 2:1,价格锚定 2026-09-23/24/28 收盘或盘中（各批不同，见指标）；赔率为研究者情景假设，非共识目标价；真实胜率、动态 PE、PEG 多为 [MISSING]。,109.09,67.5,102.6,-0.156047,旧模型无正基准上行,,,保留旧结论；仅完成模型审计，未逐家公告复核,,,"[{""name"": ""悲观"", ""prob"": ""—"", ""assumption"": ""2027 EPS $4.50"", ""multiple"": ""15×"", ""price"": ""$67.5"", ""change"": ""−38.1%"", ""trigger"": ""GMV 走弱、费率受竞争压制""}, {""name"": ""基准"", ""prob"": ""—"", ""assumption"": ""EPS $5.40"", ""multiple"": ""19×"", ""price"": ""$102.6"", ""change"": ""−5.9%"", ""trigger"": ""精选类目及广告温和扩张""}, {""name"": ""乐观"", ""prob"": ""—"", ""assumption"": ""EPS $6.20"", ""multiple"": ""22×"", ""price"": ""$136.4"", ""change"": ""+25.0%"", ""trigger"": ""GMV 与活跃买家均增长、回购有效""}]",本轮最新行情、最新公告及正常化估值未逐家确认
HD,家得宝,可选消费,观察,观察：行业龙头，但尚未证明量的复苏；盈利可见度中，估值安全边际低,价格锚定 2026-09-23/24/28 收盘或盘中（各批不同，见指标）；赔率为研究者情景假设，非共识目标价；真实胜率、动态 PE、PEG 多为 [MISSING]。,296.72,216.0,300.0,0.040634,旧模型算术<2，非最新结论,,,保留旧结论；仅完成模型审计，未逐家公告复核,,,"[{""name"": ""悲观"", ""prob"": ""—"", ""assumption"": ""EPS $13.50"", ""multiple"": ""16×"", ""price"": ""$216"", ""change"": ""−27.2%"", ""trigger"": ""客流疲软与倍数压缩""}, {""name"": ""基准"", ""prob"": ""—"", ""assumption"": ""EPS $15.00"", ""multiple"": ""20×"", ""price"": ""$300"", ""change"": ""+1.1%"", ""trigger"": ""低速正常化""}, {""name"": ""乐观"", ""prob"": ""—"", ""assumption"": ""EPS $17.00"", ""multiple"": ""23×"", ""price"": ""$391"", ""change"": ""+31.8%"", ""trigger"": ""交易复苏及 Pro 杠杆兑现""}]",本轮最新行情、最新公告及正常化估值未逐家确认
LOW,劳氏,可选消费,观察,观察：估值比同业低，但盈利与指引在下修；未满足约 2:1,价格锚定 2026-09-23/24/28 收盘或盘中（各批不同，见指标）；赔率为研究者情景假设，非共识目标价；真实胜率、动态 PE、PEG 多为 [MISSING]。,191.36,132.0,196.0,0.078167,旧模型算术<2，非最新结论,,,保留旧结论；仅完成模型审计，未逐家公告复核,,,"[{""name"": ""悲观"", ""prob"": ""—"", ""assumption"": ""EPS $11.00"", ""multiple"": ""12×"", ""price"": ""$132"", ""change"": ""−31.0%"", ""trigger"": ""—""}, {""name"": ""基准"", ""prob"": ""—"", ""assumption"": ""EPS $12.25（借用调整后指引）"", ""multiple"": ""16×"", ""price"": ""$196"", ""change"": ""+2.4%"", ""trigger"": ""—""}, {""name"": ""乐观"", ""prob"": ""—"", ""assumption"": ""EPS $13.50"", ""multiple"": ""19×"", ""price"": ""$256.5"", ""change"": ""+34.0%"", ""trigger"": ""—""}]",本轮最新行情、最新公告及正常化估值未逐家确认
WSM,威廉姆斯索诺玛,可选消费,观察,观察：高质量品牌经营，但 GAAP 高增含一次性退款；基准低于现价，估值容错偏低,价格锚定 2026-09-23/24/28 收盘或盘中（各批不同，见指标）；赔率为研究者情景假设，非共识目标价；真实胜率、动态 PE、PEG 多为 [MISSING]。,227.83,127.5,190.0,-0.377056,旧模型无正基准上行,,,保留旧结论；仅完成模型审计，未逐家公告复核,,,"[{""name"": ""悲观"", ""prob"": ""—"", ""assumption"": ""正常化 EPS $8.50"", ""multiple"": ""15×"", ""price"": ""$127.5"", ""change"": ""−44.0%"", ""trigger"": ""—""}, {""name"": ""基准"", ""prob"": ""—"", ""assumption"": ""EPS $9.50"", ""multiple"": ""20×"", ""price"": ""$190"", ""change"": ""−16.6%"", ""trigger"": ""—""}, {""name"": ""乐观"", ""prob"": ""—"", ""assumption"": ""EPS $11.00"", ""multiple"": ""24×"", ""price"": ""$264"", ""change"": ""+15.9%"", ""trigger"": ""—""}]",本轮最新行情、最新公告及正常化估值未逐家确认
ULTA,犹塔美妆,可选消费,观察,观察，暂不判定满足约 2:1：同店与会员复购稳，但单季强劲不能外推多年,价格锚定 2026-09-23/24/28 收盘或盘中（各批不同，见指标）；赔率为研究者情景假设，非共识目标价；真实胜率、动态 PE、PEG 多为 [MISSING]。,543.81,432.75,548.15,0.039078,旧模型算术<2，非最新结论,,,保留旧结论；仅完成模型审计，未逐家公告复核,,,"[{""name"": ""悲观"", ""prob"": ""—"", ""assumption"": ""指引中值 EPS $28.85"", ""multiple"": ""15×"", ""price"": ""$432.75"", ""change"": ""−20.4%"", ""trigger"": ""—""}, {""name"": ""基准"", ""prob"": ""—"", ""assumption"": ""EPS $28.85"", ""multiple"": ""19×"", ""price"": ""$548.15"", ""change"": ""+0.8%"", ""trigger"": ""—""}, {""name"": ""乐观"", ""prob"": ""—"", ""assumption"": ""EPS $28.85"", ""multiple"": ""23×"", ""price"": ""$663.55"", ""change"": ""+22.0%"", ""trigger"": ""—""}]",本轮最新行情、最新公告及正常化估值未逐家确认
TSCO,拖拉机供应,可选消费,暂缓,暂缓，等待同店销售与利润率验证：买的是乡村零售复苏，低估值不抵消盈利下修,价格锚定 2026-09-23/24/28 收盘或盘中（各批不同，见指标）；赔率为研究者情景假设，非共识目标价；真实胜率、动态 PE、PEG 多为 [MISSING]。,32.29,21.96,31.11,-0.11423,旧模型无正基准上行,,,保留旧结论；仅完成模型审计，未逐家公告复核,,,"[{""name"": ""悲观"", ""prob"": ""—"", ""assumption"": ""指引中值 EPS $1.83"", ""multiple"": ""12×"", ""price"": ""$21.96"", ""change"": ""−32.0%"", ""trigger"": ""盈利继续下修""}, {""name"": ""基准"", ""prob"": ""—"", ""assumption"": ""EPS $1.83"", ""multiple"": ""17×"", ""price"": ""$31.11"", ""change"": ""−3.7%"", ""trigger"": ""—""}, {""name"": ""乐观"", ""prob"": ""—"", ""assumption"": ""EPS $1.83"", ""multiple"": ""22×"", ""price"": ""$40.26"", ""change"": ""+24.7%"", ""trigger"": ""同店转正""}]",本轮最新行情、最新公告及正常化估值未逐家确认
BBY,百思买,可选消费,观察,观察，不追逐单季 GAAP 高增：买的是换机需求及广告/Marketplace 改善，需剔除关税退款与上年重组高基数,价格锚定 2026-09-23/24/28 收盘或盘中（各批不同，见指标）；赔率为研究者情景假设，非共识目标价；真实胜率、动态 PE、PEG 多为 [MISSING]。,90.8,68.0,91.8,0.04386,旧模型算术<2，非最新结论,,,保留旧结论；仅完成模型审计，未逐家公告复核,,,"[{""name"": ""悲观"", ""prob"": ""—"", ""assumption"": ""指引中值 EPS $6.80"", ""multiple"": ""10×"", ""price"": ""$68"", ""change"": ""−25.1%"", ""trigger"": ""—""}, {""name"": ""基准"", ""prob"": ""—"", ""assumption"": ""EPS $6.80"", ""multiple"": ""13.5×"", ""price"": ""$91.8"", ""change"": ""+1.1%"", ""trigger"": ""—""}, {""name"": ""乐观"", ""prob"": ""—"", ""assumption"": ""EPS $6.80"", ""multiple"": ""16×"", ""price"": ""$108.8"", ""change"": ""+19.8%"", ""trigger"": ""—""}]",本轮最新行情、最新公告及正常化估值未逐家确认
DASH,DoorDash,可选消费,重点观察，尚不满足 2:1,重点观察，尚不满足 2:1：经营质量有进步，但收入高增未转化为可持续 GAAP 利润与扣 SBC 后股东回报,价格锚定 2026-09-23/24/28 收盘或盘中（各批不同，见指标）；赔率为研究者情景假设，非共识目标价；真实胜率、动态 PE、PEG 多为 [MISSING]。,189.27,55.6,79.5,-0.821201,旧模型无正基准上行,,,保留旧结论；仅完成模型审计，未逐家公告复核,,,"[{""name"": ""悲观"", ""prob"": ""—"", ""assumption"": ""PS 3.5×"", ""multiple"": ""—"", ""price"": ""市值 $55.6bn"", ""change"": ""−32.2%"", ""trigger"": ""GAAP 利润被费用/SBC 吞噬""}, {""name"": ""基准"", ""prob"": ""—"", ""assumption"": ""PS 5×"", ""multiple"": ""—"", ""price"": ""市值 $79.5bn"", ""change"": ""−3.1%"", ""trigger"": ""—""}, {""name"": ""乐观"", ""prob"": ""—"", ""assumption"": ""PS 6.5×"", ""multiple"": ""—"", ""price"": ""市值 $103.3bn"", ""change"": ""+26.0%"", ""trigger"": ""利润率扩张兑现""}]",本轮最新行情、最新公告及正常化估值未逐家确认
NKE,耐克,可选消费,观察,观察，暂不列入具备可验证约 2:1 赔率的买入候选：押注产品创新与直营渠道修复，而非一次性收益推动的利润,价格锚定 2026-09-23/24/28 收盘或盘中（各批不同，见指标）；赔率为研究者情景假设，非共识目标价；真实胜率、动态 PE、PEG 多为 [MISSING]。,35.99,,,,无法统一计算（缺字段/无适用情景）,,,保留旧结论；仅完成模型审计，未逐家公告复核,,,[],本轮最新行情、最新公告及正常化估值未逐家确认
LULU,Lululemon,可选消费,观察,观察：低倍数不等于安全边际，指引连续下调后核心市场止跌才是关键,价格锚定 2026-09-23/24/28 收盘或盘中（各批不同，见指标）；赔率为研究者情景假设，非共识目标价；真实胜率、动态 PE、PEG 多为 [MISSING]。,101.64,,,,无法统一计算（缺字段/无适用情景）,,,保留旧结论；仅完成模型审计，未逐家公告复核,,,[],本轮最新行情、最新公告及正常化估值未逐家确认
RL,Ralph Lauren,可选消费,优先观察,优先观察：经营验证最强，但当前价格下未证实约 2:1 赔率；押注的是品牌正价销售与客单价提升能否延续,价格锚定 2026-09-23/24/28 收盘或盘中（各批不同，见指标）；赔率为研究者情景假设，非共识目标价；真实胜率、动态 PE、PEG 多为 [MISSING]。,351.86,,,,无法统一计算（缺字段/无适用情景）,,,保留旧结论；仅完成模型审计，未逐家公告复核,,,[],本轮最新行情、最新公告及正常化估值未逐家确认
TPR,Tapestry,可选消费,优先观察,观察，但值得优先验证经营折价：押注 Coach 提价与获客在 Kate Spade 拖累下还能延续,价格锚定 2026-09-23/24/28 收盘或盘中（各批不同，见指标）；赔率为研究者情景假设，非共识目标价；真实胜率、动态 PE、PEG 多为 [MISSING]。,112.12,,,,无法统一计算（缺字段/无适用情景）,,,保留旧结论；仅完成模型审计，未逐家公告复核,,,[],本轮最新行情、最新公告及正常化估值未逐家确认
DECK,Deckers,可选消费,优先观察,优先观察：质量与指引 PE 有吸引力，但需验证 HOKA 增速再加速，尚不能断言满足约 2:1 真实赔率,价格锚定 2026-09-23/24/28 收盘或盘中（各批不同，见指标）；赔率为研究者情景假设，非共识目标价；真实胜率、动态 PE、PEG 多为 [MISSING]。,78.68,,,,无法统一计算（缺字段/无适用情景）,,,保留旧结论；仅完成模型审计，未逐家公告复核,,,[],本轮最新行情、最新公告及正常化估值未逐家确认
ROST,Ross Stores,可选消费,现价审慎,审慎观察：经营质量较强，但当前估值不宜把退款驱动的盈利增速视为常态,价格锚定 2026-09-23/24/28 收盘或盘中（各批不同，见指标）；赔率为研究者情景假设，非共识目标价；真实胜率、动态 PE、PEG 多为 [MISSING]。,235.4,,,,无法统一计算（缺字段/无适用情景）,,,保留旧结论；仅完成模型审计，未逐家公告复核,,,[],本轮最新行情、最新公告及正常化估值未逐家确认
TJX,TJX Companies,可选消费,现价审慎观察,跟踪但现价审慎：经营与现金流有韧性，现价更适合跟踪 Marmaxx 修复，不宜以退款抬高的 GAAP EPS 宣称低估,价格锚定 2026-09-23/24/28 收盘或盘中（各批不同，见指标）；赔率为研究者情景假设，非共识目标价；真实胜率、动态 PE、PEG 多为 [MISSING]。,131.63,,,,无法统一计算（缺字段/无适用情景）,,,保留旧结论；仅完成模型审计，未逐家公告复核,,,[],本轮最新行情、最新公告及正常化估值未逐家确认
MCD,麦当劳,可选消费,观察,条件关注，暂不将下跌本身视作买点：现价基准/悲观仅约 0.38:1，未达 2:1,价格锚定 2026-09-23/24/28 收盘或盘中（各批不同，见指标）；赔率为研究者情景假设，非共识目标价；真实胜率、动态 PE、PEG 多为 [MISSING]。,237.02,176.0,260.0,0.376598,旧模型算术<2，非最新结论,,,保留旧结论；仅完成模型审计，未逐家公告复核,,,"[{""name"": ""悲观"", ""prob"": ""—"", ""assumption"": ""2027 EPS $11.00"", ""multiple"": ""16×"", ""price"": ""$176"", ""change"": ""−25.7%"", ""trigger"": ""美国客流疲软、加盟投入侵蚀现金""}, {""name"": ""基准"", ""prob"": ""—"", ""assumption"": ""EPS $13.00"", ""multiple"": ""20×"", ""price"": ""$260"", ""change"": ""+9.7%"", ""trigger"": ""同店恢复、现金流覆盖投入""}, {""name"": ""乐观"", ""prob"": ""—"", ""assumption"": ""EPS $14.50"", ""multiple"": ""23×"", ""price"": ""$333.5"", ""change"": ""+40.7%"", ""trigger"": ""份额与效率持续改善""}]",本轮最新行情、最新公告及正常化估值未逐家确认
SBUX,星巴克,可选消费,观察，赔率不满足纪律,观察，不因同店恢复直接买入：现价高于基准机械值，模型不能证明 2:1 赔率,价格锚定 2026-09-23/24/28 收盘或盘中（各批不同，见指标）；赔率为研究者情景假设，非共识目标价；真实胜率、动态 PE、PEG 多为 [MISSING]。,93.65,51.7,84.0,-0.230036,旧模型无正基准上行,,,保留旧结论；仅完成模型审计，未逐家公告复核,,,"[{""name"": ""悲观"", ""prob"": ""—"", ""assumption"": ""2027 调整后 EPS $2.35"", ""multiple"": ""22×"", ""price"": ""$51.7"", ""change"": ""−44.8%"", ""trigger"": ""客流回落、重组现金流及人工拖累""}, {""name"": ""基准"", ""prob"": ""—"", ""assumption"": ""EPS $3.00"", ""multiple"": ""28×"", ""price"": ""$84"", ""change"": ""−10.3%"", ""trigger"": ""客流稳定、利润率修复""}, {""name"": ""乐观"", ""prob"": ""—"", ""assumption"": ""EPS $3.50"", ""multiple"": ""32×"", ""price"": ""$112"", ""change"": ""+19.6%"", ""trigger"": ""持续复购、利润率上台阶""}]",本轮最新行情、最新公告及正常化估值未逐家确认
YUM,百胜餐饮,可选消费,观察,观察／暂不形成有根据的买卖点位：必胜客出售后无备考可持续 EPS，任何精确价位都是伪精确,价格锚定 2026-09-23/24/28 收盘或盘中（各批不同，见指标）；赔率为研究者情景假设，非共识目标价；真实胜率、动态 PE、PEG 多为 [MISSING]。,137.34,,,,无法统一计算（缺字段/无适用情景）,,,保留旧结论；仅完成模型审计，未逐家公告复核,,,[],本轮最新行情、最新公告及正常化估值未逐家确认
CMG,奇波雷,可选消费,观察,观察，不因同店转正直接买入：买的是客流恢复、门店扩张与餐厅利润率同步改善,价格锚定 2026-09-23/24/28 收盘或盘中（各批不同，见指标）；赔率为研究者情景假设，非共识目标价；真实胜率、动态 PE、PEG 多为 [MISSING]。,32.01,20.9,34.8,0.251125,旧模型算术<2，非最新结论,,,保留旧结论；仅完成模型审计，未逐家公告复核,,,"[{""name"": ""悲观"", ""prob"": ""—"", ""assumption"": ""2027 EPS $0.95"", ""multiple"": ""22×"", ""price"": ""$20.9"", ""change"": ""−34.7%"", ""trigger"": ""客流再弱、利润率不恢复""}, {""name"": ""基准"", ""prob"": ""—"", ""assumption"": ""EPS $1.20"", ""multiple"": ""29×"", ""price"": ""$34.8"", ""change"": ""+8.7%"", ""trigger"": ""新店增长、同店稳步修复""}, {""name"": ""乐观"", ""prob"": ""—"", ""assumption"": ""EPS $1.45"", ""multiple"": ""35×"", ""price"": ""$50.75"", ""change"": ""+58.5%"", ""trigger"": ""客流及餐厅利润率双改善""}]",本轮最新行情、最新公告及正常化估值未逐家确认
DPZ,达美乐,可选消费,观察,观察，优先验证加盟店单店经济性,价格锚定 2026-09-23/24/28 收盘或盘中（各批不同，见指标）；赔率为研究者情景假设，非共识目标价；真实胜率、动态 PE、PEG 多为 [MISSING]。,293.03,208.0,323.0,0.352464,旧模型算术<2，非最新结论,,,保留旧结论；仅完成模型审计，未逐家公告复核,,,"[{""name"": ""悲观"", ""prob"": ""—"", ""assumption"": ""2027 EPS $16"", ""multiple"": ""13×"", ""price"": ""$208"", ""change"": ""−29.0%"", ""trigger"": ""同店与加盟商收益恶化""}, {""name"": ""基准"", ""prob"": ""—"", ""assumption"": ""EPS $19"", ""multiple"": ""17×"", ""price"": ""$323"", ""change"": ""+10.2%"", ""trigger"": ""同店低个位数修复、杠杆不升""}, {""name"": ""乐观"", ""prob"": ""—"", ""assumption"": ""EPS $22"", ""multiple"": ""20×"", ""price"": ""$440"", ""change"": ""+50.2%"", ""trigger"": ""订单、客单与加盟净开店同步改善""}]",本轮最新行情、最新公告及正常化估值未逐家确认
DRI,达登餐饮,可选消费,观察,观察，质量相对稳健但现价赔率不足,价格锚定 2026-09-23/24/28 收盘或盘中（各批不同，见指标）；赔率为研究者情景假设，非共识目标价；真实胜率、动态 PE、PEG 多为 [MISSING]。,207.24,175.95,228.0,0.663471,旧模型算术<2，非最新结论,,,保留旧结论；仅完成模型审计，未逐家公告复核,,,"[{""name"": ""悲观"", ""prob"": ""—"", ""assumption"": ""FY2027 EPS $10.35"", ""multiple"": ""17×"", ""price"": ""$175.95"", ""change"": ""−15.1%"", ""trigger"": ""成本/客流下修""}, {""name"": ""基准"", ""prob"": ""—"", ""assumption"": ""EPS $11.40"", ""multiple"": ""20×"", ""price"": ""$228"", ""change"": ""+10.0%"", ""trigger"": ""比公司指引上限略高，须后续上修""}, {""name"": ""乐观"", ""prob"": ""—"", ""assumption"": ""EPS $13.00"", ""multiple"": ""22×"", ""price"": ""$286"", ""change"": ""+38.0%"", ""trigger"": ""LongHorn 扩张及利润率加速，证据最弱""}]",本轮最新行情、最新公告及正常化估值未逐家确认
TSLA,特斯拉,可选消费,风险优先于叙事,中性观察，暂不以汽车制造业 PE 判断为便宜：买的是 FSD/Robotaxi/机器人未来规模化盈利的选择权,价格锚定 2026-09-23/24/28 收盘或盘中（各批不同，见指标）；赔率为研究者情景假设，非共识目标价；真实胜率、动态 PE、PEG 多为 [MISSING]。,377.94,,,,无法统一计算（缺字段/无适用情景）,,,保留旧结论；仅完成模型审计，未逐家公告复核,,,[],本轮最新行情、最新公告及正常化估值未逐家确认
F,福特汽车,可选消费,暂缓用 PE 判断,条件关注：先验证工业业务盈利修复而非押注 AI 估值扩张,价格锚定 2026-09-23/24/28 收盘或盘中（各批不同，见指标）；赔率为研究者情景假设，非共识目标价；真实胜率、动态 PE、PEG 多为 [MISSING]。,12.6,,,,无法统一计算（缺字段/无适用情景）,,,保留旧结论；仅完成模型审计，未逐家公告复核,,,[],本轮最新行情、最新公告及正常化估值未逐家确认
GM,通用汽车,可选消费,优先跟踪现金回报质量,优先研究：买的是北美皮卡与 SUV 利润、成本纪律、股东回报，2027 盈利上修能否兑现要看 GAAP 现金转换,价格锚定 2026-09-23/24/28 收盘或盘中（各批不同，见指标）；赔率为研究者情景假设，非共识目标价；真实胜率、动态 PE、PEG 多为 [MISSING]。,80.57,,,,无法统一计算（缺字段/无适用情景）,,,保留旧结论；仅完成模型审计，未逐家公告复核,,,[],本轮最新行情、最新公告及正常化估值未逐家确认
APTV,安波福,可选消费,观察,观察，不宜仅凭低前瞻 PE 买入：本质是分拆后汽车电子/工程部件利润率修复，而非已兑现的机器人 AI 收入,价格锚定 2026-09-23/24/28 收盘或盘中（各批不同，见指标）；赔率为研究者情景假设，非共识目标价；真实胜率、动态 PE、PEG 多为 [MISSING]。,44.24,34.8,58.5,1.510593,旧模型算术<2，非最新结论,,,保留旧结论；仅完成模型审计，未逐家公告复核,,,"[{""name"": ""悲观"", ""prob"": ""—"", ""assumption"": ""2027E 调整后 EPS $5.80"", ""multiple"": ""6×"", ""price"": ""$34.8"", ""change"": ""−21.3%"", ""trigger"": ""汽车排产恶化""}, {""name"": ""基准"", ""prob"": ""—"", ""assumption"": ""EPS $6.50"", ""multiple"": ""9×"", ""price"": ""$58.5"", ""change"": ""+32.2%"", ""trigger"": ""营收温和恢复及现金转化""}, {""name"": ""乐观"", ""prob"": ""—"", ""assumption"": ""EPS $7.10"", ""multiple"": ""11×"", ""price"": ""$78.1"", ""change"": ""+76.5%"", ""trigger"": ""非汽车规模兑现""}]",本轮最新行情、最新公告及正常化估值未逐家确认
GPC,纯牌零件,可选消费,观察,观察：分拆价值释放可能存在，但现价赔率不足,价格锚定 2026-09-23/24/28 收盘或盘中（各批不同，见指标）；赔率为研究者情景假设，非共识目标价；真实胜率、动态 PE、PEG 多为 [MISSING]。,129.35,93.6,141.1,0.328671,旧模型算术<2，非最新结论,,,保留旧结论；仅完成模型审计，未逐家公告复核,,,"[{""name"": ""悲观"", ""prob"": ""—"", ""assumption"": ""2027E 调整后 EPS $7.20"", ""multiple"": ""13×"", ""price"": ""$93.6"", ""change"": ""−27.6%"", ""trigger"": ""分拆成本/需求走弱""}, {""name"": ""基准"", ""prob"": ""—"", ""assumption"": ""EPS $8.30"", ""multiple"": ""17×"", ""price"": ""$141.1"", ""change"": ""+9.1%"", ""trigger"": ""利润温和增长""}, {""name"": ""乐观"", ""prob"": ""—"", ""assumption"": ""EPS $9.00"", ""multiple"": ""20×"", ""price"": ""$180"", ""change"": ""+39.2%"", ""trigger"": ""分拆后双业务价值释放""}]",本轮最新行情、最新公告及正常化估值未逐家确认
AZO,汽车地带,可选消费,观察,观察，不因跌幅大而追价,价格锚定 2026-09-23/24/28 收盘或盘中（各批不同，见指标）；赔率为研究者情景假设，非共识目标价；真实胜率、动态 PE、PEG 多为 [MISSING]。,2862.62,2240.0,3160.0,0.477627,旧模型算术<2，非最新结论,,,保留旧结论；仅完成模型审计，未逐家公告复核,,,"[{""name"": ""悲观"", ""prob"": ""—"", ""assumption"": ""FY2027 EPS $140"", ""multiple"": ""16×"", ""price"": ""$2,240"", ""change"": ""−21.8%"", ""trigger"": ""商用减速、费用高企""}, {""name"": ""基准"", ""prob"": ""—"", ""assumption"": ""EPS $158"", ""multiple"": ""20×"", ""price"": ""$3,160"", ""change"": ""+10.4%"", ""trigger"": ""经营增长温和恢复""}, {""name"": ""乐观"", ""prob"": ""—"", ""assumption"": ""EPS $175"", ""multiple"": ""23×"", ""price"": ""$4,025"", ""change"": ""+40.6%"", ""trigger"": ""商用与新店高效兑现""}]",本轮最新行情、最新公告及正常化估值未逐家确认
ORLY,奥莱利汽配,可选消费,观察,观察：经营壁垒与现金流有官方支持，但负权益、回购快于 FCF、赔率不足,价格锚定 2026-09-23/24/28 收盘或盘中（各批不同，见指标）；赔率为研究者情景假设，非共识目标价；真实胜率、动态 PE、PEG 多为 [MISSING]。,85.76,65.0,91.25,0.264451,旧模型算术<2，非最新结论,,,保留旧结论；仅完成模型审计，未逐家公告复核,,,"[{""name"": ""悲观"", ""prob"": ""—"", ""assumption"": ""2027E EPS $3.25"", ""multiple"": ""20×"", ""price"": ""$65"", ""change"": ""−24.2%"", ""trigger"": ""同店放缓、费用或借款成本提高""}, {""name"": ""基准"", ""prob"": ""—"", ""assumption"": ""EPS $3.65"", ""multiple"": ""25×"", ""price"": ""$91.25"", ""change"": ""+6.4%"", ""trigger"": ""同店与开店延续""}, {""name"": ""乐观"", ""prob"": ""—"", ""assumption"": ""EPS $4.00"", ""multiple"": ""29×"", ""price"": ""$116"", ""change"": ""+35.3%"", ""trigger"": ""专业渠道与开店双兑现""}]",本轮最新行情、最新公告及正常化估值未逐家确认
CVNA,Carvana,可选消费,观察,观察，暂不以当前价格买入：零售量增长很快，但利润归属、一次性税项与融资变现使 PE 与 EPS 倍数容易失真,价格锚定 2026-09-23/24/28 收盘或盘中（各批不同，见指标）；赔率为研究者情景假设，非共识目标价；真实胜率、动态 PE、PEG 多为 [MISSING]。,64.11,34.0,62.72,-0.046164,旧模型无正基准上行,,,保留旧结论；仅完成模型审计，未逐家公告复核,,,"[{""name"": ""悲观"", ""prob"": ""—"", ""assumption"": ""2027E EPS $1.70"", ""multiple"": ""20×"", ""price"": ""$34"", ""change"": ""−47.0%"", ""trigger"": ""销量放缓、融资利差与贷款信用恶化""}, {""name"": ""基准"", ""prob"": ""—"", ""assumption"": ""EPS $2.24"", ""multiple"": ""28×"", ""price"": ""$62.72"", ""change"": ""−2.2%"", ""trigger"": ""量增延续、单位经济稳定""}, {""name"": ""乐观"", ""prob"": ""—"", ""assumption"": ""EPS $3.00"", ""multiple"": ""36×"", ""price"": ""$108"", ""change"": ""+68.5%"", ""trigger"": ""整备产能、单位毛利与融资渠道同时改善""}]",本轮最新行情、最新公告及正常化估值未逐家确认
ABNB,爱彼迎,可选消费,观察,观察，不以当前快照价追入：网络壁垒与现金流支持增长，但监管、税务和股权激励是反证,价格锚定 2026-09-23/24/28 收盘或盘中（各批不同，见指标）；赔率为研究者情景假设，非共识目标价；真实胜率、动态 PE、PEG 多为 [MISSING]。,155.12,105.6,162.4,0.147011,旧模型算术<2，非最新结论,,,保留旧结论；仅完成模型审计，未逐家公告复核,,,"[{""name"": ""悲观"", ""prob"": ""—"", ""assumption"": ""2027E GAAP EPS $4.80"", ""multiple"": ""22×"", ""price"": ""$105.6"", ""change"": ""−31.9%"", ""trigger"": ""监管、税务风险或预订放缓""}, {""name"": ""基准"", ""prob"": ""—"", ""assumption"": ""EPS $5.80"", ""multiple"": ""28×"", ""price"": ""$162.4"", ""change"": ""+4.7%"", ""trigger"": ""预订双位数增长、利润率维持""}, {""name"": ""乐观"", ""prob"": ""—"", ""assumption"": ""EPS $6.80"", ""multiple"": ""33×"", ""price"": ""$224.4"", ""change"": ""+44.7%"", ""trigger"": ""国际扩张、酒店、利润率与现金流超预期""}]",本轮最新行情、最新公告及正常化估值未逐家确认
BKNG,Booking Holdings,可选消费,观察优先,观察（优先级高）：买的是全球住宿分销规模、直接流量与持续现金回收，不是 AI 概念,价格锚定 2026-09-23/24/28 收盘或盘中（各批不同，见指标）；赔率为研究者情景假设，非共识目标价；真实胜率、动态 PE、PEG 多为 [MISSING]。,163.87,,,,无法统一计算（缺字段/无适用情景）,,,保留旧结论；仅完成模型审计，未逐家公告复核,,,[],本轮最新行情、最新公告及正常化估值未逐家确认
EXPE,Expedia Group,可选消费,观察优先,观察（优先级高）：B2B 分销扩张能否持续转化为盈利与现金,价格锚定 2026-09-23/24/28 收盘或盘中（各批不同，见指标）；赔率为研究者情景假设，非共识目标价；真实胜率、动态 PE、PEG 多为 [MISSING]。,264.23,,,,无法统一计算（缺字段/无适用情景）,,,保留旧结论；仅完成模型审计，未逐家公告复核,,,[],本轮最新行情、最新公告及正常化估值未逐家确认
MAR,万豪国际,可选消费,优质但待价,观察：公司质量靠前、价格纪律更重要,价格锚定 2026-09-23/24/28 收盘或盘中（各批不同，见指标）；赔率为研究者情景假设，非共识目标价；真实胜率、动态 PE、PEG 多为 [MISSING]。,358.57,,,,无法统一计算（缺字段/无适用情景）,,,保留旧结论；仅完成模型审计，未逐家公告复核,,,[],本轮最新行情、最新公告及正常化估值未逐家确认
HLT,希尔顿,可选消费,观察,观察：经营成长可见，但估值门槛最高之一,价格锚定 2026-09-23/24/28 收盘或盘中（各批不同，见指标）；赔率为研究者情景假设，非共识目标价；真实胜率、动态 PE、PEG 多为 [MISSING]。,320.28,,,,无法统一计算（缺字段/无适用情景）,,,保留旧结论；仅完成模型审计，未逐家公告复核,,,[],本轮最新行情、最新公告及正常化估值未逐家确认
CCL,嘉年华邮轮,可选消费,事件前观察,事件前仅观察：先核实 Q3 实际披露及全年指引，再评估是否介入,价格锚定 2026-09-23/24/28 收盘或盘中（各批不同，见指标）；赔率为研究者情景假设，非共识目标价；真实胜率、动态 PE、PEG 多为 [MISSING]。,22.14,,,,无法统一计算（缺字段/无适用情景）,,,保留旧结论；仅完成模型审计，未逐家公告复核,,,[],本轮最新行情、最新公告及正常化估值未逐家确认
RCL,皇家加勒比,可选消费,邮轮组优先,邮轮组经营质量优先观察：高端船队、私属目的地和单位收益/运力扩张组合，需计入折旧与资本开支,价格锚定 2026-09-23/24/28 收盘或盘中（各批不同，见指标）；赔率为研究者情景假设，非共识目标价；真实胜率、动态 PE、PEG 多为 [MISSING]。,242.59,,,,无法统一计算（缺字段/无适用情景）,,,保留旧结论；仅完成模型审计，未逐家公告复核,,,[],本轮最新行情、最新公告及正常化估值未逐家确认
NCLH,挪威邮轮,可选消费,回避新增,回避新增、等待验证：低 PE 可能是困境折价，修复证据不足,价格锚定 2026-09-23/24/28 收盘或盘中（各批不同，见指标）；赔率为研究者情景假设，非共识目标价；真实胜率、动态 PE、PEG 多为 [MISSING]。,14.31,,,,无法统一计算（缺字段/无适用情景）,,,保留旧结论；仅完成模型审计，未逐家公告复核,,,[],本轮最新行情、最新公告及正常化估值未逐家确认
LVS,金沙集团,可选消费,观察（本组优先，但赔率未达标）,15× TTM PE 在三家里最低，但 2026Q2 净利同比 −24.9%（营收 −0.7%），净资产极薄（负债/资产 95.5%），基准上行仅 +6%，赔率不够,价格锚定 2026-09-23/24/28 收盘或盘中（各批不同，见指标）；赔率为研究者情景假设，非共识目标价；真实胜率、动态 PE、PEG 多为 [MISSING]。,38.32,24.0,40.5,0.152235,旧模型算术<2，非最新结论,,,保留旧结论；仅完成模型审计，未逐家公告复核,,,"[{""name"": ""悲观"", ""prob"": ""—"", ""assumption"": ""澳门赢率持续偏低，EPS 2.0 × 12×"", ""multiple"": ""12× PE"", ""price"": ""$24"", ""change"": ""−37%"", ""trigger"": ""Q3 净利同比 <−30%，且债务继续上升""}, {""name"": ""基准"", ""prob"": ""—"", ""assumption"": ""2027E EPS 2.7（研究假设，略高于 TTM）× 15×"", ""multiple"": ""15× PE"", ""price"": ""$40.5"", ""change"": ""+6%"", ""trigger"": ""澳门赢率恢复正常，净利同比转平""}, {""name"": ""乐观"", ""prob"": ""—"", ""assumption"": ""EPS 3.2 × 17×"", ""multiple"": ""17× PE"", ""price"": ""$54"", ""change"": ""+41%"", ""trigger"": ""澳门与新加坡同步高增""}]",本轮最新行情、最新公告及正常化估值未逐家确认
MGM,美高梅,可选消费,观察（GAAP 盈利失真，赔率为负）,GAAP TTM PE 约 19× 被非经营项目扭曲：2025Q3 亏 2.85 亿美元、2026Q2 净利 2.92 亿（低基数 +497%），Notion 汇总页 Q2 调整后 EPS 仅 0.59 对 GAAP 1.11；基准上行为负,价格锚定 2026-09-23/24/28 收盘或盘中（各批不同，见指标）；赔率为研究者情景假设，非共识目标价；真实胜率、动态 PE、PEG 多为 [MISSING]。,31.52,15.6,27.0,-0.28392,旧模型无正基准上行,,,保留旧结论；仅完成模型审计，未逐家公告复核,,,"[{""name"": ""悲观"", ""prob"": ""—"", ""assumption"": ""EPS 1.2（GAAP 盈利回落）× 13×"", ""multiple"": ""13× PE"", ""price"": ""$15.6"", ""change"": ""−51%"", ""trigger"": ""Q3 调整后 EBITDA 继续同比下降""}, {""name"": ""基准"", ""prob"": ""—"", ""assumption"": ""EPS 1.8（调整后口径的研究假设，未取到 TTM 调整后 EPS）× 15×"", ""multiple"": ""15× PE"", ""price"": ""$27"", ""change"": ""−14%"", ""trigger"": ""调整后盈利与数字业务转盈""}, {""name"": ""乐观"", ""prob"": ""—"", ""assumption"": ""EPS 2.4 × 17×"", ""multiple"": ""17× PE"", ""price"": ""$40.8"", ""change"": ""+29%"", ""trigger"": ""拉斯维加斯回暖 + 数字业务转盈""}]",本轮最新行情、最新公告及正常化估值未逐家确认
WYNN,永利度假村,可选消费,等待证据,2026Q2 净利 1.40 亿美元（+112%）、营收 +6.9%，TTM PE 约 19×，但净资产为负、流动比率 0.91，阿联酋项目 2027 年 9 月才开业，2027 年利润不可先验计入,价格锚定 2026-09-23/24/28 收盘或盘中（各批不同，见指标）；赔率为研究者情景假设，非共识目标价；真实胜率、动态 PE、PEG 多为 [MISSING]。,78.23,44.8,71.4,-0.204308,旧模型无正基准上行,,,保留旧结论；仅完成模型审计，未逐家公告复核,,,"[{""name"": ""悲观"", ""prob"": ""—"", ""assumption"": ""EPS 3.2 × 14×"", ""multiple"": ""14× PE"", ""price"": ""$44.8"", ""change"": ""−43%"", ""trigger"": ""Q3 澳门 EBITDAR 转降，债务继续上升""}, {""name"": ""基准"", ""prob"": ""—"", ""assumption"": ""2027E EPS 4.2（研究假设，不含阿联酋项目）× 17×"", ""multiple"": ""17× PE"", ""price"": ""$71.4"", ""change"": ""−9%"", ""trigger"": ""澳门保持增长、拉斯维加斯企稳""}, {""name"": ""乐观"", ""prob"": ""—"", ""assumption"": ""EPS 5.2 × 19×"", ""multiple"": ""19× PE"", ""price"": ""$98.8"", ""change"": ""+26%"", ""trigger"": ""澳门与拉斯维加斯同步增长""}]",本轮最新行情、最新公告及正常化估值未逐家确认
DHI,霍顿房屋,可选消费,观察,观察：盈利趋势仍向下、利率逆风未缓解、盈亏比不足 2:1；质量不差但价格不满足安全边际,价格锚定 2026-09-23/24/28 收盘或盘中（各批不同，见指标）；赔率为研究者情景假设，非共识目标价；真实胜率、动态 PE、PEG 多为 [MISSING]。,138.93,100.0,145.0,0.155921,旧模型算术<2，非最新结论,,,保留旧结论；仅完成模型审计，未逐家公告复核,,,"[{""name"": ""悲观"", ""prob"": ""35%"", ""assumption"": ""FY2027E EPS $9.00"", ""multiple"": ""11×"", ""price"": ""$100"", ""change"": ""−28%"", ""trigger"": ""利率≥7.5%；毛利率<19%；FY27Q1 订单转负""}, {""name"": ""基准"", ""prob"": ""45%"", ""assumption"": ""EPS $11.57（共识）"", ""multiple"": ""12.5×"", ""price"": ""$145"", ""change"": ""+4%"", ""trigger"": ""利率回落至 6.0–6.5%，毛利率守住 20%""}, {""name"": ""乐观"", ""prob"": ""20%"", ""assumption"": ""EPS $13.20"", ""multiple"": ""14×"", ""price"": ""$185"", ""change"": ""+33%"", ""trigger"": ""利率<5.5%，激励正常化，订单正增长""}]",本轮最新行情、最新公告及正常化估值未逐家确认
LEN,莱纳房屋,可选消费,观察（破净但股息未被 FCF 覆盖）,观察（四家中确定性最低）：PB 破净与激励正常化叙事是左侧信号，但盈利仍在下修、FCF 覆盖不了股息,价格锚定 2026-09-23/24/28 收盘或盘中（各批不同，见指标）；赔率为研究者情景假设，非共识目标价；真实胜率、动态 PE、PEG 多为 [MISSING]。,82.26,58.0,91.0,0.360264,旧模型算术<2，非最新结论,,,保留旧结论；仅完成模型审计，未逐家公告复核,,,"[{""name"": ""悲观"", ""prob"": ""40%"", ""assumption"": ""FY2027E EPS $4.20"", ""multiple"": ""13×"", ""price"": ""$58"", ""change"": ""−29%"", ""trigger"": ""利率≥7.5%；毛利率<15%；股息被削减""}, {""name"": ""基准"", ""prob"": ""40%"", ""assumption"": ""EPS $5.60"", ""multiple"": ""16×"", ""price"": ""$91"", ""change"": ""+11%"", ""trigger"": ""交付企稳在 8 万套以上，毛利率回到 16.5%""}, {""name"": ""乐观"", ""prob"": ""20%"", ""assumption"": ""EPS $6.80"", ""multiple"": ""17×"", ""price"": ""$118"", ""change"": ""+43%"", ""trigger"": ""利率<6%，激励正常化，毛利率回到 18%""}]",本轮最新行情、最新公告及正常化估值未逐家确认
PHM,普尔特房屋,可选消费,观察优先，最接近门槛,观察优先：房屋建造四家中经营质量与估值最优、最接近介入条件，但盈利趋势尚未转为上行，盈亏比 1.91:1 仍略低于 2:1,价格锚定 2026-09-23/24/28 收盘或盘中（各批不同，见指标）；赔率为研究者情景假设，非共识目标价；真实胜率、动态 PE、PEG 多为 [MISSING]。,118.07,92.0,134.0,0.611047,旧模型算术<2，非最新结论,,,保留旧结论；仅完成模型审计，未逐家公告复核,,,"[{""name"": ""悲观"", ""prob"": ""30%"", ""assumption"": ""FY27E EPS 8.60（较共识 −22%）：订单转负、毛利率跌回 23% 以下、激励回升"", ""multiple"": ""10.5×"", ""price"": ""$92"", ""change"": ""−22%"", ""trigger"": ""利率维持 ≥7.5%；社区数增长停滞；BTO 转型拖累交付量""}, {""name"": ""基准"", ""prob"": ""45%"", ""assumption"": ""FY27E EPS 11.03（共识）"", ""multiple"": ""12×"", ""price"": ""$134"", ""change"": ""+13%"", ""trigger"": ""交付量守住 2.85 万套以上、毛利率维持 24.5%–25%""}, {""name"": ""乐观"", ""prob"": ""25%"", ""assumption"": ""FY27E EPS 12.60：毛利率回到 26%、BTO 达 60%、份额提升"", ""multiple"": ""13.5×"", ""price"": ""$168"", ""change"": ""+42%"", ""trigger"": ""利率回落至 6% 以下、活跃成人业务继续双位数增长""}]",本轮最新行情、最新公告及正常化估值未逐家确认
NVR,NVR,可选消费,观察（PB 4.88 容错最低）,观察：ROE 与商业模式质量最高，但 PB 4.88× 已充分定价，叠加盈利下行、无股息，不满足安全边际,价格锚定 2026-09-23/24/28 收盘或盘中（各批不同，见指标）；赔率为研究者情景假设，非共识目标价；真实胜率、动态 PE、PEG 多为 [MISSING]。,6213.06,4650.0,6420.0,0.132394,旧模型算术<2，非最新结论,,,保留旧结论；仅完成模型审计，未逐家公告复核,,,"[{""name"": ""悲观"", ""prob"": ""35%"", ""assumption"": ""FY2027E EPS $330"", ""multiple"": ""14×"", ""price"": ""$4,650"", ""change"": ""−25%"", ""trigger"": ""利率≥7.5%，交付续降，减值扩大""}, {""name"": ""基准"", ""prob"": ""45%"", ""assumption"": ""EPS $400.62（共识）"", ""multiple"": ""16×"", ""price"": ""$6,420"", ""change"": ""+3%"", ""trigger"": ""毛利率企稳 19%–20%""}, {""name"": ""乐观"", ""prob"": ""20%"", ""assumption"": ""EPS $460"", ""multiple"": ""17×"", ""price"": ""$7,400"", ""change"": ""+19%"", ""trigger"": ""利率<6%，毛利率>21%，回购缩股""}]",本轮最新行情、最新公告及正常化估值未逐家确认
HAS,孩之宝,可选消费,观察,观察：可选消费本轮研究中质地最好的一家，盈利趋势向上，但价格已部分反映万智牌增长，杠杆与单一 IP 集中度高,价格锚定 2026-09-23/24/28 收盘或盘中（各批不同，见指标）；赔率为研究者情景假设，非共识目标价；真实胜率、动态 PE、PEG 多为 [MISSING]。,88.17,70.0,98.0,0.541002,旧模型算术<2，非最新结论,,,保留旧结论；仅完成模型审计，未逐家公告复核,,,"[{""name"": ""悲观"", ""prob"": ""25%"", ""assumption"": ""FY27E EPS 5.60（较共识 −14%）：万智牌增速降至个位数、关税侵蚀、娱乐拖累"", ""multiple"": ""12.5×"", ""price"": ""$70"", ""change"": ""−21%"", ""trigger"": ""Q3/Q4 万智牌同比降至个位数；Consumer Products 全年经营亏损扩大；杠杆恶化""}, {""name"": ""基准"", ""prob"": ""50%"", ""assumption"": ""FY27E EPS 6.51（共识）"", ""multiple"": ""15×"", ""price"": ""$98"", ""change"": ""+11%"", ""trigger"": ""万智牌维持双位数增长、数字投入削减兑现""}, {""name"": ""乐观"", ""prob"": ""25%"", ""assumption"": ""FY27E EPS 7.20：万智牌延续 >17% 复利、塞尔达授权贡献"", ""multiple"": ""16.5×"", ""price"": ""$119"", ""change"": ""+35%"", ""trigger"": ""万智牌 2027 加速；Consumer Products 利润率回到 8%+""}]",本轮最新行情、最新公告及正常化估值未逐家确认
KO,可口可乐,日常消费,观察（经营好，价格不好）,观察（经营好，但价格不好）：26.4× 前瞻 PE + FY2027 近零收入增长 + 股息率低于无风险利率，赔率不足,价格锚定 2026-09-28/29 收盘或盘中；情景加权期望收益与正收益概率为研究者假设，不是历史回测胜率；TTM PE 为 GAAP 口径、动态 PE 为非 GAAP 口径，两者不可直接相减。,87.02,74.0,88.0,0.075269,旧模型算术<2，非最新结论,,,保留旧结论；仅完成模型审计，未逐家公告复核,,,"[{""name"": ""悲观"", ""prob"": ""30%"", ""assumption"": ""FY2027E EPS $3.45"", ""multiple"": ""21.5×"", ""price"": ""$74"", ""change"": ""−15%"", ""trigger"": ""销量<3%、美元走强、亚太走弱""}, {""name"": ""基准"", ""prob"": ""50%"", ""assumption"": ""EPS $3.53（共识）"", ""multiple"": ""24.9×"", ""price"": ""$88"", ""change"": ""+1%"", ""trigger"": ""有机收入约 5%，可比 EPS +7%–8%""}, {""name"": ""乐观"", ""prob"": ""20%"", ""assumption"": ""EPS $3.70"", ""multiple"": ""27.3×"", ""price"": ""$101"", ""change"": ""+16%"", ""trigger"": ""Zero Sugar 与亚太超预期、利率回落""}]",本轮最新行情、最新公告及正常化估值未逐家确认
PEP,百事可乐,日常消费,观察优先，唯一达标（约 2:1）,观察优先：本轮可选消费 + 日常消费研究中第一家盈亏比达到约 2:1 的公司，但靠的是深度价值 + 高股息，不是成长,价格锚定 2026-09-28/29 收盘或盘中；情景加权期望收益与正收益概率为研究者假设，不是历史回测胜率；TTM PE 为 GAAP 口径、动态 PE 为非 GAAP 口径，两者不可直接相减。,128.5,115.0,139.0,0.777778,旧模型算术<2，非最新结论,128.89,0.727862,观察：基准赔率未达标；保留价值与收息逻辑，撤回“唯一达标”,7/9 公告：Q2 有机收入 +2.4%、核心 EPS +4%，GAAP EPS +137% 含去年减值低基数。沿用旧 $115/$139/$158 情景，基准赔率 (139−128.89)/(128.89−115)=0.73；$123 仅是旧模型 2:1 数学门槛。旧 FCF 与股东返还不同期别，覆盖结论撤回。,https://www.sec.gov/Archives/edgar/data/77476/000007747626000037/q220268-kxexhibit991.htm,"[{""name"": ""悲观"", ""prob"": ""25%"", ""assumption"": ""FY27E EPS 8.65（低于共识）：北美销量继续下滑、利润率未修复、去杠杆压力"", ""multiple"": ""13.3×"", ""price"": ""$115"", ""change"": ""−10%"", ""trigger"": ""北美饮料销量连续第五个季度负增长；核心营业利润率跌破 16%""}, {""name"": ""基准"", ""prob"": ""50%"", ""assumption"": ""FY27E EPS 8.96（共识）"", ""multiple"": ""15.5×"", ""price"": ""$139"", ""change"": ""+8%"", ""trigger"": ""北美企稳、国际维持双位数、核心 EPS +4%~6% 兑现""}, {""name"": ""乐观"", ""prob"": ""25%"", ""assumption"": ""FY27E EPS 9.30"", ""multiple"": ""17.0×"", ""price"": ""$158"", ""change"": ""+23%"", ""trigger"": ""北美销量转正 + 利润率修复 + 利率回落带动高息股重估""}]",本轮重点模型未认证
MNST,怪物饮料,日常消费,观察（增速最好，估值最贵）,观察：增速与资产负债表最好，但 36× 前瞻 PE 已定价高增速，7 月数据显示换挡，赔率不足,价格锚定 2026-09-28/29 收盘或盘中；情景加权期望收益与正收益概率为研究者假设，不是历史回测胜率；TTM PE 为 GAAP 口径、动态 PE 为非 GAAP 口径，两者不可直接相减。,41.71,33.0,45.0,0.377727,旧模型算术<2，非最新结论,,,保留旧结论；仅完成模型审计，未逐家公告复核,,,"[{""name"": ""悲观"", ""prob"": ""30%"", ""assumption"": ""FY2027E EPS $1.18"", ""multiple"": ""28×"", ""price"": ""$33"", ""change"": ""−21%"", ""trigger"": ""增速降至个位数，铝与关税挤压毛利率""}, {""name"": ""基准"", ""prob"": ""50%"", ""assumption"": ""EPS $1.31（共识）"", ""multiple"": ""34.4×"", ""price"": ""$45"", ""change"": ""+8%"", ""trigger"": ""国际维持 20%+，份额继续提升""}, {""name"": ""乐观"", ""prob"": ""20%"", ""assumption"": ""EPS $1.45"", ""multiple"": ""38.6×"", ""price"": ""$56"", ""change"": ""+34%"", ""trigger"": ""国际维持 30%，利润率扩张""}]",本轮最新行情、最新公告及正常化估值未逐家确认
KDP,Keurig 胡椒博士,日常消费,观察,观察（不买入）：核心变量是 2027 年初分拆能否按期落地,价格锚定 2026-09-28/29 收盘或盘中；情景加权期望收益与正收益概率为研究者假设，不是历史回测胜率；TTM PE 为 GAAP 口径、动态 PE 为非 GAAP 口径，两者不可直接相减。,31.01,23.5,33.5,0.331558,旧模型算术<2，非最新结论,,,保留旧结论；仅完成模型审计，未逐家公告复核,,,"[{""name"": ""悲观"", ""prob"": ""30%"", ""assumption"": ""FY27 EPS $2.10"", ""multiple"": ""11×"", ""price"": ""$23.5"", ""change"": ""−24.2%"", ""trigger"": ""U.S. Coffee 持续疲弱，分拆延期，杠杆降不到 4.1×""}, {""name"": ""基准"", ""prob"": ""50%"", ""assumption"": ""EPS $2.50"", ""multiple"": ""13×"", ""price"": ""$33.5"", ""change"": ""+8.0%"", ""trigger"": ""分拆按期，内生 4%–5%，协同兑现""}, {""name"": ""乐观"", ""prob"": ""20%"", ""assumption"": ""EPS $2.65"", ""multiple"": ""15×"", ""price"": ""$40"", ""change"": ""+29.0%"", ""trigger"": ""分拆释放价值，Beverage Co. 获更高倍数""}]",本轮最新行情、最新公告及正常化估值未逐家确认
MDLZ,亿滋,日常消费,观察,观察（质地最好，但估值不便宜）,价格锚定 2026-09-28/29 收盘或盘中；情景加权期望收益与正收益概率为研究者假设，不是历史回测胜率；TTM PE 为 GAAP 口径、动态 PE 为非 GAAP 口径，两者不可直接相减。,59.23,49.0,64.0,0.466276,旧模型算术<2，非最新结论,,,保留旧结论；仅完成模型审计，未逐家公告复核,,,"[{""name"": ""悲观"", ""prob"": ""25%"", ""assumption"": ""FY27 EPS $3.05"", ""multiple"": ""16×"", ""price"": ""$49"", ""change"": ""−17.3%"", ""trigger"": ""可可再度上行，USMCA 关税落地，欧洲持续衰退""}, {""name"": ""基准"", ""prob"": ""55%"", ""assumption"": ""EPS $3.35"", ""multiple"": ""19×"", ""price"": ""$64"", ""change"": ""+8.1%"", ""trigger"": ""可可通缩兑现，新兴市场 7%+，欧洲企稳""}, {""name"": ""乐观"", ""prob"": ""20%"", ""assumption"": ""EPS $3.50"", ""multiple"": ""22×"", ""price"": ""$77"", ""change"": ""+30.0%"", ""trigger"": ""可可通缩超预期，销量回正""}]",本轮最新行情、最新公告及正常化估值未逐家确认
GIS,通用磨坊,日常消费,观察,观察（深度价值型）：本批最接近 2:1 门槛，但到 2027 年底没有增长，回报主要来自 7.25% 股息与估值修复,价格锚定 2026-09-28/29 收盘或盘中；情景加权期望收益与正收益概率为研究者假设，不是历史回测胜率；TTM PE 为 GAAP 口径、动态 PE 为非 GAAP 口径，两者不可直接相减。,33.66,25.5,34.7,0.127451,旧模型算术<2，非最新结论,,,保留旧结论；仅完成模型审计，未逐家公告复核,,,"[{""name"": ""熊市"", ""prob"": ""30%"", ""assumption"": ""宠物/品牌再度减值、销量继续下滑、股息削减一半；FY28 EPS $2.85"", ""multiple"": ""9×"", ""price"": ""$25.5"", ""change"": ""−24.2%（含股息 −22.4%）"", ""trigger"": ""有机销售连续三个季度低于 −2%；股息削减；核心品牌再减记""}, {""name"": ""基准"", ""prob"": ""50%"", ""assumption"": ""成本节省兑现、有机销售持平、宠物见底、股息维持；FY28 EPS $3.15"", ""multiple"": ""11×"", ""price"": ""$34.7"", ""change"": ""+2.9%（含股息 +13.8%）"", ""trigger"": ""成本节省进度 ≥7.5 亿，连续两个季度无新增减值""}, {""name"": ""牛市"", ""prob"": ""20%"", ""assumption"": ""有机销售回正、宠物企稳、倍率修复；FY28 EPS $3.35"", ""multiple"": ""13×"", ""price"": ""$43.6"", ""change"": ""+29.4%（含股息 +40.3%）"", ""trigger"": ""北美宠物有机销售连续两个季度回到 0% 以上""}]",本轮最新行情、最新公告及正常化估值未逐家确认
HSY,好时,日常消费,观察,观察（可可成本周期反转，逻辑清晰但销量是硬伤）,价格锚定 2026-09-28/29 收盘或盘中；情景加权期望收益与正收益概率为研究者假设，不是历史回测胜率；TTM PE 为 GAAP 口径、动态 PE 为非 GAAP 口径，两者不可直接相减。,161.22,131.0,173.0,0.389808,旧模型算术<2，非最新结论,,,保留旧结论；仅完成模型审计，未逐家公告复核,,,"[{""name"": ""悲观"", ""prob"": ""30%"", ""assumption"": ""FY27 EPS $8.20"", ""multiple"": ""16×"", ""price"": ""$131"", ""change"": ""−18.7%"", ""trigger"": ""销量 −8% 变常态，可可再涨，关税/物流恶化""}, {""name"": ""基准"", ""prob"": ""50%"", ""assumption"": ""EPS $9.60"", ""multiple"": ""18×"", ""price"": ""$173"", ""change"": ""+7.3%"", ""trigger"": ""可可通缩兑现，销量降幅收窄至 −3%""}, {""name"": ""乐观"", ""prob"": ""20%"", ""assumption"": ""EPS $10.30"", ""multiple"": ""21×"", ""price"": ""$216"", ""change"": ""+34.0%"", ""trigger"": ""销量回正，创新见效""}]",本轮最新行情、最新公告及正常化估值未逐家确认
HRL,荷美尔食品,日常消费,观察,观察（深度价值 + 高股息，但股息可持续性存疑）,价格锚定 2026-09-28/29 收盘或盘中；情景加权期望收益与正收益概率为研究者假设，不是历史回测胜率；TTM PE 为 GAAP 口径、动态 PE 为非 GAAP 口径，两者不可直接相减。,19.85,16.0,21.5,0.428571,旧模型算术<2，非最新结论,,,保留旧结论；仅完成模型审计，未逐家公告复核,,,"[{""name"": ""悲观"", ""prob"": ""25%"", ""assumption"": ""FY27 EPS $1.30"", ""multiple"": ""12×"", ""price"": ""$16"", ""change"": ""−19.4%"", ""trigger"": ""Retail 销量维持 −9%，消费降级，股息增长停滞""}, {""name"": ""基准"", ""prob"": ""55%"", ""assumption"": ""EPS $1.55"", ""multiple"": ""14×"", ""price"": ""$21.5"", ""change"": ""+8.3%"", ""trigger"": ""成本节省兑现，Foodservice 维持，Retail 降幅收窄""}, {""name"": ""乐观"", ""prob"": ""20%"", ""assumption"": ""EPS $1.65"", ""multiple"": ""15×"", ""price"": ""$25.5"", ""change"": ""+28.5%"", ""trigger"": ""Retail 企稳，估值回到 15×""}]",本轮最新行情、最新公告及正常化估值未逐家确认
KHC,卡夫亨氏,日常消费,回避,回避：本轮研究以来第一家期望收益为负的公司；不设买入区,价格锚定 2026-09-28/29 收盘或盘中；情景加权期望收益与正收益概率为研究者假设，不是历史回测胜率；TTM PE 为 GAAP 口径、动态 PE 为非 GAAP 口径，两者不可直接相减。,23.45,16.65,22.55,-0.132353,旧模型无正基准上行,,,保留旧结论；仅完成模型审计，未逐家公告复核,,,"[{""name"": ""悲观"", ""prob"": ""35%"", ""assumption"": ""FY27 EPS $1.85"", ""multiple"": ""9×"", ""price"": ""$16.65"", ""change"": ""−29.0%"", ""trigger"": ""第三轮减值、销量续降、IRS 败诉""}, {""name"": ""基准"", ""prob"": ""50%"", ""assumption"": ""EPS $2.05"", ""multiple"": ""11×"", ""price"": ""$22.55"", ""change"": ""−3.8%"", ""trigger"": ""不再大额减值、收入止跌、利润持平""}, {""name"": ""乐观"", ""prob"": ""15%"", ""assumption"": ""EPS $2.25"", ""multiple"": ""13×"", ""price"": ""$29.25"", ""change"": ""+24.7%"", ""trigger"": ""投入见效、份额回升、分拆重启""}]",本轮最新行情、最新公告及正常化估值未逐家确认
MKC,味好美,日常消费,观察,观察（本批盈亏比最高，但事件驱动，确定性最低）,价格锚定 2026-09-28/29 收盘或盘中；情景加权期望收益与正收益概率为研究者假设，不是历史回测胜率；TTM PE 为 GAAP 口径、动态 PE 为非 GAAP 口径，两者不可直接相减。,48.4,38.5,53.5,0.515152,旧模型算术<2，非最新结论,,,保留旧结论；仅完成模型审计，未逐家公告复核,,,"[{""name"": ""悲观"", ""prob"": ""35%"", ""assumption"": ""FY27 EPS $2.95"", ""multiple"": ""13×"", ""price"": ""$38.5"", ""change"": ""−20.5%"", ""trigger"": ""合并受阻或整合失利、杠杆过高""}, {""name"": ""基准"", ""prob"": ""50%"", ""assumption"": ""EPS $3.35"", ""multiple"": ""16×"", ""price"": ""$53.5"", ""change"": ""+10.5%"", ""trigger"": ""合并按计划交割，协同开始兑现""}, {""name"": ""乐观"", ""prob"": ""15%"", ""assumption"": ""EPS $3.60"", ""multiple"": ""19×"", ""price"": ""$68"", ""change"": ""+40.5%"", ""trigger"": ""合并顺利、协同超预期""}]",本轮最新行情、最新公告及正常化估值未逐家确认
SJM,斯马克,日常消费,观察,观察（基本面在改善，但 YTD 已涨 27%，估值修复基本兑现）,价格锚定 2026-09-28/29 收盘或盘中；情景加权期望收益与正收益概率为研究者假设，不是历史回测胜率；TTM PE 为 GAAP 口径、动态 PE 为非 GAAP 口径，两者不可直接相减。,120.7,98.0,121.0,0.013216,旧模型算术<2，非最新结论,,,保留旧结论；仅完成模型审计，未逐家公告复核,,,"[{""name"": ""悲观"", ""prob"": ""25%"", ""assumption"": ""FY28 EPS $9.80"", ""multiple"": ""10×"", ""price"": ""$98"", ""change"": ""−18.8%"", ""trigger"": ""咖啡提价逆转，Hostess 再减值，FY28 高基数""}, {""name"": ""基准"", ""prob"": ""50%"", ""assumption"": ""EPS $11.00"", ""multiple"": ""11×"", ""price"": ""$121"", ""change"": ""+0.2%"", ""trigger"": ""FY27 兑现 $10.75，FY28 小幅增长""}, {""name"": ""乐观"", ""prob"": ""25%"", ""assumption"": ""EPS $11.80"", ""multiple"": ""13×"", ""price"": ""$153.4"", ""change"": ""+27.1%"", ""trigger"": ""Uncrustables 兑现，咖啡利润率维持，Hostess 企稳，回购启动""}]",本轮最新行情、最新公告及正常化估值未逐家确认
TSN,泰森食品,日常消费,观察,观察（周期底部博弈，等牛群周期转向）,价格锚定 2026-09-28/29 收盘或盘中；情景加权期望收益与正收益概率为研究者假设，不是历史回测胜率；TTM PE 为 GAAP 口径、动态 PE 为非 GAAP 口径，两者不可直接相减。,50.98,40.0,53.0,0.183971,旧模型算术<2，非最新结论,,,保留旧结论；仅完成模型审计，未逐家公告复核,,,"[{""name"": ""悲观"", ""prob"": ""25%"", ""assumption"": ""FY27 EPS $3.30"", ""multiple"": ""12×"", ""price"": ""$40"", ""change"": ""−21.6%"", ""trigger"": ""牛肉亏损扩大到 $8 亿，鸡肉周期回落""}, {""name"": ""基准"", ""prob"": ""55%"", ""assumption"": ""EPS $4.05"", ""multiple"": ""13×"", ""price"": ""$53"", ""change"": ""+4.0%"", ""trigger"": ""牛肉亏损收窄至 $3–4 亿，与 FY26 大致持平""}, {""name"": ""乐观"", ""prob"": ""20%"", ""assumption"": ""EPS $4.60"", ""multiple"": ""15×"", ""price"": ""$68"", ""change"": ""+33.4%"", ""trigger"": ""牛群重建启动，牛肉分部转正""}]",本轮最新行情、最新公告及正常化估值未逐家确认
ACN,埃森哲,信息技术,条件关注,条件关注：TTM PE 14.1×（板块中位 29.1×），基准 +30% ÷ 悲观 −20% ≈ 1.49:1；最新季营收 +5.6%、毛利率 32.8%,价格 2026-09-29 收盘；财务截至 2026-05-31（单季，2026/Q3）；TTM = 最近四个单季稀释 EPS 之和（GAAP，已按拆股折算）；程序化情景规则见「研究标准」页，不是目标价。,177.12,142.0,230.0,1.505695,旧模型算术<2，非最新结论,,,保留旧结论；仅完成模型审计，未逐家公告复核,,,"[{""name"": ""悲观"", ""prob"": ""—"", ""assumption"": ""EPS 10.02（归一化 TTM 12.52 ×0.80）× 14.1×"", ""multiple"": ""14.1× PE"", ""price"": ""$142"", ""change"": ""-20%"", ""trigger"": ""最新季营收同比 <1% 或毛利率跌破 30%""}, {""name"": ""基准"", ""prob"": ""—"", ""assumption"": ""2027E EPS 13.01（归一化 TTM ×1.04，增速取最新季营收同比的 0.7 倍并限 −5%~+20%）× 17.7×"", ""multiple"": ""17.7× PE"", ""price"": ""$230"", ""change"": ""+30%"", ""trigger"": ""营收同比维持 ≥4%""}, {""name"": ""乐观"", ""prob"": ""—"", ""assumption"": ""EPS 14.50（归一化 TTM ×1.16）× 20.3×"", ""multiple"": ""20.3× PE"", ""price"": ""$295"", ""change"": ""+66%"", ""trigger"": ""营收同比升至 ≥8%""}]",本轮最新行情、最新公告及正常化估值未逐家确认
ADM,阿彻丹尼尔斯米德兰,日常消费,观察,观察：TTM PE 21.8×（板块中位 20.8×），基准 +3% ÷ 悲观 −51% ≈ 0.05:1；最新季营收 +7.2%、毛利率 8.5%,价格 2026-09-29 收盘；财务截至 2026-06-30（单季，2026/Q2）；TTM = 最近四个单季稀释 EPS 之和（GAAP，已按拆股折算）；程序化情景规则见「研究标准」页，不是目标价。,79.4,39.0,82.0,0.064356,旧模型算术<2，非最新结论,,,保留旧结论；仅完成模型审计，未逐家公告复核,,,"[{""name"": ""悲观"", ""prob"": ""—"", ""assumption"": ""EPS 3.10（归一化 TTM 3.65 ×0.85）× 12.5×"", ""multiple"": ""12.5× PE"", ""price"": ""$39"", ""change"": ""-51%"", ""trigger"": ""最新季营收同比 <2% 或毛利率跌破 6%""}, {""name"": ""基准"", ""prob"": ""—"", ""assumption"": ""2027E EPS 3.83（归一化 TTM ×1.05，增速取最新季营收同比的 0.7 倍并限 −5%~+20%）× 21.3×"", ""multiple"": ""21.3× PE"", ""price"": ""$82"", ""change"": ""+3%"", ""trigger"": ""营收同比维持 ≥5%""}, {""name"": ""乐观"", ""prob"": ""—"", ""assumption"": ""EPS 4.31（归一化 TTM ×1.18）× 24.5×"", ""multiple"": ""24.5× PE"", ""price"": ""$105"", ""change"": ""+33%"", ""trigger"": ""营收同比升至 ≥9%""}]",本轮最新行情、最新公告及正常化估值未逐家确认
ADP,自动数据处理,工业,观察,观察：TTM PE 23.9×（板块中位 26.9×），基准 +11% ÷ 悲观 −46% ≈ 0.25:1；最新季营收 +6.8%、毛利率 45.9%,价格 2026-09-29 收盘；财务截至 2026-06-30（单季，2025/Q4）；TTM = 最近四个单季稀释 EPS 之和（GAAP，已按拆股折算）；程序化情景规则见「研究标准」页，不是目标价。,261.8,141.0,291.0,0.241722,旧模型算术<2，非最新结论,,,保留旧结论；仅完成模型审计，未逐家公告复核,,,"[{""name"": ""悲观"", ""prob"": ""—"", ""assumption"": ""EPS 8.75（归一化 TTM 10.94 ×0.80）× 16.2×"", ""multiple"": ""16.2× PE"", ""price"": ""$141"", ""change"": ""-46%"", ""trigger"": ""最新季营收同比 <2% 或毛利率跌破 43%""}, {""name"": ""基准"", ""prob"": ""—"", ""assumption"": ""2027E EPS 11.46（归一化 TTM ×1.05，增速取最新季营收同比的 0.7 倍并限 −5%~+20%）× 25.4×"", ""multiple"": ""25.4× PE"", ""price"": ""$291"", ""change"": ""+11%"", ""trigger"": ""营收同比维持 ≥5%""}, {""name"": ""乐观"", ""prob"": ""—"", ""assumption"": ""EPS 12.85（归一化 TTM ×1.17）× 29.2×"", ""multiple"": ""29.2× PE"", ""price"": ""$376"", ""change"": ""+44%"", ""trigger"": ""营收同比升至 ≥9%""}]",本轮最新行情、最新公告及正常化估值未逐家确认
AEE,阿曼瑞恩,公用事业,观察,观察：TTM PE 17.6×（板块中位 19.3×），基准 +0% ÷ 悲观 −44% ≈ 0.01:1；最新季营收 -5.8%、毛利率 73.9%,价格 2026-09-29 收盘；财务截至 2026-06-30（单季，2026/Q2）；TTM = 最近四个单季稀释 EPS 之和（GAAP，已按拆股折算）；程序化情景规则见「研究标准」页，不是目标价。,100.25,56.0,101.0,0.016949,旧模型算术<2，非最新结论,,,保留旧结论；仅完成模型审计，未逐家公告复核,,,"[{""name"": ""悲观"", ""prob"": ""—"", ""assumption"": ""EPS 4.83（归一化 TTM 5.68 ×0.85）× 11.6×"", ""multiple"": ""11.6× PE"", ""price"": ""$56"", ""change"": ""-44%"", ""trigger"": ""最新季营收同比 <-11% 或毛利率跌破 71%""}, {""name"": ""基准"", ""prob"": ""—"", ""assumption"": ""2027E EPS 5.45（归一化 TTM ×0.96，增速取最新季营收同比的 0.7 倍并限 −5%~+20%）× 18.5×"", ""multiple"": ""18.5× PE"", ""price"": ""$101"", ""change"": ""+0%"", ""trigger"": ""营收同比维持 ≥0%""}, {""name"": ""乐观"", ""prob"": ""—"", ""assumption"": ""EPS 5.67（归一化 TTM ×1.00）× 21.3×"", ""multiple"": ""21.3× PE"", ""price"": ""$121"", ""change"": ""+20%"", ""trigger"": ""营收同比升至 ≥8%""}]",本轮最新行情、最新公告及正常化估值未逐家确认
AEP,美国电力,公用事业,观察,观察：TTM PE 20.6×（板块中位 19.3×），基准 +2% ÷ 悲观 −52% ≈ 0.03:1；最新季营收 +7.0%,价格 2026-09-29 收盘；财务截至 2026-06-30（单季，2026/Q2）；TTM = 最近四个单季稀释 EPS 之和（GAAP，已按拆股折算）；程序化情景规则见「研究标准」页，不是目标价。,119.3,57.0,121.0,0.027287,旧模型算术<2，非最新结论,,,保留旧结论；仅完成模型审计，未逐家公告复核,,,"[{""name"": ""悲观"", ""prob"": ""—"", ""assumption"": ""EPS 4.92（归一化 TTM 5.79 ×0.85）× 11.6×"", ""multiple"": ""11.6× PE"", ""price"": ""$57"", ""change"": ""-52%"", ""trigger"": ""最新季营收同比 <2%""}, {""name"": ""基准"", ""prob"": ""—"", ""assumption"": ""2027E EPS 6.08（归一化 TTM ×1.05，增速取最新季营收同比的 0.7 倍并限 −5%~+20%）× 20.0×"", ""multiple"": ""20.0× PE"", ""price"": ""$121"", ""change"": ""+2%"", ""trigger"": ""营收同比维持 ≥5%""}, {""name"": ""乐观"", ""prob"": ""—"", ""assumption"": ""EPS 6.83（归一化 TTM ×1.18）× 23.0×"", ""multiple"": ""23.0× PE"", ""price"": ""$157"", ""change"": ""+31%"", ""trigger"": ""营收同比升至 ≥9%""}]",本轮最新行情、最新公告及正常化估值未逐家确认
AES,爱依斯电力,公用事业,条件关注,条件关注：基准 +42% ÷ 悲观 −15% = 2.8:1，程序化情景下赔率达标；最新季营收 +19.9%、毛利率 20.2%,价格 2026-09-29 收盘；财务截至 2026-06-30（单季，2026/Q2）；TTM = 最近四个单季稀释 EPS 之和（GAAP，已按拆股折算）；程序化情景规则见「研究标准」页，不是目标价。,14.86,13.0,21.0,3.301075,旧模型算术≥2，非认证,14.8901,3.23258,观察（待重建）：转收购事件研究，撤回旧 $21 基准成长估值,3/2 官方收购公告：每股 $15 现金，预计 2026 年末或 2027 年初交割，仍有交割条件。现价距现金价仅 +0.74%（未计股息和时间）；旧 EPS×PE 外推 $21 不适用于正常交割。,https://www.aes.com/energy-insights/consortium-led-global-infrastructure-partners-and-eqt-agrees-acquire-aes,"[{""name"": ""悲观"", ""prob"": ""—"", ""assumption"": ""EPS 2.23（归一化 TTM 2.62 ×0.85）× 5.7×"", ""multiple"": ""5.7× PE"", ""price"": ""$13"", ""change"": ""-15%"", ""trigger"": ""最新季营收同比 <10% 或毛利率跌破 17%""}, {""name"": ""基准"", ""prob"": ""—"", ""assumption"": ""2027E EPS 2.98（归一化 TTM ×1.14，增速取最新季营收同比的 0.7 倍并限 −5%~+20%）× 7.1×"", ""multiple"": ""7.1× PE"", ""price"": ""$21"", ""change"": ""+42%"", ""trigger"": ""营收同比维持 ≥14%""}, {""name"": ""乐观"", ""prob"": ""—"", ""assumption"": ""EPS 3.56（归一化 TTM ×1.36）× 8.2×"", ""multiple"": ""8.2× PE"", ""price"": ""$29"", ""change"": ""+95%"", ""trigger"": ""营收同比升至 ≥26%""}]",本轮重点模型未认证
AIZ,安信龙保险,金融,观察,观察：TTM PE 12.6×（板块中位 14.8×），基准 +16% ÷ 悲观 −43% ≈ 0.37:1；最新季营收 +9.4%,价格 2026-09-29 收盘；财务截至 2026-06-30（单季，单季报）；TTM = 最近四个单季稀释 EPS 之和（GAAP，已按拆股折算）；程序化情景规则见「研究标准」页，不是目标价。,263.65,149.0,306.0,0.369385,旧模型算术<2，非最新结论,,,保留旧结论；仅完成模型审计，未逐家公告复核,,,"[{""name"": ""悲观"", ""prob"": ""—"", ""assumption"": ""EPS 16.75（归一化 TTM 20.94 ×0.80）× 8.9×"", ""multiple"": ""8.9× PE"", ""price"": ""$149"", ""change"": ""-43%"", ""trigger"": ""最新季营收同比 <4%""}, {""name"": ""基准"", ""prob"": ""—"", ""assumption"": ""2027E EPS 22.31（归一化 TTM ×1.07，增速取最新季营收同比的 0.7 倍并限 −5%~+20%）× 13.7×"", ""multiple"": ""13.7× PE"", ""price"": ""$306"", ""change"": ""+16%"", ""trigger"": ""营收同比维持 ≥7%""}, {""name"": ""乐观"", ""prob"": ""—"", ""assumption"": ""EPS 25.36（归一化 TTM ×1.21）× 15.8×"", ""multiple"": ""15.8× PE"", ""price"": ""$400"", ""change"": ""+52%"", ""trigger"": ""营收同比升至 ≥12%""}]",本轮最新行情、最新公告及正常化估值未逐家确认
AJG,安睿嘉尔,金融,观察,观察：TTM PE 37.8×（板块中位 14.8×），基准 -19% ÷ 悲观 −81%，不成立；最新季营收 +24.2%、毛利率 98.8%,价格 2026-09-29 收盘；财务截至 2026-06-30（单季，2026/Q2）；TTM = 最近四个单季稀释 EPS 之和（GAAP，已按拆股折算）；程序化情景规则见「研究标准」页，不是目标价。,227.75,43.0,186.0,-0.225981,旧模型无正基准上行,,,保留旧结论；仅完成模型审计，未逐家公告复核,,,"[{""name"": ""悲观"", ""prob"": ""—"", ""assumption"": ""EPS 4.82（归一化 TTM 6.03 ×0.80）× 8.9×"", ""multiple"": ""8.9× PE"", ""price"": ""$43"", ""change"": ""-81%"", ""trigger"": ""最新季营收同比 <12%""}, {""name"": ""基准"", ""prob"": ""—"", ""assumption"": ""2027E EPS 7.05（归一化 TTM ×1.17，增速取最新季营收同比的 0.7 倍并限 −5%~+20%）× 26.3×"", ""multiple"": ""26.3× PE"", ""price"": ""$186"", ""change"": ""-19%"", ""trigger"": ""营收同比维持 ≥17%""}, {""name"": ""乐观"", ""prob"": ""—"", ""assumption"": ""EPS 8.56（归一化 TTM ×1.42）× 30.3×"", ""multiple"": ""30.3× PE"", ""price"": ""$259"", ""change"": ""+14%"", ""trigger"": ""营收同比升至 ≥32%""}]",本轮最新行情、最新公告及正常化估值未逐家确认
AKAM,阿卡迈,信息技术,观察,观察：TTM PE 39.0×（板块中位 29.1×），基准 -9% ÷ 悲观 −64%，不成立；最新季营收 +5.4%、毛利率 55.8%,价格 2026-09-29 收盘；财务截至 2026-06-30（单季，2026/Q2）；TTM = 最近四个单季稀释 EPS 之和（GAAP，已按拆股折算）；程序化情景规则见「研究标准」页，不是目标价。,108.45,39.0,98.0,-0.150468,旧模型无正基准上行,,,保留旧结论；仅完成模型审计，未逐家公告复核,,,"[{""name"": ""悲观"", ""prob"": ""—"", ""assumption"": ""EPS 2.22（归一化 TTM 2.78 ×0.80）× 17.5×"", ""multiple"": ""17.5× PE"", ""price"": ""$39"", ""change"": ""-64%"", ""trigger"": ""最新季营收同比 <0% 或毛利率跌破 53%""}, {""name"": ""基准"", ""prob"": ""—"", ""assumption"": ""2027E EPS 2.88（归一化 TTM ×1.04，增速取最新季营收同比的 0.7 倍并限 −5%~+20%）× 34.1×"", ""multiple"": ""34.1× PE"", ""price"": ""$98"", ""change"": ""-9%"", ""trigger"": ""营收同比维持 ≥4%""}, {""name"": ""乐观"", ""prob"": ""—"", ""assumption"": ""EPS 3.21（归一化 TTM ×1.16）× 39.2×"", ""multiple"": ""39.2× PE"", ""price"": ""$126"", ""change"": ""+16%"", ""trigger"": ""营收同比升至 ≥8%""}]",本轮最新行情、最新公告及正常化估值未逐家确认
ALB,美国雅保,材料,观察,观察：TTM PE 398.6×（板块中位 24.3×），基准 -88% ÷ 悲观 −97%，不成立（数据稳定性存疑，见劣势）；最新季营收 +31.1%、毛利率 33.9%,价格 2026-09-29 收盘；财务截至 2026-06-30（单季，2026/Q2）；TTM = 最近四个单季稀释 EPS 之和（GAAP，已按拆股折算）；程序化情景规则见「研究标准」页，不是目标价。,107.62,3.0,13.0,-0.904416,旧模型无正基准上行,,,保留旧结论；仅完成模型审计，未逐家公告复核,,,"[{""name"": ""悲观"", ""prob"": ""—"", ""assumption"": ""EPS 0.19（归一化 TTM 0.27 ×0.70）× 14.6×"", ""multiple"": ""14.6× PE"", ""price"": ""$3"", ""change"": ""-97%"", ""trigger"": ""最新季营收同比 <16% 或毛利率跌破 31%""}, {""name"": ""基准"", ""prob"": ""—"", ""assumption"": ""2027E EPS 0.32（归一化 TTM ×1.20，增速取最新季营收同比的 0.7 倍并限 −5%~+20%）× 40.0×"", ""multiple"": ""40.0× PE"", ""price"": ""$13"", ""change"": ""-88%"", ""trigger"": ""营收同比维持 ≥22%""}, {""name"": ""乐观"", ""prob"": ""—"", ""assumption"": ""EPS 0.40（归一化 TTM ×1.48）× 46.0×"", ""multiple"": ""46.0× PE"", ""price"": ""$18"", ""change"": ""-83%"", ""trigger"": ""营收同比升至 ≥40%""}]",本轮最新行情、最新公告及正常化估值未逐家确认
ALLE,安朗杰,工业,观察,观察：TTM PE 20.4×（板块中位 26.9×），基准 +26% ÷ 悲观 −45% ≈ 0.59:1；最新季营收 +12.7%、毛利率 44.9%,价格 2026-09-29 收盘；财务截至 2026-06-30（单季，2026/Q2）；TTM = 最近四个单季稀释 EPS 之和（GAAP，已按拆股折算）；程序化情景规则见「研究标准」页，不是目标价。,155.43,86.0,196.0,0.58433,旧模型算术<2，非最新结论,,,保留旧结论；仅完成模型审计，未逐家公告复核,,,"[{""name"": ""悲观"", ""prob"": ""—"", ""assumption"": ""EPS 5.33（归一化 TTM 7.62 ×0.70）× 16.2×"", ""multiple"": ""16.2× PE"", ""price"": ""$86"", ""change"": ""-45%"", ""trigger"": ""最新季营收同比 <6% 或毛利率跌破 42%""}, {""name"": ""基准"", ""prob"": ""—"", ""assumption"": ""2027E EPS 8.30（归一化 TTM ×1.09，增速取最新季营收同比的 0.7 倍并限 −5%~+20%）× 23.7×"", ""multiple"": ""23.7× PE"", ""price"": ""$196"", ""change"": ""+26%"", ""trigger"": ""营收同比维持 ≥9%""}, {""name"": ""乐观"", ""prob"": ""—"", ""assumption"": ""EPS 9.58（归一化 TTM ×1.26）× 27.2×"", ""multiple"": ""27.2× PE"", ""price"": ""$261"", ""change"": ""+68%"", ""trigger"": ""营收同比升至 ≥16%""}]",本轮最新行情、最新公告及正常化估值未逐家确认
AMCR,Amcor,材料,观察,观察：TTM PE 22.1×（板块中位 24.3×），基准 +24% ÷ 悲观 −54% ≈ 0.45:1（数据稳定性存疑，见劣势）；最新季营收 +25.9%、毛利率 20.9%,价格 2026-09-29 收盘；财务截至 2026-06-30（单季，2025/Q4）；TTM = 最近四个单季稀释 EPS 之和（GAAP，已按拆股折算）；程序化情景规则见「研究标准」页，不是目标价。,42.46,20.0,53.0,0.469279,旧模型算术<2，非最新结论,,,保留旧结论；仅完成模型审计，未逐家公告复核,,,"[{""name"": ""悲观"", ""prob"": ""—"", ""assumption"": ""EPS 1.35（归一化 TTM 1.92 ×0.70）× 14.6×"", ""multiple"": ""14.6× PE"", ""price"": ""$20"", ""change"": ""-54%"", ""trigger"": ""最新季营收同比 <13% 或毛利率跌破 18%""}, {""name"": ""基准"", ""prob"": ""—"", ""assumption"": ""2027E EPS 2.27（归一化 TTM ×1.18，增速取最新季营收同比的 0.7 倍并限 −5%~+20%）× 23.2×"", ""multiple"": ""23.2× PE"", ""price"": ""$53"", ""change"": ""+24%"", ""trigger"": ""营收同比维持 ≥18%""}, {""name"": ""乐观"", ""prob"": ""—"", ""assumption"": ""EPS 2.77（归一化 TTM ×1.44）× 26.6×"", ""multiple"": ""26.6× PE"", ""price"": ""$74"", ""change"": ""+74%"", ""trigger"": ""营收同比升至 ≥34%""}]",本轮最新行情、最新公告及正常化估值未逐家确认
AME,阿美特克,工业,观察,观察：TTM PE 36.7×（板块中位 26.9×），基准 -4% ÷ 悲观 −65%，不成立；最新季营收 +15.0%、毛利率 36.0%,价格 2026-09-29 收盘；财务截至 2026-06-30（单季，2026/Q2）；TTM = 最近四个单季稀释 EPS 之和（GAAP，已按拆股折算）；程序化情景规则见「研究标准」页，不是目标价。,250.78,88.0,240.0,-0.066224,旧模型无正基准上行,,,保留旧结论；仅完成模型审计，未逐家公告复核,,,"[{""name"": ""悲观"", ""prob"": ""—"", ""assumption"": ""EPS 5.47（归一化 TTM 6.84 ×0.80）× 16.2×"", ""multiple"": ""16.2× PE"", ""price"": ""$88"", ""change"": ""-65%"", ""trigger"": ""最新季营收同比 <7% 或毛利率跌破 33%""}, {""name"": ""基准"", ""prob"": ""—"", ""assumption"": ""2027E EPS 7.56（归一化 TTM ×1.10，增速取最新季营收同比的 0.7 倍并限 −5%~+20%）× 31.8×"", ""multiple"": ""31.8× PE"", ""price"": ""$240"", ""change"": ""-4%"", ""trigger"": ""营收同比维持 ≥10%""}, {""name"": ""乐观"", ""prob"": ""—"", ""assumption"": ""EPS 8.82（归一化 TTM ×1.29）× 36.6×"", ""multiple"": ""36.6× PE"", ""price"": ""$323"", ""change"": ""+29%"", ""trigger"": ""营收同比升至 ≥19%""}]",本轮最新行情、最新公告及正常化估值未逐家确认
AMP,阿默普莱斯金融,金融,观察,观察：TTM PE 12.0×（板块中位 14.8×），基准 +22% ÷ 悲观 −41% ≈ 0.54:1；最新季营收 +12.9%,价格 2026-09-29 收盘；财务截至 2026-06-30（单季，单季报）；TTM = 最近四个单季稀释 EPS 之和（GAAP，已按拆股折算）；程序化情景规则见「研究标准」页，不是目标价。,497.32,295.0,607.0,0.542112,旧模型算术<2，非最新结论,,,保留旧结论；仅完成模型审计，未逐家公告复核,,,"[{""name"": ""悲观"", ""prob"": ""—"", ""assumption"": ""EPS 33.17（归一化 TTM 41.46 ×0.80）× 8.9×"", ""multiple"": ""8.9× PE"", ""price"": ""$295"", ""change"": ""-41%"", ""trigger"": ""最新季营收同比 <6%""}, {""name"": ""基准"", ""prob"": ""—"", ""assumption"": ""2027E EPS 45.21（归一化 TTM ×1.09，增速取最新季营收同比的 0.7 倍并限 −5%~+20%）× 13.4×"", ""multiple"": ""13.4× PE"", ""price"": ""$607"", ""change"": ""+22%"", ""trigger"": ""营收同比维持 ≥9%""}, {""name"": ""乐观"", ""prob"": ""—"", ""assumption"": ""EPS 52.27（归一化 TTM ×1.26）× 15.4×"", ""multiple"": ""15.4× PE"", ""price"": ""$807"", ""change"": ""+62%"", ""trigger"": ""营收同比升至 ≥17%""}]",本轮最新行情、最新公告及正常化估值未逐家确认
AMT,美国电塔,房地产,观察,观察：REIT 需 FFO 口径，本页不做估值判断；最新季营收 +4.7%、毛利率 73.0%,价格 2026-09-29 收盘；财务截至 2026-06-30（单季，2026/Q2）；TTM = 最近四个单季稀释 EPS 之和（GAAP，已按拆股折算）；程序化情景规则见「研究标准」页，不是目标价。,167.35,,,,无法统一计算（缺字段/无适用情景）,,,保留旧结论；仅完成模型审计，未逐家公告复核,,,[],本轮最新行情、最新公告及正常化估值未逐家确认
AON,怡安保险,金融,观察,观察：TTM PE 15.2×（板块中位 14.8×），基准 +0% ÷ 悲观 −53% ≈ 0.01:1；最新季营收 +2.2%,价格 2026-09-29 收盘；财务截至 2026-06-30（单季，单季报）；TTM = 最近四个单季稀释 EPS 之和（GAAP，已按拆股折算）；程序化情景规则见「研究标准」页，不是目标价。,275.9,129.0,277.0,0.007488,旧模型算术<2，非最新结论,,,保留旧结论；仅完成模型审计，未逐家公告复核,,,"[{""name"": ""悲观"", ""prob"": ""—"", ""assumption"": ""EPS 14.51（归一化 TTM 18.14 ×0.80）× 8.9×"", ""multiple"": ""8.9× PE"", ""price"": ""$129"", ""change"": ""-53%"", ""trigger"": ""最新季营收同比 <-3%""}, {""name"": ""基准"", ""prob"": ""—"", ""assumption"": ""2027E EPS 18.42（归一化 TTM ×1.02，增速取最新季营收同比的 0.7 倍并限 −5%~+20%）× 15.0×"", ""multiple"": ""15.0× PE"", ""price"": ""$277"", ""change"": ""+0%"", ""trigger"": ""营收同比维持 ≥2%""}, {""name"": ""乐观"", ""prob"": ""—"", ""assumption"": ""EPS 20.15（归一化 TTM ×1.11）× 17.3×"", ""multiple"": ""17.3× PE"", ""price"": ""$348"", ""change"": ""+26%"", ""trigger"": ""营收同比升至 ≥8%""}]",本轮最新行情、最新公告及正常化估值未逐家确认
AOS,A.O.史密斯,工业,观察,观察：TTM PE 16.1×（板块中位 26.9×），基准 +24% ÷ 悲观 −30% ≈ 0.81:1；最新季营收 -0.7%、毛利率 38.6%,价格 2026-09-29 收盘；财务截至 2026-06-30（单季，2026/Q2）；TTM = 最近四个单季稀释 EPS 之和（GAAP，已按拆股折算）；程序化情景规则见「研究标准」页，不是目标价。,58.02,41.0,72.0,0.821387,旧模型算术<2，非最新结论,,,保留旧结论；仅完成模型审计，未逐家公告复核,,,"[{""name"": ""悲观"", ""prob"": ""—"", ""assumption"": ""EPS 2.52（归一化 TTM 3.60 ×0.70）× 16.1×"", ""multiple"": ""16.1× PE"", ""price"": ""$41"", ""change"": ""-30%"", ""trigger"": ""最新季营收同比 <-6% 或毛利率跌破 36%""}, {""name"": ""基准"", ""prob"": ""—"", ""assumption"": ""2027E EPS 3.58（归一化 TTM ×1.00，增速取最新季营收同比的 0.7 倍并限 −5%~+20%）× 20.1×"", ""multiple"": ""20.1× PE"", ""price"": ""$72"", ""change"": ""+24%"", ""trigger"": ""营收同比维持 ≥0%""}, {""name"": ""乐观"", ""prob"": ""—"", ""assumption"": ""EPS 3.85（归一化 TTM ×1.07）× 23.2×"", ""multiple"": ""23.2× PE"", ""price"": ""$89"", ""change"": ""+54%"", ""trigger"": ""营收同比升至 ≥8%""}]",本轮最新行情、最新公告及正常化估值未逐家确认
APA,阿帕奇石油,能源,条件关注,条件关注：TTM PE 8.9×（板块中位 16.1×），基准 +33% ÷ 悲观 −30% ≈ 1.09:1；最新季营收 +9.0%、毛利率 81.6%,价格 2026-09-29 收盘；财务截至 2026-06-30（单季，2026/Q2）；TTM = 最近四个单季稀释 EPS 之和（GAAP，已按拆股折算）；程序化情景规则见「研究标准」页，不是目标价。,42.19,30.0,56.0,1.132896,旧模型算术<2，非最新结论,,,保留旧结论；仅完成模型审计，未逐家公告复核,,,"[{""name"": ""悲观"", ""prob"": ""—"", ""assumption"": ""EPS 3.31（归一化 TTM 4.73 ×0.70）× 8.9×"", ""multiple"": ""8.9× PE"", ""price"": ""$30"", ""change"": ""-30%"", ""trigger"": ""最新季营收同比 <4% 或毛利率跌破 79%""}, {""name"": ""基准"", ""prob"": ""—"", ""assumption"": ""2027E EPS 5.03（归一化 TTM ×1.06，增速取最新季营收同比的 0.7 倍并限 −5%~+20%）× 11.1×"", ""multiple"": ""11.1× PE"", ""price"": ""$56"", ""change"": ""+33%"", ""trigger"": ""营收同比维持 ≥6%""}, {""name"": ""乐观"", ""prob"": ""—"", ""assumption"": ""EPS 5.70（归一化 TTM ×1.21）× 12.8×"", ""multiple"": ""12.8× PE"", ""price"": ""$73"", ""change"": ""+73%"", ""trigger"": ""营收同比升至 ≥12%""}]",本轮最新行情、最新公告及正常化估值未逐家确认
APD,空气化工,材料,回避,回避：TTM 亏损，PE 不适用；最新季营收 +4.6%、毛利率 32.8%,价格 2026-09-29 收盘；财务截至 2026-06-30（单季，2026/Q3）；TTM = 最近四个单季稀释 EPS 之和（GAAP，已按拆股折算）；程序化情景规则见「研究标准」页，不是目标价。,279.19,,,,无法统一计算（缺字段/无适用情景）,,,保留旧结论；仅完成模型审计，未逐家公告复核,,,[],本轮最新行情、最新公告及正常化估值未逐家确认
APP,AppLovin,通信服务,观察,观察：TTM PE 23.5×（板块中位 17.1×），基准 +4% ÷ 悲观 −65% ≈ 0.06:1（数据稳定性存疑，见劣势）；最新季营收 +52.8%、毛利率 88.3%,价格 2026-09-29 收盘；财务截至 2026-06-30（单季，2026/Q2）；TTM = 最近四个单季稀释 EPS 之和（GAAP，已按拆股折算）；程序化情景规则见「研究标准」页，不是目标价。,305.66,107.0,317.0,0.057082,旧模型算术<2，非最新结论,,,保留旧结论；仅完成模型审计，未逐家公告复核,,,"[{""name"": ""悲观"", ""prob"": ""—"", ""assumption"": ""EPS 10.41（归一化 TTM 13.01 ×0.80）× 10.3×"", ""multiple"": ""10.3× PE"", ""price"": ""$107"", ""change"": ""-65%"", ""trigger"": ""最新季营收同比 <26% 或毛利率跌破 85%""}, {""name"": ""基准"", ""prob"": ""—"", ""assumption"": ""2027E EPS 15.61（归一化 TTM ×1.20，增速取最新季营收同比的 0.7 倍并限 −5%~+20%）× 20.3×"", ""multiple"": ""20.3× PE"", ""price"": ""$317"", ""change"": ""+4%"", ""trigger"": ""营收同比维持 ≥37%""}, {""name"": ""乐观"", ""prob"": ""—"", ""assumption"": ""EPS 19.25（归一化 TTM ×1.48）× 23.3×"", ""multiple"": ""23.3× PE"", ""price"": ""$449"", ""change"": ""+47%"", ""trigger"": ""营收同比升至 ≥69%""}]",本轮最新行情、最新公告及正常化估值未逐家确认
ARE,亚历山大房地产,房地产,观察,观察：TTM 亏损，PE 不适用；最新季营收 -13.0%,价格 2026-09-29 收盘；财务截至 2026-06-30（单季，单季报）；TTM = 最近四个单季稀释 EPS 之和（GAAP，已按拆股折算）；程序化情景规则见「研究标准」页，不是目标价。,48.47,,,,无法统一计算（缺字段/无适用情景）,,,保留旧结论；仅完成模型审计，未逐家公告复核,,,[],本轮最新行情、最新公告及正常化估值未逐家确认
ATO,Atmos Energy,公用事业,观察,观察：TTM PE 18.7×（板块中位 19.3×），基准 +5% ÷ 悲观 −57% ≈ 0.09:1；最新季营收 +4.8%、毛利率 99.1%,价格 2026-09-29 收盘；财务截至 2026-06-30（单季，2026/Q3）；TTM = 最近四个单季稀释 EPS 之和（GAAP，已按拆股折算）；程序化情景规则见「研究标准」页，不是目标价。,157.6,68.0,166.0,0.09375,旧模型算术<2，非最新结论,,,保留旧结论；仅完成模型审计，未逐家公告复核,,,"[{""name"": ""悲观"", ""prob"": ""—"", ""assumption"": ""EPS 5.90（归一化 TTM 8.43 ×0.70）× 11.6×"", ""multiple"": ""11.6× PE"", ""price"": ""$68"", ""change"": ""-57%"", ""trigger"": ""最新季营收同比 <0% 或毛利率跌破 96%""}, {""name"": ""基准"", ""prob"": ""—"", ""assumption"": ""2027E EPS 8.71（归一化 TTM ×1.03，增速取最新季营收同比的 0.7 倍并限 −5%~+20%）× 19.0×"", ""multiple"": ""19.0× PE"", ""price"": ""$166"", ""change"": ""+5%"", ""trigger"": ""营收同比维持 ≥3%""}, {""name"": ""乐观"", ""prob"": ""—"", ""assumption"": ""EPS 9.67（归一化 TTM ×1.15）× 21.9×"", ""multiple"": ""21.9× PE"", ""price"": ""$211"", ""change"": ""+34%"", ""trigger"": ""营收同比升至 ≥8%""}]",本轮最新行情、最新公告及正常化估值未逐家确认
AVY,艾利丹尼森,材料,观察,观察：TTM PE 18.7×（板块中位 24.3×），基准 +24% ÷ 悲观 −46% ≈ 0.52:1；最新季营收 +10.9%、毛利率 29.6%,价格 2026-09-29 收盘；财务截至 2026-06-30（单季，2026/Q2）；TTM = 最近四个单季稀释 EPS 之和（GAAP，已按拆股折算）；程序化情景规则见「研究标准」页，不是目标价。,170.78,93.0,211.0,0.5171,旧模型算术<2，非最新结论,,,保留旧结论；仅完成模型审计，未逐家公告复核,,,"[{""name"": ""悲观"", ""prob"": ""—"", ""assumption"": ""EPS 6.39（归一化 TTM 9.13 ×0.70）× 14.6×"", ""multiple"": ""14.6× PE"", ""price"": ""$93"", ""change"": ""-46%"", ""trigger"": ""最新季营收同比 <5% 或毛利率跌破 27%""}, {""name"": ""基准"", ""prob"": ""—"", ""assumption"": ""2027E EPS 9.83（归一化 TTM ×1.08，增速取最新季营收同比的 0.7 倍并限 −5%~+20%）× 21.5×"", ""multiple"": ""21.5× PE"", ""price"": ""$211"", ""change"": ""+24%"", ""trigger"": ""营收同比维持 ≥8%""}, {""name"": ""乐观"", ""prob"": ""—"", ""assumption"": ""EPS 11.26（归一化 TTM ×1.23）× 24.7×"", ""multiple"": ""24.7× PE"", ""price"": ""$278"", ""change"": ""+63%"", ""trigger"": ""营收同比升至 ≥14%""}]",本轮最新行情、最新公告及正常化估值未逐家确认
AWK,美国水业,公用事业,观察,观察：TTM PE 22.5×（板块中位 19.3×），基准 -3% ÷ 悲观 −56%，不成立；最新季营收 +6.2%,价格 2026-09-29 收盘；财务截至 2026-06-30（单季，2026/Q2）；TTM = 最近四个单季稀释 EPS 之和（GAAP，已按拆股折算）；程序化情景规则见「研究标准」页，不是目标价。,129.8,57.0,126.0,-0.052198,旧模型无正基准上行,,,保留旧结论；仅完成模型审计，未逐家公告复核,,,"[{""name"": ""悲观"", ""prob"": ""—"", ""assumption"": ""EPS 4.90（归一化 TTM 5.77 ×0.85）× 11.6×"", ""multiple"": ""11.6× PE"", ""price"": ""$57"", ""change"": ""-56%"", ""trigger"": ""最新季营收同比 <1%""}, {""name"": ""基准"", ""prob"": ""—"", ""assumption"": ""2027E EPS 6.02（归一化 TTM ×1.04，增速取最新季营收同比的 0.7 倍并限 −5%~+20%）× 20.9×"", ""multiple"": ""20.9× PE"", ""price"": ""$126"", ""change"": ""-3%"", ""trigger"": ""营收同比维持 ≥4%""}, {""name"": ""乐观"", ""prob"": ""—"", ""assumption"": ""EPS 6.73（归一化 TTM ×1.17）× 24.0×"", ""multiple"": ""24.0× PE"", ""price"": ""$162"", ""change"": ""+25%"", ""trigger"": ""营收同比升至 ≥8%""}]",本轮最新行情、最新公告及正常化估值未逐家确认
AXON,Axon Enterprise,工业,观察,观察：TTM PE 174.1×（板块中位 26.9×），基准 -72% ÷ 悲观 −93%，不成立（数据稳定性存疑，见劣势）；最新季营收 +35.3%、毛利率 60.4%,价格 2026-09-29 收盘；财务截至 2026-06-30（单季，2026/Q2）；TTM = 最近四个单季稀释 EPS 之和（GAAP，已按拆股折算）；程序化情景规则见「研究标准」页，不是目标价。,419.58,31.0,116.0,-0.781255,旧模型无正基准上行,,,保留旧结论；仅完成模型审计，未逐家公告复核,,,"[{""name"": ""悲观"", ""prob"": ""—"", ""assumption"": ""EPS 1.93（归一化 TTM 2.41 ×0.80）× 16.2×"", ""multiple"": ""16.2× PE"", ""price"": ""$31"", ""change"": ""-93%"", ""trigger"": ""最新季营收同比 <18% 或毛利率跌破 57%""}, {""name"": ""基准"", ""prob"": ""—"", ""assumption"": ""2027E EPS 2.89（归一化 TTM ×1.20，增速取最新季营收同比的 0.7 倍并限 −5%~+20%）× 40.0×"", ""multiple"": ""40.0× PE"", ""price"": ""$116"", ""change"": ""-72%"", ""trigger"": ""营收同比维持 ≥25%""}, {""name"": ""乐观"", ""prob"": ""—"", ""assumption"": ""EPS 3.57（归一化 TTM ×1.48）× 46.0×"", ""multiple"": ""46.0× PE"", ""price"": ""$164"", ""change"": ""-61%"", ""trigger"": ""营收同比升至 ≥46%""}]",本轮最新行情、最新公告及正常化估值未逐家确认
BA,波音,工业,观察,观察：TTM PE 81.2×（板块中位 26.9×），基准 -48% ÷ 悲观 −84%，不成立（数据稳定性存疑，见劣势）；最新季营收 +8.0%、毛利率 9.8%,价格 2026-09-29 收盘；财务截至 2026-06-30（单季，2026/Q2）；TTM = 最近四个单季稀释 EPS 之和（GAAP，已按拆股折算）；程序化情景规则见「研究标准」页，不是目标价。,187.68,30.0,98.0,-0.568747,旧模型无正基准上行,,,保留旧结论；仅完成模型审计，未逐家公告复核,,,"[{""name"": ""悲观"", ""prob"": ""—"", ""assumption"": ""EPS 1.85（归一化 TTM 2.31 ×0.80）× 16.2×"", ""multiple"": ""16.2× PE"", ""price"": ""$30"", ""change"": ""-84%"", ""trigger"": ""最新季营收同比 <3% 或毛利率跌破 7%""}, {""name"": ""基准"", ""prob"": ""—"", ""assumption"": ""2027E EPS 2.44（归一化 TTM ×1.06，增速取最新季营收同比的 0.7 倍并限 −5%~+20%）× 40.0×"", ""multiple"": ""40.0× PE"", ""price"": ""$98"", ""change"": ""-48%"", ""trigger"": ""营收同比维持 ≥6%""}, {""name"": ""乐观"", ""prob"": ""—"", ""assumption"": ""EPS 2.75（归一化 TTM ×1.19）× 46.0×"", ""multiple"": ""46.0× PE"", ""price"": ""$127"", ""change"": ""-33%"", ""trigger"": ""营收同比升至 ≥10%""}]",本轮最新行情、最新公告及正常化估值未逐家确认
BALL,鲍尔包装,材料,条件关注,条件关注：TTM PE 16.0×（板块中位 24.3×），基准 +42% ÷ 悲观 −36% ≈ 1.16:1；最新季营收 +19.7%、毛利率 17.4%,价格 2026-09-29 收盘；财务截至 2026-06-30（单季，2026/Q2）；TTM = 最近四个单季稀释 EPS 之和（GAAP，已按拆股折算）；程序化情景规则见「研究标准」页，不是目标价。,56.65,36.0,81.0,1.179177,旧模型算术<2，非最新结论,,,保留旧结论；仅完成模型审计，未逐家公告复核,,,"[{""name"": ""悲观"", ""prob"": ""—"", ""assumption"": ""EPS 2.47（归一化 TTM 3.53 ×0.70）× 14.6×"", ""multiple"": ""14.6× PE"", ""price"": ""$36"", ""change"": ""-36%"", ""trigger"": ""最新季营收同比 <10% 或毛利率跌破 14%""}, {""name"": ""基准"", ""prob"": ""—"", ""assumption"": ""2027E EPS 4.02（归一化 TTM ×1.14，增速取最新季营收同比的 0.7 倍并限 −5%~+20%）× 20.1×"", ""multiple"": ""20.1× PE"", ""price"": ""$81"", ""change"": ""+42%"", ""trigger"": ""营收同比维持 ≥14%""}, {""name"": ""乐观"", ""prob"": ""—"", ""assumption"": ""EPS 4.79（归一化 TTM ×1.36）× 23.1×"", ""multiple"": ""23.1× PE"", ""price"": ""$110"", ""change"": ""+95%"", ""trigger"": ""营收同比升至 ≥26%""}]",本轮最新行情、最新公告及正常化估值未逐家确认
BE,Bloom Energy,工业,观察,观察：TTM PE 386.0×（板块中位 26.9×），基准 -88% ÷ 悲观 −97%，不成立（数据稳定性存疑，见劣势）；最新季营收 +165.5%、毛利率 33.4%,价格 2026-09-29 收盘；财务截至 2026-06-30（单季，2026/Q2）；TTM = 最近四个单季稀释 EPS 之和（GAAP，已按拆股折算）；程序化情景规则见「研究标准」页，不是目标价。,291.25,10.0,36.0,-0.907556,旧模型无正基准上行,,,保留旧结论；仅完成模型审计，未逐家公告复核,,,"[{""name"": ""悲观"", ""prob"": ""—"", ""assumption"": ""EPS 0.60（归一化 TTM 0.75 ×0.80）× 16.2×"", ""multiple"": ""16.2× PE"", ""price"": ""$10"", ""change"": ""-97%"", ""trigger"": ""最新季营收同比 <83% 或毛利率跌破 30%""}, {""name"": ""基准"", ""prob"": ""—"", ""assumption"": ""2027E EPS 0.91（归一化 TTM ×1.20，增速取最新季营收同比的 0.7 倍并限 −5%~+20%）× 40.0×"", ""multiple"": ""40.0× PE"", ""price"": ""$36"", ""change"": ""-88%"", ""trigger"": ""营收同比维持 ≥116%""}, {""name"": ""乐观"", ""prob"": ""—"", ""assumption"": ""EPS 1.12（归一化 TTM ×1.48）× 46.0×"", ""multiple"": ""46.0× PE"", ""price"": ""$51"", ""change"": ""-82%"", ""trigger"": ""营收同比升至 ≥215%""}]",本轮最新行情、最新公告及正常化估值未逐家确认
BF.B,百富门-B,日常消费,观察,观察：TTM PE 17.0×（板块中位 20.8×），基准 +10% ÷ 悲观 −37% ≈ 0.27:1；最新季营收 -1.4%,价格 2026-09-29 收盘；财务截至 2026-07-31（单季，单季报）；TTM = 最近四个单季稀释 EPS 之和（GAAP，已按拆股折算）；程序化情景规则见「研究标准」页，不是目标价。,26.29,16.0,29.0,0.263362,旧模型算术<2，非最新结论,,,保留旧结论；仅完成模型审计，未逐家公告复核,,,"[{""name"": ""悲观"", ""prob"": ""—"", ""assumption"": ""EPS 1.32（归一化 TTM 1.55 ×0.85）× 12.5×"", ""multiple"": ""12.5× PE"", ""price"": ""$16"", ""change"": ""-37%"", ""trigger"": ""最新季营收同比 <-6%""}, {""name"": ""基准"", ""prob"": ""—"", ""assumption"": ""2027E EPS 1.53（归一化 TTM ×0.99，增速取最新季营收同比的 0.7 倍并限 −5%~+20%）× 18.9×"", ""multiple"": ""18.9× PE"", ""price"": ""$29"", ""change"": ""+10%"", ""trigger"": ""营收同比维持 ≥0%""}, {""name"": ""乐观"", ""prob"": ""—"", ""assumption"": ""EPS 1.64（归一化 TTM ×1.06）× 21.7×"", ""multiple"": ""21.7× PE"", ""price"": ""$36"", ""change"": ""+36%"", ""trigger"": ""营收同比升至 ≥8%""}]",本轮最新行情、最新公告及正常化估值未逐家确认
BG,邦吉,日常消费,观察,观察：TTM PE 21.0×（板块中位 20.8×），基准 +19% ÷ 悲观 −50% ≈ 0.39:1（数据稳定性存疑，见劣势）；最新季营收 +88.3%、毛利率 7.0%,价格 2026-09-29 收盘；财务截至 2026-06-30（单季，2026/Q2）；TTM = 最近四个单季稀释 EPS 之和（GAAP，已按拆股折算）；程序化情景规则见「研究标准」页，不是目标价。,108.14,55.0,129.0,0.392548,旧模型算术<2，非最新结论,,,保留旧结论；仅完成模型审计，未逐家公告复核,,,"[{""name"": ""悲观"", ""prob"": ""—"", ""assumption"": ""EPS 4.38（归一化 TTM 5.15 ×0.85）× 12.5×"", ""multiple"": ""12.5× PE"", ""price"": ""$55"", ""change"": ""-50%"", ""trigger"": ""最新季营收同比 <44% 或毛利率跌破 4%""}, {""name"": ""基准"", ""prob"": ""—"", ""assumption"": ""2027E EPS 6.18（归一化 TTM ×1.20，增速取最新季营收同比的 0.7 倍并限 −5%~+20%）× 20.9×"", ""multiple"": ""20.9× PE"", ""price"": ""$129"", ""change"": ""+19%"", ""trigger"": ""营收同比维持 ≥62%""}, {""name"": ""乐观"", ""prob"": ""—"", ""assumption"": ""EPS 7.62（归一化 TTM ×1.48）× 24.0×"", ""multiple"": ""24.0× PE"", ""price"": ""$183"", ""change"": ""+69%"", ""trigger"": ""营收同比升至 ≥115%""}]",本轮最新行情、最新公告及正常化估值未逐家确认
BKR,Baker Hughes,能源,观察,观察：TTM PE 18.0×（板块中位 16.1×），基准 -7% ÷ 悲观 −63%，不成立；最新季营收 -2.4%、毛利率 23.4%,价格 2026-09-29 收盘；财务截至 2026-06-30（单季，2026/Q2）；TTM = 最近四个单季稀释 EPS 之和（GAAP，已按拆股折算）；程序化情景规则见「研究标准」页，不是目标价。,55.92,21.0,52.0,-0.112257,旧模型无正基准上行,,,保留旧结论；仅完成模型审计，未逐家公告复核,,,"[{""name"": ""悲观"", ""prob"": ""—"", ""assumption"": ""EPS 2.17（归一化 TTM 3.10 ×0.70）× 9.7×"", ""multiple"": ""9.7× PE"", ""price"": ""$21"", ""change"": ""-63%"", ""trigger"": ""最新季营收同比 <-7% 或毛利率跌破 20%""}, {""name"": ""基准"", ""prob"": ""—"", ""assumption"": ""2027E EPS 3.05（归一化 TTM ×0.98，增速取最新季营收同比的 0.7 倍并限 −5%~+20%）× 17.1×"", ""multiple"": ""17.1× PE"", ""price"": ""$52"", ""change"": ""-7%"", ""trigger"": ""营收同比维持 ≥0%""}, {""name"": ""乐观"", ""prob"": ""—"", ""assumption"": ""EPS 3.24（归一化 TTM ×1.05）× 19.6×"", ""multiple"": ""19.6× PE"", ""price"": ""$64"", ""change"": ""+14%"", ""trigger"": ""营收同比升至 ≥8%""}]",本轮最新行情、最新公告及正常化估值未逐家确认
BNY,纽约梅隆银行,金融,观察,观察：TTM PE 17.1×（板块中位 14.8×），基准 +2% ÷ 悲观 −58% ≈ 0.04:1；最新季营收 +13.3%,价格 2026-09-29 收盘；财务截至 2026-06-30（单季，单季报）；TTM = 最近四个单季稀释 EPS 之和（GAAP，已按拆股折算）；程序化情景规则见「研究标准」页，不是目标价。,146.98,61.0,150.0,0.035124,旧模型算术<2，非最新结论,,,保留旧结论；仅完成模型审计，未逐家公告复核,,,"[{""name"": ""悲观"", ""prob"": ""—"", ""assumption"": ""EPS 6.87（归一化 TTM 8.59 ×0.80）× 8.9×"", ""multiple"": ""8.9× PE"", ""price"": ""$61"", ""change"": ""-58%"", ""trigger"": ""最新季营收同比 <7%""}, {""name"": ""基准"", ""prob"": ""—"", ""assumption"": ""2027E EPS 9.39（归一化 TTM ×1.09，增速取最新季营收同比的 0.7 倍并限 −5%~+20%）× 16.0×"", ""multiple"": ""16.0× PE"", ""price"": ""$150"", ""change"": ""+2%"", ""trigger"": ""营收同比维持 ≥9%""}, {""name"": ""乐观"", ""prob"": ""—"", ""assumption"": ""EPS 10.88（归一化 TTM ×1.27）× 18.4×"", ""multiple"": ""18.4× PE"", ""price"": ""$200"", ""change"": ""+36%"", ""trigger"": ""营收同比升至 ≥17%""}]",本轮最新行情、最新公告及正常化估值未逐家确认
BR,布罗德里奇金融,工业,条件关注,条件关注：TTM PE 16.7×（板块中位 26.9×），基准 +32% ÷ 悲观 −23% ≈ 1.38:1；最新季营收 +7.5%、毛利率 38.4%,价格 2026-09-29 收盘；财务截至 2026-06-30（单季，2025/Q4）；TTM = 最近四个单季稀释 EPS 之和（GAAP，已按拆股折算）；程序化情景规则见「研究标准」页，不是目标价。,160.95,124.0,212.0,1.381597,旧模型算术<2，非最新结论,,,保留旧结论；仅完成模型审计，未逐家公告复核,,,"[{""name"": ""悲观"", ""prob"": ""—"", ""assumption"": ""EPS 7.70（归一化 TTM 9.62 ×0.80）× 16.2×"", ""multiple"": ""16.2× PE"", ""price"": ""$124"", ""change"": ""-23%"", ""trigger"": ""最新季营收同比 <2% 或毛利率跌破 35%""}, {""name"": ""基准"", ""prob"": ""—"", ""assumption"": ""2027E EPS 10.12（归一化 TTM ×1.05，增速取最新季营收同比的 0.7 倍并限 −5%~+20%）× 20.9×"", ""multiple"": ""20.9× PE"", ""price"": ""$212"", ""change"": ""+32%"", ""trigger"": ""营收同比维持 ≥5%""}, {""name"": ""乐观"", ""prob"": ""—"", ""assumption"": ""EPS 11.40（归一化 TTM ×1.18）× 24.1×"", ""multiple"": ""24.1× PE"", ""price"": ""$274"", ""change"": ""+70%"", ""trigger"": ""营收同比升至 ≥10%""}]",本轮最新行情、最新公告及正常化估值未逐家确认
BRO,布朗保险,金融,观察,观察：TTM PE 19.1×（板块中位 14.8×），基准 +7% ÷ 悲观 −63% ≈ 0.11:1（数据稳定性存疑，见劣势）；最新季营收 +30.4%,价格 2026-09-29 收盘；财务截至 2026-06-30（单季，2026/Q2）；TTM = 最近四个单季稀释 EPS 之和（GAAP，已按拆股折算）；程序化情景规则见「研究标准」页，不是目标价。,60.6,23.0,65.0,0.117021,旧模型算术<2，非最新结论,,,保留旧结论；仅完成模型审计，未逐家公告复核,,,"[{""name"": ""悲观"", ""prob"": ""—"", ""assumption"": ""EPS 2.54（归一化 TTM 3.17 ×0.80）× 8.9×"", ""multiple"": ""8.9× PE"", ""price"": ""$23"", ""change"": ""-63%"", ""trigger"": ""最新季营收同比 <15%""}, {""name"": ""基准"", ""prob"": ""—"", ""assumption"": ""2027E EPS 3.80（归一化 TTM ×1.20，增速取最新季营收同比的 0.7 倍并限 −5%~+20%）× 17.0×"", ""multiple"": ""17.0× PE"", ""price"": ""$65"", ""change"": ""+7%"", ""trigger"": ""营收同比维持 ≥21%""}, {""name"": ""乐观"", ""prob"": ""—"", ""assumption"": ""EPS 4.69（归一化 TTM ×1.48）× 19.5×"", ""multiple"": ""19.5× PE"", ""price"": ""$92"", ""change"": ""+51%"", ""trigger"": ""营收同比升至 ≥40%""}]",本轮最新行情、最新公告及正常化估值未逐家确认
BX,黑石集团,金融,观察,观察：TTM PE 25.5×（板块中位 14.8×），基准 -5% ÷ 悲观 −72%，不成立（数据稳定性存疑，见劣势）；最新季营收 +35.9%,价格 2026-09-29 收盘；财务截至 2026-06-30（单季，单季报）；TTM = 最近四个单季稀释 EPS 之和（GAAP，已按拆股折算）；程序化情景规则见「研究标准」页，不是目标价。,114.0,32.0,108.0,-0.073171,旧模型无正基准上行,,,保留旧结论；仅完成模型审计，未逐家公告复核,,,"[{""name"": ""悲观"", ""prob"": ""—"", ""assumption"": ""EPS 3.58（归一化 TTM 4.47 ×0.80）× 8.9×"", ""multiple"": ""8.9× PE"", ""price"": ""$32"", ""change"": ""-72%"", ""trigger"": ""最新季营收同比 <18%""}, {""name"": ""基准"", ""prob"": ""—"", ""assumption"": ""2027E EPS 5.36（归一化 TTM ×1.20，增速取最新季营收同比的 0.7 倍并限 −5%~+20%）× 20.2×"", ""multiple"": ""20.2× PE"", ""price"": ""$108"", ""change"": ""-5%"", ""trigger"": ""营收同比维持 ≥25%""}, {""name"": ""乐观"", ""prob"": ""—"", ""assumption"": ""EPS 6.62（归一化 TTM ×1.48）× 23.2×"", ""multiple"": ""23.2× PE"", ""price"": ""$153"", ""change"": ""+35%"", ""trigger"": ""营收同比升至 ≥47%""}]",本轮最新行情、最新公告及正常化估值未逐家确认
BXP,"BXP, Inc.",房地产,观察,观察：REIT 需 FFO 口径，本页不做估值判断；最新季营收 +3.1%,价格 2026-09-29 收盘；财务截至 2026-06-30（单季，单季报）；TTM = 最近四个单季稀释 EPS 之和（GAAP，已按拆股折算）；程序化情景规则见「研究标准」页，不是目标价。,61.71,,,,无法统一计算（缺字段/无适用情景）,,,保留旧结论；仅完成模型审计，未逐家公告复核,,,[],本轮最新行情、最新公告及正常化估值未逐家确认
C,花旗集团,金融,观察,观察：TTM PE 14.1×（板块中位 14.8×），基准 +13% ÷ 悲观 −50% ≈ 0.26:1；最新季营收 +14.3%,价格 2026-09-29 收盘；财务截至 2026-06-30（单季，单季报）；TTM = 最近四个单季稀释 EPS 之和（GAAP，已按拆股折算）；程序化情景规则见「研究标准」页，不是目标价。,130.8,66.0,148.0,0.265432,旧模型算术<2，非最新结论,,,保留旧结论；仅完成模型审计，未逐家公告复核,,,"[{""name"": ""悲观"", ""prob"": ""—"", ""assumption"": ""EPS 7.41（归一化 TTM 9.26 ×0.80）× 8.9×"", ""multiple"": ""8.9× PE"", ""price"": ""$66"", ""change"": ""-50%"", ""trigger"": ""最新季营收同比 <7%""}, {""name"": ""基准"", ""prob"": ""—"", ""assumption"": ""2027E EPS 10.19（归一化 TTM ×1.10，增速取最新季营收同比的 0.7 倍并限 −5%~+20%）× 14.5×"", ""multiple"": ""14.5× PE"", ""price"": ""$148"", ""change"": ""+13%"", ""trigger"": ""营收同比维持 ≥10%""}, {""name"": ""乐观"", ""prob"": ""—"", ""assumption"": ""EPS 11.85（归一化 TTM ×1.28）× 16.7×"", ""multiple"": ""16.7× PE"", ""price"": ""$197"", ""change"": ""+51%"", ""trigger"": ""营收同比升至 ≥19%""}]",本轮最新行情、最新公告及正常化估值未逐家确认
CARR,Carrier Global,工业,观察,观察：TTM PE 38.5×（板块中位 26.9×），基准 -13% ÷ 悲观 −71%，不成立；最新季营收 +3.9%、毛利率 27.2%,价格 2026-09-29 收盘；财务截至 2026-06-30（单季，2026/Q2）；TTM = 最近四个单季稀释 EPS 之和（GAAP，已按拆股折算）；程序化情景规则见「研究标准」页，不是目标价。,55.38,16.0,48.0,-0.187405,旧模型无正基准上行,,,保留旧结论；仅完成模型审计，未逐家公告复核,,,"[{""name"": ""悲观"", ""prob"": ""—"", ""assumption"": ""EPS 1.01（归一化 TTM 1.44 ×0.70）× 16.2×"", ""multiple"": ""16.2× PE"", ""price"": ""$16"", ""change"": ""-71%"", ""trigger"": ""最新季营收同比 <-1% 或毛利率跌破 24%""}, {""name"": ""基准"", ""prob"": ""—"", ""assumption"": ""2027E EPS 1.48（归一化 TTM ×1.03，增速取最新季营收同比的 0.7 倍并限 −5%~+20%）× 32.7×"", ""multiple"": ""32.7× PE"", ""price"": ""$48"", ""change"": ""-13%"", ""trigger"": ""营收同比维持 ≥3%""}, {""name"": ""乐观"", ""prob"": ""—"", ""assumption"": ""EPS 1.63（归一化 TTM ×1.13）× 37.6×"", ""multiple"": ""37.6× PE"", ""price"": ""$61"", ""change"": ""+11%"", ""trigger"": ""营收同比升至 ≥8%""}]",本轮最新行情、最新公告及正常化估值未逐家确认
CASY,Casey's,日常消费,观察,观察：TTM PE 28.9×（板块中位 20.8×），基准 +1% ÷ 悲观 −63% ≈ 0.01:1；最新季营收 +24.3%、毛利率 21.8%,价格 2026-09-29 收盘；财务截至 2026-07-31（单季，2026/Q1）；TTM = 最近四个单季稀释 EPS 之和（GAAP，已按拆股折算）；程序化情景规则见「研究标准」页，不是目标价。,599.9,220.0,604.0,0.010792,旧模型算术<2，非最新结论,,,保留旧结论；仅完成模型审计，未逐家公告复核,,,"[{""name"": ""悲观"", ""prob"": ""—"", ""assumption"": ""EPS 17.65（归一化 TTM 20.76 ×0.85）× 12.5×"", ""multiple"": ""12.5× PE"", ""price"": ""$220"", ""change"": ""-63%"", ""trigger"": ""最新季营收同比 <12% 或毛利率跌破 19%""}, {""name"": ""基准"", ""prob"": ""—"", ""assumption"": ""2027E EPS 24.30（归一化 TTM ×1.17，增速取最新季营收同比的 0.7 倍并限 −5%~+20%）× 24.8×"", ""multiple"": ""24.8× PE"", ""price"": ""$604"", ""change"": ""+1%"", ""trigger"": ""营收同比维持 ≥17%""}, {""name"": ""乐观"", ""prob"": ""—"", ""assumption"": ""EPS 29.49（归一化 TTM ×1.42）× 28.6×"", ""multiple"": ""28.6× PE"", ""price"": ""$843"", ""change"": ""+40%"", ""trigger"": ""营收同比升至 ≥32%""}]",本轮最新行情、最新公告及正常化估值未逐家确认
CAT,卡特彼勒,工业,观察,观察：TTM PE 35.6×（板块中位 26.9×），基准 +3% ÷ 悲观 −68% ≈ 0.04:1；最新季营收 +24.0%、毛利率 37.8%,价格 2026-09-29 收盘；财务截至 2026-06-30（单季，2026/Q2）；TTM = 最近四个单季稀释 EPS 之和（GAAP，已按拆股折算）；程序化情景规则见「研究标准」页，不是目标价。,826.64,263.0,848.0,0.037897,旧模型算术<2，非最新结论,,,保留旧结论；仅完成模型审计，未逐家公告复核,,,"[{""name"": ""悲观"", ""prob"": ""—"", ""assumption"": ""EPS 16.27（归一化 TTM 23.24 ×0.70）× 16.2×"", ""multiple"": ""16.2× PE"", ""price"": ""$263"", ""change"": ""-68%"", ""trigger"": ""最新季营收同比 <12% 或毛利率跌破 35%""}, {""name"": ""基准"", ""prob"": ""—"", ""assumption"": ""2027E EPS 27.14（归一化 TTM ×1.17，增速取最新季营收同比的 0.7 倍并限 −5%~+20%）× 31.2×"", ""multiple"": ""31.2× PE"", ""price"": ""$848"", ""change"": ""+3%"", ""trigger"": ""营收同比维持 ≥17%""}, {""name"": ""乐观"", ""prob"": ""—"", ""assumption"": ""EPS 32.90（归一化 TTM ×1.42）× 35.9×"", ""multiple"": ""35.9× PE"", ""price"": ""$1182"", ""change"": ""+43%"", ""trigger"": ""营收同比升至 ≥31%""}]",本轮最新行情、最新公告及正常化估值未逐家确认
CBRE,世邦魏理仕,房地产,观察,观察：REIT 需 FFO 口径，本页不做估值判断；最新季营收 +15.5%、毛利率 18.6%,价格 2026-09-29 收盘；财务截至 2026-06-30（单季，2026/Q2）；TTM = 最近四个单季稀释 EPS 之和（GAAP，已按拆股折算）；程序化情景规则见「研究标准」页，不是目标价。,130.84,,,,无法统一计算（缺字段/无适用情景）,,,保留旧结论；仅完成模型审计，未逐家公告复核,,,[],本轮最新行情、最新公告及正常化估值未逐家确认
CCI,冠城,房地产,观察,观察：REIT 需 FFO 口径，本页不做估值判断；最新季营收 -4.9%、毛利率 73.4%,价格 2026-09-29 收盘；财务截至 2026-06-30（单季，2026/Q2）；TTM = 最近四个单季稀释 EPS 之和（GAAP，已按拆股折算）；程序化情景规则见「研究标准」页，不是目标价。,67.07,,,,无法统一计算（缺字段/无适用情景）,,,保留旧结论；仅完成模型审计，未逐家公告复核,,,[],本轮最新行情、最新公告及正常化估值未逐家确认
CDW,CDW Corporation,信息技术,条件关注,条件关注：TTM PE 15.6×（板块中位 29.1×），基准 +34% ÷ 悲观 −20% ≈ 1.69:1；最新季营收 +10.0%、毛利率 20.1%,价格 2026-09-29 收盘；财务截至 2026-06-30（单季，2026/Q2）；TTM = 最近四个单季稀释 EPS 之和（GAAP，已按拆股折算）；程序化情景规则见「研究标准」页，不是目标价。,129.71,104.0,173.0,1.683781,旧模型算术<2，非最新结论,,,保留旧结论；仅完成模型审计，未逐家公告复核,,,"[{""name"": ""悲观"", ""prob"": ""—"", ""assumption"": ""EPS 6.66（归一化 TTM 8.32 ×0.80）× 15.6×"", ""multiple"": ""15.6× PE"", ""price"": ""$104"", ""change"": ""-20%"", ""trigger"": ""最新季营收同比 <5% 或毛利率跌破 17%""}, {""name"": ""基准"", ""prob"": ""—"", ""assumption"": ""2027E EPS 8.90（归一化 TTM ×1.07，增速取最新季营收同比的 0.7 倍并限 −5%~+20%）× 19.5×"", ""multiple"": ""19.5× PE"", ""price"": ""$173"", ""change"": ""+34%"", ""trigger"": ""营收同比维持 ≥7%""}, {""name"": ""乐观"", ""prob"": ""—"", ""assumption"": ""EPS 10.15（归一化 TTM ×1.22）× 22.4×"", ""multiple"": ""22.4× PE"", ""price"": ""$227"", ""change"": ""+75%"", ""trigger"": ""营收同比升至 ≥13%""}]",本轮最新行情、最新公告及正常化估值未逐家确认
CEG,Constellation Energy,公用事业,观察,观察：TTM PE 25.8×（板块中位 19.3×），基准 +2% ÷ 悲观 −62% ≈ 0.03:1（数据稳定性存疑，见劣势）；最新季营收 +23.0%、毛利率 46.4%,价格 2026-09-29 收盘；财务截至 2026-06-30（单季，2026/Q2）；TTM = 最近四个单季稀释 EPS 之和（GAAP，已按拆股折算）；程序化情景规则见「研究标准」页，不是目标价。,264.58,101.0,269.0,0.02702,旧模型算术<2，非最新结论,,,保留旧结论；仅完成模型审计，未逐家公告复核,,,"[{""name"": ""悲观"", ""prob"": ""—"", ""assumption"": ""EPS 8.72（归一化 TTM 10.26 ×0.85）× 11.6×"", ""multiple"": ""11.6× PE"", ""price"": ""$101"", ""change"": ""-62%"", ""trigger"": ""最新季营收同比 <11% 或毛利率跌破 43%""}, {""name"": ""基准"", ""prob"": ""—"", ""assumption"": ""2027E EPS 11.91（归一化 TTM ×1.16，增速取最新季营收同比的 0.7 倍并限 −5%~+20%）× 22.6×"", ""multiple"": ""22.6× PE"", ""price"": ""$269"", ""change"": ""+2%"", ""trigger"": ""营收同比维持 ≥16%""}, {""name"": ""乐观"", ""prob"": ""—"", ""assumption"": ""EPS 14.38（归一化 TTM ×1.40）× 25.9×"", ""multiple"": ""25.9× PE"", ""price"": ""$373"", ""change"": ""+41%"", ""trigger"": ""营收同比升至 ≥30%""}]",本轮最新行情、最新公告及正常化估值未逐家确认
CF,CF实业,材料,条件关注,条件关注：TTM PE 8.6×（板块中位 24.3×），基准 +40% ÷ 悲观 −30% ≈ 1.35:1；最新季营收 +17.6%、毛利率 51.5%,价格 2026-09-29 收盘；财务截至 2026-06-30（单季，2026/Q2）；TTM = 最近四个单季稀释 EPS 之和（GAAP，已按拆股折算）；程序化情景规则见「研究标准」页，不是目标价。,115.71,81.0,162.0,1.333621,旧模型算术<2，非最新结论,,,保留旧结论；仅完成模型审计，未逐家公告复核,,,"[{""name"": ""悲观"", ""prob"": ""—"", ""assumption"": ""EPS 9.44（归一化 TTM 13.49 ×0.70）× 8.6×"", ""multiple"": ""8.6× PE"", ""price"": ""$81"", ""change"": ""-30%"", ""trigger"": ""最新季营收同比 <9% 或毛利率跌破 49%""}, {""name"": ""基准"", ""prob"": ""—"", ""assumption"": ""2027E EPS 15.15（归一化 TTM ×1.12，增速取最新季营收同比的 0.7 倍并限 −5%~+20%）× 10.7×"", ""multiple"": ""10.7× PE"", ""price"": ""$162"", ""change"": ""+40%"", ""trigger"": ""营收同比维持 ≥12%""}, {""name"": ""乐观"", ""prob"": ""—"", ""assumption"": ""EPS 17.89（归一化 TTM ×1.33）× 12.3×"", ""multiple"": ""12.3× PE"", ""price"": ""$221"", ""change"": ""+91%"", ""trigger"": ""营收同比升至 ≥23%""}]",本轮最新行情、最新公告及正常化估值未逐家确认
CHD,丘奇&德怀特,日常消费,观察,观察：TTM PE 30.5×（板块中位 20.8×），基准 -15% ÷ 悲观 −65%，不成立；最新季营收 +1.6%、毛利率 45.4%,价格 2026-09-29 收盘；财务截至 2026-06-30（单季，2026/Q2）；TTM = 最近四个单季稀释 EPS 之和（GAAP，已按拆股折算）；程序化情景规则见「研究标准」页，不是目标价。,94.95,33.0,81.0,-0.225182,旧模型无正基准上行,,,保留旧结论；仅完成模型审计，未逐家公告复核,,,"[{""name"": ""悲观"", ""prob"": ""—"", ""assumption"": ""EPS 2.64（归一化 TTM 3.11 ×0.85）× 12.5×"", ""multiple"": ""12.5× PE"", ""price"": ""$33"", ""change"": ""-65%"", ""trigger"": ""最新季营收同比 <-3% 或毛利率跌破 42%""}, {""name"": ""基准"", ""prob"": ""—"", ""assumption"": ""2027E EPS 3.14（归一化 TTM ×1.01，增速取最新季营收同比的 0.7 倍并限 −5%~+20%）× 25.7×"", ""multiple"": ""25.7× PE"", ""price"": ""$81"", ""change"": ""-15%"", ""trigger"": ""营收同比维持 ≥1%""}, {""name"": ""乐观"", ""prob"": ""—"", ""assumption"": ""EPS 3.43（归一化 TTM ×1.10）× 29.5×"", ""multiple"": ""29.5× PE"", ""price"": ""$101"", ""change"": ""+7%"", ""trigger"": ""营收同比升至 ≥8%""}]",本轮最新行情、最新公告及正常化估值未逐家确认
CHRW,罗宾逊全球物流,工业,观察,观察：TTM PE 28.6×（板块中位 26.9×），基准 +10% ÷ 悲观 −55% ≈ 0.19:1；最新季营收 +19.3%、毛利率 15.0%,价格 2026-09-29 收盘；财务截至 2026-06-30（单季，2026/Q2）；TTM = 最近四个单季稀释 EPS 之和（GAAP，已按拆股折算）；程序化情景规则见「研究标准」页，不是目标价。,149.71,68.0,165.0,0.187125,旧模型算术<2，非最新结论,,,保留旧结论；仅完成模型审计，未逐家公告复核,,,"[{""name"": ""悲观"", ""prob"": ""—"", ""assumption"": ""EPS 4.19（归一化 TTM 5.24 ×0.80）× 16.2×"", ""multiple"": ""16.2× PE"", ""price"": ""$68"", ""change"": ""-55%"", ""trigger"": ""最新季营收同比 <10% 或毛利率跌破 12%""}, {""name"": ""基准"", ""prob"": ""—"", ""assumption"": ""2027E EPS 5.95（归一化 TTM ×1.13，增速取最新季营收同比的 0.7 倍并限 −5%~+20%）× 27.7×"", ""multiple"": ""27.7× PE"", ""price"": ""$165"", ""change"": ""+10%"", ""trigger"": ""营收同比维持 ≥13%""}, {""name"": ""乐观"", ""prob"": ""—"", ""assumption"": ""EPS 7.07（归一化 TTM ×1.35）× 31.9×"", ""multiple"": ""31.9× PE"", ""price"": ""$226"", ""change"": ""+51%"", ""trigger"": ""营收同比升至 ≥25%""}]",本轮最新行情、最新公告及正常化估值未逐家确认
CHTR,特许通讯,通信服务,观察,观察：悲观情景价高于现价，赔率无意义，数据或假设需复核（TTM PE 2.9×）；最新季营收 -1.7%、毛利率 39.3%,价格 2026-09-29 收盘；财务截至 2026-06-30（单季，2026/Q2）；TTM = 最近四个单季稀释 EPS 之和（GAAP，已按拆股折算）；程序化情景规则见「研究标准」页，不是目标价。,110.67,154.0,266.0,,无有效悲观下行端，需重建,,,保留旧结论；仅完成模型审计，未逐家公告复核,,,"[{""name"": ""悲观"", ""prob"": ""—"", ""assumption"": ""EPS 30.81（归一化 TTM 38.51 ×0.80）× 5.0×"", ""multiple"": ""5.0× PE"", ""price"": ""$154"", ""change"": ""+39%"", ""trigger"": ""最新季营收同比 <-7% 或毛利率跌破 36%""}, {""name"": ""基准"", ""prob"": ""—"", ""assumption"": ""2027E EPS 38.04（归一化 TTM ×0.99，增速取最新季营收同比的 0.7 倍并限 −5%~+20%）× 7.0×"", ""multiple"": ""7.0× PE"", ""price"": ""$266"", ""change"": ""+141%"", ""trigger"": ""营收同比维持 ≥0%""}, {""name"": ""乐观"", ""prob"": ""—"", ""assumption"": ""EPS 40.65（归一化 TTM ×1.06）× 8.0×"", ""multiple"": ""8.0× PE"", ""price"": ""$327"", ""change"": ""+196%"", ""trigger"": ""营收同比升至 ≥8%""}]",本轮最新行情、最新公告及正常化估值未逐家确认
CIEN,Ciena科技,信息技术,观察,观察：TTM PE 63.3×（板块中位 29.1×），基准 -24% ÷ 悲观 −78%，不成立；最新季营收 +37.0%、毛利率 45.4%,价格 2026-09-29 收盘；财务截至 2026-08-01（单季，2026/Q3）；TTM = 最近四个单季稀释 EPS 之和（GAAP，已按拆股折算）；程序化情景规则见「研究标准」页，不是目标价。,354.92,78.0,269.0,-0.31027,旧模型无正基准上行,,,保留旧结论；仅完成模型审计，未逐家公告复核,,,"[{""name"": ""悲观"", ""prob"": ""—"", ""assumption"": ""EPS 4.48（归一化 TTM 5.60 ×0.80）× 17.5×"", ""multiple"": ""17.5× PE"", ""price"": ""$78"", ""change"": ""-78%"", ""trigger"": ""最新季营收同比 <19% 或毛利率跌破 42%""}, {""name"": ""基准"", ""prob"": ""—"", ""assumption"": ""2027E EPS 6.72（归一化 TTM ×1.20，增速取最新季营收同比的 0.7 倍并限 −5%~+20%）× 40.0×"", ""multiple"": ""40.0× PE"", ""price"": ""$269"", ""change"": ""-24%"", ""trigger"": ""营收同比维持 ≥26%""}, {""name"": ""乐观"", ""prob"": ""—"", ""assumption"": ""EPS 8.29（归一化 TTM ×1.48）× 46.0×"", ""multiple"": ""46.0× PE"", ""price"": ""$381"", ""change"": ""+7%"", ""trigger"": ""营收同比升至 ≥48%""}]",本轮最新行情、最新公告及正常化估值未逐家确认
CINF,辛辛那提金融,金融,条件关注,条件关注：基准 +50% ÷ 悲观 −20% = 2.5:1，程序化情景下赔率达标；最新季营收 +31.6%,价格 2026-09-29 收盘；财务截至 2026-06-30（单季，单季报）；TTM = 最近四个单季稀释 EPS 之和（GAAP，已按拆股折算）；程序化情景规则见「研究标准」页，不是目标价。,161.13,129.0,242.0,2.516962,旧模型算术≥2，非认证,161.12,2.518057,观察（待重建）：投资重估收益不可永久化，旧 GAAP 盈利外推失效,7/27 公告：Q2 GAAP EPS 8.05，但经营 EPS 1.43（上年 1.97），每股投资损益 6.62；旧 TTM 21.20→基准 EPS 25.44 把波动收益当增长，不能据此认证 $242。,https://investors.cinfin.com/2026-07-27-Cincinnati-Financial-Reports-Second-Quarter-2026-Results,"[{""name"": ""悲观"", ""prob"": ""—"", ""assumption"": ""EPS 16.96（归一化 TTM 21.20 ×0.80）× 7.6×"", ""multiple"": ""7.6× PE"", ""price"": ""$129"", ""change"": ""-20%"", ""trigger"": ""最新季营收同比 <16%""}, {""name"": ""基准"", ""prob"": ""—"", ""assumption"": ""2027E EPS 25.44（归一化 TTM ×1.20，增速取最新季营收同比的 0.7 倍并限 −5%~+20%）× 9.5×"", ""multiple"": ""9.5× PE"", ""price"": ""$242"", ""change"": ""+50%"", ""trigger"": ""营收同比维持 ≥22%""}, {""name"": ""乐观"", ""prob"": ""—"", ""assumption"": ""EPS 31.38（归一化 TTM ×1.48）× 10.9×"", ""multiple"": ""10.9× PE"", ""price"": ""$343"", ""change"": ""+113%"", ""trigger"": ""营收同比升至 ≥41%""}]",本轮重点模型未认证
CL,高露洁,日常消费,观察,观察：TTM PE 24.8×（板块中位 20.8×），基准 -5% ÷ 悲观 −57%，不成立；最新季营收 +4.9%、毛利率 61.5%,价格 2026-09-29 收盘；财务截至 2026-06-30（单季，2026/Q2）；TTM = 最近四个单季稀释 EPS 之和（GAAP，已按拆股折算）；程序化情景规则见「研究标准」页，不是目标价。,86.46,37.0,82.0,-0.090174,旧模型无正基准上行,,,保留旧结论；仅完成模型审计，未逐家公告复核,,,"[{""name"": ""悲观"", ""prob"": ""—"", ""assumption"": ""EPS 2.96（归一化 TTM 3.48 ×0.85）× 12.5×"", ""multiple"": ""12.5× PE"", ""price"": ""$37"", ""change"": ""-57%"", ""trigger"": ""最新季营收同比 <0% 或毛利率跌破 58%""}, {""name"": ""基准"", ""prob"": ""—"", ""assumption"": ""2027E EPS 3.60（归一化 TTM ×1.03，增速取最新季营收同比的 0.7 倍并限 −5%~+20%）× 22.8×"", ""multiple"": ""22.8× PE"", ""price"": ""$82"", ""change"": ""-5%"", ""trigger"": ""营收同比维持 ≥3%""}, {""name"": ""乐观"", ""prob"": ""—"", ""assumption"": ""EPS 4.00（归一化 TTM ×1.15）× 26.2×"", ""multiple"": ""26.2× PE"", ""price"": ""$105"", ""change"": ""+21%"", ""trigger"": ""营收同比升至 ≥8%""}]",本轮最新行情、最新公告及正常化估值未逐家确认
CLX,高乐氏,日常消费,观察,观察：TTM PE 16.9×（板块中位 20.8×），基准 +10% ÷ 悲观 −37% ≈ 0.26:1；最新季营收 -2.0%、毛利率 41.3%,价格 2026-09-29 收盘；财务截至 2026-06-30（单季，2025/Q4）；TTM = 最近四个单季稀释 EPS 之和（GAAP，已按拆股折算）；程序化情景规则见「研究标准」页，不是目标价。,81.6,51.0,90.0,0.27451,旧模型算术<2，非最新结论,,,保留旧结论；仅完成模型审计，未逐家公告复核,,,"[{""name"": ""悲观"", ""prob"": ""—"", ""assumption"": ""EPS 4.10（归一化 TTM 4.82 ×0.85）× 12.5×"", ""multiple"": ""12.5× PE"", ""price"": ""$51"", ""change"": ""-37%"", ""trigger"": ""最新季营收同比 <-7% 或毛利率跌破 38%""}, {""name"": ""基准"", ""prob"": ""—"", ""assumption"": ""2027E EPS 4.75（归一化 TTM ×0.99，增速取最新季营收同比的 0.7 倍并限 −5%~+20%）× 18.9×"", ""multiple"": ""18.9× PE"", ""price"": ""$90"", ""change"": ""+10%"", ""trigger"": ""营收同比维持 ≥0%""}, {""name"": ""乐观"", ""prob"": ""—"", ""assumption"": ""EPS 5.07（归一化 TTM ×1.05）× 21.7×"", ""multiple"": ""21.7× PE"", ""price"": ""$110"", ""change"": ""+35%"", ""trigger"": ""营收同比升至 ≥8%""}]",本轮最新行情、最新公告及正常化估值未逐家确认
CMCSA,康卡斯特,通信服务,条件关注,条件关注：TTM PE 7.0×（板块中位 17.1×），基准 +24% ÷ 悲观 −20% ≈ 1.20:1；最新季营收 -1.2%,价格 2026-09-29 收盘；财务截至 2026-06-30（单季，2026/Q2）；TTM = 最近四个单季稀释 EPS 之和（GAAP，已按拆股折算）；程序化情景规则见「研究标准」页，不是目标价。,21.6,17.0,27.0,1.173913,旧模型算术<2，非最新结论,,,保留旧结论；仅完成模型审计，未逐家公告复核,,,"[{""name"": ""悲观"", ""prob"": ""—"", ""assumption"": ""EPS 2.47（归一化 TTM 3.09 ×0.80）× 7.0×"", ""multiple"": ""7.0× PE"", ""price"": ""$17"", ""change"": ""-20%"", ""trigger"": ""最新季营收同比 <-6%""}, {""name"": ""基准"", ""prob"": ""—"", ""assumption"": ""2027E EPS 3.06（归一化 TTM ×0.99，增速取最新季营收同比的 0.7 倍并限 −5%~+20%）× 8.7×"", ""multiple"": ""8.7× PE"", ""price"": ""$27"", ""change"": ""+24%"", ""trigger"": ""营收同比维持 ≥0%""}, {""name"": ""乐观"", ""prob"": ""—"", ""assumption"": ""EPS 3.28（归一化 TTM ×1.06）× 10.0×"", ""multiple"": ""10.0× PE"", ""price"": ""$33"", ""change"": ""+53%"", ""trigger"": ""营收同比升至 ≥8%""}]",本轮最新行情、最新公告及正常化估值未逐家确认
CMI,康明斯,工业,观察,观察：TTM PE 26.6×（板块中位 26.9×），基准 +7% ÷ 悲观 −58% ≈ 0.12:1；最新季营收 +9.4%、毛利率 26.1%,价格 2026-09-29 收盘；财务截至 2026-06-30（单季，2026/Q2）；TTM = 最近四个单季稀释 EPS 之和（GAAP，已按拆股折算）；程序化情景规则见「研究标准」页，不是目标价。,521.37,221.0,559.0,0.125279,旧模型算术<2，非最新结论,,,保留旧结论；仅完成模型审计，未逐家公告复核,,,"[{""name"": ""悲观"", ""prob"": ""—"", ""assumption"": ""EPS 13.70（归一化 TTM 19.57 ×0.70）× 16.2×"", ""multiple"": ""16.2× PE"", ""price"": ""$221"", ""change"": ""-58%"", ""trigger"": ""最新季营收同比 <4% 或毛利率跌破 23%""}, {""name"": ""基准"", ""prob"": ""—"", ""assumption"": ""2027E EPS 20.86（归一化 TTM ×1.07，增速取最新季营收同比的 0.7 倍并限 −5%~+20%）× 26.8×"", ""multiple"": ""26.8× PE"", ""price"": ""$559"", ""change"": ""+7%"", ""trigger"": ""营收同比维持 ≥7%""}, {""name"": ""乐观"", ""prob"": ""—"", ""assumption"": ""EPS 23.72（归一化 TTM ×1.21）× 30.8×"", ""multiple"": ""30.8× PE"", ""price"": ""$730"", ""change"": ""+40%"", ""trigger"": ""营收同比升至 ≥12%""}]",本轮最新行情、最新公告及正常化估值未逐家确认
CMS,CMS能源,公用事业,观察,观察：TTM PE 19.1×（板块中位 19.3×），基准 +0% ÷ 悲观 −48% ≈ 0.01:1；最新季营收 -0.5%、毛利率 88.0%,价格 2026-09-29 收盘；财务截至 2026-06-30（单季，2026/Q2）；TTM = 最近四个单季稀释 EPS 之和（GAAP，已按拆股折算）；程序化情景规则见「研究标准」页，不是目标价。,63.45,33.0,64.0,0.018062,旧模型算术<2，非最新结论,,,保留旧结论；仅完成模型审计，未逐家公告复核,,,"[{""name"": ""悲观"", ""prob"": ""—"", ""assumption"": ""EPS 2.83（归一化 TTM 3.33 ×0.85）× 11.6×"", ""multiple"": ""11.6× PE"", ""price"": ""$33"", ""change"": ""-48%"", ""trigger"": ""最新季营收同比 <-5% 或毛利率跌破 85%""}, {""name"": ""基准"", ""prob"": ""—"", ""assumption"": ""2027E EPS 3.32（归一化 TTM ×1.00，增速取最新季营收同比的 0.7 倍并限 −5%~+20%）× 19.2×"", ""multiple"": ""19.2× PE"", ""price"": ""$64"", ""change"": ""+0%"", ""trigger"": ""营收同比维持 ≥0%""}, {""name"": ""乐观"", ""prob"": ""—"", ""assumption"": ""EPS 3.57（归一化 TTM ×1.07）× 22.1×"", ""multiple"": ""22.1× PE"", ""price"": ""$79"", ""change"": ""+24%"", ""trigger"": ""营收同比升至 ≥8%""}]",本轮最新行情、最新公告及正常化估值未逐家确认
CNC,康西哥,医疗保健,回避,回避：TTM 亏损，PE 不适用；最新季营收 +9.9%、毛利率 25.8%,价格 2026-09-29 收盘；财务截至 2026-06-30（单季，2026/Q2）；TTM = 最近四个单季稀释 EPS 之和（GAAP，已按拆股折算）；程序化情景规则见「研究标准」页，不是目标价。,62.21,,,,无法统一计算（缺字段/无适用情景）,,,保留旧结论；仅完成模型审计，未逐家公告复核,,,[],本轮最新行情、最新公告及正常化估值未逐家确认
CNP,中点能源,公用事业,观察,观察：TTM PE 21.7×（板块中位 19.3×），基准 +2% ÷ 悲观 −55% ≈ 0.03:1；最新季营收 +10.7%、毛利率 86.9%,价格 2026-09-29 收盘；财务截至 2026-06-30（单季，2026/Q2）；TTM = 最近四个单季稀释 EPS 之和（GAAP，已按拆股折算）；程序化情景规则见「研究标准」页，不是目标价。,36.94,17.0,38.0,0.053159,旧模型算术<2，非最新结论,,,保留旧结论；仅完成模型审计，未逐家公告复核,,,"[{""name"": ""悲观"", ""prob"": ""—"", ""assumption"": ""EPS 1.45（归一化 TTM 1.70 ×0.85）× 11.6×"", ""multiple"": ""11.6× PE"", ""price"": ""$17"", ""change"": ""-55%"", ""trigger"": ""最新季营收同比 <5% 或毛利率跌破 84%""}, {""name"": ""基准"", ""prob"": ""—"", ""assumption"": ""2027E EPS 1.83（归一化 TTM ×1.07，增速取最新季营收同比的 0.7 倍并限 −5%~+20%）× 20.5×"", ""multiple"": ""20.5× PE"", ""price"": ""$38"", ""change"": ""+2%"", ""trigger"": ""营收同比维持 ≥7%""}, {""name"": ""乐观"", ""prob"": ""—"", ""assumption"": ""EPS 2.09（归一化 TTM ×1.23）× 23.6×"", ""multiple"": ""23.6× PE"", ""price"": ""$49"", ""change"": ""+34%"", ""trigger"": ""营收同比升至 ≥14%""}]",本轮最新行情、最新公告及正常化估值未逐家确认
COHR,Coherent Corp.,信息技术,观察,观察：TTM PE 71.1×（板块中位 29.1×），基准 -32% ÷ 悲观 −80%，不成立（数据稳定性存疑，见劣势）；最新季营收 +33.7%、毛利率 38.5%,价格 2026-09-29 收盘；财务截至 2026-06-30（单季，2025/Q4）；TTM = 最近四个单季稀释 EPS 之和（GAAP，已按拆股折算）；程序化情景规则见「研究标准」页，不是目标价。,292.21,57.0,197.0,-0.404787,旧模型无正基准上行,,,保留旧结论；仅完成模型审计，未逐家公告复核,,,"[{""name"": ""悲观"", ""prob"": ""—"", ""assumption"": ""EPS 3.29（归一化 TTM 4.11 ×0.80）× 17.5×"", ""multiple"": ""17.5× PE"", ""price"": ""$57"", ""change"": ""-80%"", ""trigger"": ""最新季营收同比 <17% 或毛利率跌破 35%""}, {""name"": ""基准"", ""prob"": ""—"", ""assumption"": ""2027E EPS 4.93（归一化 TTM ×1.20，增速取最新季营收同比的 0.7 倍并限 −5%~+20%）× 40.0×"", ""multiple"": ""40.0× PE"", ""price"": ""$197"", ""change"": ""-32%"", ""trigger"": ""营收同比维持 ≥24%""}, {""name"": ""乐观"", ""prob"": ""—"", ""assumption"": ""EPS 6.08（归一化 TTM ×1.48）× 46.0×"", ""multiple"": ""46.0× PE"", ""price"": ""$280"", ""change"": ""-4%"", ""trigger"": ""营收同比升至 ≥44%""}]",本轮最新行情、最新公告及正常化估值未逐家确认
COP,康菲石油,能源,观察,观察：TTM PE 16.6×（板块中位 16.1×），基准 +18% ÷ 悲观 −59% ≈ 0.31:1；最新季营收 +32.4%、毛利率 37.5%,价格 2026-09-29 收盘；财务截至 2026-06-30（单季，2026/Q2）；TTM = 最近四个单季稀释 EPS 之和（GAAP，已按拆股折算）；程序化情景规则见「研究标准」页，不是目标价。,125.44,51.0,148.0,0.303063,旧模型算术<2，非最新结论,,,保留旧结论；仅完成模型审计，未逐家公告复核,,,"[{""name"": ""悲观"", ""prob"": ""—"", ""assumption"": ""EPS 5.29（归一化 TTM 7.56 ×0.70）× 9.7×"", ""multiple"": ""9.7× PE"", ""price"": ""$51"", ""change"": ""-59%"", ""trigger"": ""最新季营收同比 <16% 或毛利率跌破 35%""}, {""name"": ""基准"", ""prob"": ""—"", ""assumption"": ""2027E EPS 9.07（归一化 TTM ×1.20，增速取最新季营收同比的 0.7 倍并限 −5%~+20%）× 16.3×"", ""multiple"": ""16.3× PE"", ""price"": ""$148"", ""change"": ""+18%"", ""trigger"": ""营收同比维持 ≥23%""}, {""name"": ""乐观"", ""prob"": ""—"", ""assumption"": ""EPS 11.19（归一化 TTM ×1.48）× 18.8×"", ""multiple"": ""18.8× PE"", ""price"": ""$210"", ""change"": ""+68%"", ""trigger"": ""营收同比升至 ≥42%""}]",本轮最新行情、最新公告及正常化估值未逐家确认
COST,开市客,日常消费,观察,观察：TTM PE 44.5×（板块中位 20.8×），基准 -21% ÷ 悲观 −76%，不成立；最新季营收 +11.1%、毛利率 12.7%,价格 2026-09-29 收盘；财务截至 2026-08-30（单季，2026/Q4）；TTM = 最近四个单季稀释 EPS 之和（GAAP，已按拆股折算）；程序化情景规则见「研究标准」页，不是目标价。,924.59,220.0,731.0,-0.274756,旧模型无正基准上行,,,保留旧结论；仅完成模型审计，未逐家公告复核,,,"[{""name"": ""悲观"", ""prob"": ""—"", ""assumption"": ""EPS 17.65（归一化 TTM 20.76 ×0.85）× 12.5×"", ""multiple"": ""12.5× PE"", ""price"": ""$220"", ""change"": ""-76%"", ""trigger"": ""最新季营收同比 <6% 或毛利率跌破 10%""}, {""name"": ""基准"", ""prob"": ""—"", ""assumption"": ""2027E EPS 22.37（归一化 TTM ×1.08，增速取最新季营收同比的 0.7 倍并限 −5%~+20%）× 32.7×"", ""multiple"": ""32.7× PE"", ""price"": ""$731"", ""change"": ""-21%"", ""trigger"": ""营收同比维持 ≥8%""}, {""name"": ""乐观"", ""prob"": ""—"", ""assumption"": ""EPS 25.65（归一化 TTM ×1.24）× 37.6×"", ""multiple"": ""37.6× PE"", ""price"": ""$963"", ""change"": ""+4%"", ""trigger"": ""营收同比升至 ≥14%""}]",本轮最新行情、最新公告及正常化估值未逐家确认
CPRT,科帕特,工业,条件关注,条件关注：TTM PE 17.5×（板块中位 26.9×），基准 +27% ÷ 悲观 −26% ≈ 1.03:1；最新季营收 +2.4%、毛利率 41.8%,价格 2026-09-29 收盘；财务截至 2026-07-31（单季，2026/Q4）；TTM = 最近四个单季稀释 EPS 之和（GAAP，已按拆股折算）；程序化情景规则见「研究标准」页，不是目标价。,27.14,20.0,35.0,1.10084,旧模型算术<2，非最新结论,,,保留旧结论；仅完成模型审计，未逐家公告复核,,,"[{""name"": ""悲观"", ""prob"": ""—"", ""assumption"": ""EPS 1.24（归一化 TTM 1.55 ×0.80）× 16.2×"", ""multiple"": ""16.2× PE"", ""price"": ""$20"", ""change"": ""-26%"", ""trigger"": ""最新季营收同比 <-3% 或毛利率跌破 39%""}, {""name"": ""基准"", ""prob"": ""—"", ""assumption"": ""2027E EPS 1.58（归一化 TTM ×1.02，增速取最新季营收同比的 0.7 倍并限 −5%~+20%）× 21.9×"", ""multiple"": ""21.9× PE"", ""price"": ""$35"", ""change"": ""+27%"", ""trigger"": ""营收同比维持 ≥2%""}, {""name"": ""乐观"", ""prob"": ""—"", ""assumption"": ""EPS 1.73（归一化 TTM ×1.11）× 25.2×"", ""multiple"": ""25.2× PE"", ""price"": ""$43"", ""change"": ""+60%"", ""trigger"": ""营收同比升至 ≥8%""}]",本轮最新行情、最新公告及正常化估值未逐家确认
CPT,卡姆登物业信托,房地产,观察,观察：REIT 需 FFO 口径，本页不做估值判断；最新季营收 +0.3%,价格 2026-09-29 收盘；财务截至 2026-06-30（单季，单季报）；TTM = 最近四个单季稀释 EPS 之和（GAAP，已按拆股折算）；程序化情景规则见「研究标准」页，不是目标价。,98.46,,,,无法统一计算（缺字段/无适用情景）,,,保留旧结论；仅完成模型审计，未逐家公告复核,,,[],本轮最新行情、最新公告及正常化估值未逐家确认
CRH,CRH水泥,材料,观察,观察：TTM PE 11.3×（板块中位 24.3×），基准 +30% ÷ 悲观 −30% ≈ 1.00:1；最新季营收 +5.6%、毛利率 39.8%,价格 2026-09-29 收盘；财务截至 2026-06-30（单季，2026/Q2）；TTM = 最近四个单季稀释 EPS 之和（GAAP，已按拆股折算）；程序化情景规则见「研究标准」页，不是目标价。,84.53,59.0,110.0,0.99765,旧模型算术<2，非最新结论,,,保留旧结论；仅完成模型审计，未逐家公告复核,,,"[{""name"": ""悲观"", ""prob"": ""—"", ""assumption"": ""EPS 5.23（归一化 TTM 7.47 ×0.70）× 11.3×"", ""multiple"": ""11.3× PE"", ""price"": ""$59"", ""change"": ""-30%"", ""trigger"": ""最新季营收同比 <1% 或毛利率跌破 37%""}, {""name"": ""基准"", ""prob"": ""—"", ""assumption"": ""2027E EPS 7.76（归一化 TTM ×1.04，增速取最新季营收同比的 0.7 倍并限 −5%~+20%）× 14.1×"", ""multiple"": ""14.1× PE"", ""price"": ""$110"", ""change"": ""+30%"", ""trigger"": ""营收同比维持 ≥4%""}, {""name"": ""乐观"", ""prob"": ""—"", ""assumption"": ""EPS 8.65（归一化 TTM ×1.16）× 16.3×"", ""multiple"": ""16.3× PE"", ""price"": ""$141"", ""change"": ""+67%"", ""trigger"": ""营收同比升至 ≥8%""}]",本轮最新行情、最新公告及正常化估值未逐家确认
CSGP,科斯塔,房地产,观察,观察：REIT 需 FFO 口径，本页不做估值判断；最新季营收 +18.4%、毛利率 78.7%,价格 2026-09-29 收盘；财务截至 2026-06-30（单季，2026/Q2）；TTM = 最近四个单季稀释 EPS 之和（GAAP，已按拆股折算）；程序化情景规则见「研究标准」页，不是目标价。,26.95,,,,无法统一计算（缺字段/无适用情景）,,,保留旧结论；仅完成模型审计，未逐家公告复核,,,[],本轮最新行情、最新公告及正常化估值未逐家确认
CSX,CSX运输,工业,观察,观察：TTM PE 27.1×（板块中位 26.9×），基准 +7% ÷ 悲观 −52% ≈ 0.13:1；最新季营收 +10.1%、毛利率 88.7%,价格 2026-09-29 收盘；财务截至 2026-06-30（单季，2026/Q2）；TTM = 最近四个单季稀释 EPS 之和（GAAP，已按拆股折算）；程序化情景规则见「研究标准」页，不是目标价。,46.93,22.0,50.0,0.123145,旧模型算术<2，非最新结论,,,保留旧结论；仅完成模型审计，未逐家公告复核,,,"[{""name"": ""悲观"", ""prob"": ""—"", ""assumption"": ""EPS 1.38（归一化 TTM 1.73 ×0.80）× 16.2×"", ""multiple"": ""16.2× PE"", ""price"": ""$22"", ""change"": ""-52%"", ""trigger"": ""最新季营收同比 <5% 或毛利率跌破 86%""}, {""name"": ""基准"", ""prob"": ""—"", ""assumption"": ""2027E EPS 1.85（归一化 TTM ×1.07，增速取最新季营收同比的 0.7 倍并限 −5%~+20%）× 27.0×"", ""multiple"": ""27.0× PE"", ""price"": ""$50"", ""change"": ""+7%"", ""trigger"": ""营收同比维持 ≥7%""}, {""name"": ""乐观"", ""prob"": ""—"", ""assumption"": ""EPS 2.11（归一化 TTM ×1.22）× 31.1×"", ""multiple"": ""31.1× PE"", ""price"": ""$66"", ""change"": ""+40%"", ""trigger"": ""营收同比升至 ≥13%""}]",本轮最新行情、最新公告及正常化估值未逐家确认
CTAS,信达思,工业,观察,观察：TTM PE 39.0×（板块中位 26.9×），基准 -9% ÷ 悲观 −67%，不成立；最新季营收 +10.9%、毛利率 51.5%,价格 2026-09-29 收盘；财务截至 2026-08-31（单季，2026/Q1）；TTM = 最近四个单季稀释 EPS 之和（GAAP，已按拆股折算）；程序化情景规则见「研究标准」页，不是目标价。,197.74,66.0,180.0,-0.134659,旧模型无正基准上行,,,保留旧结论；仅完成模型审计，未逐家公告复核,,,"[{""name"": ""悲观"", ""prob"": ""—"", ""assumption"": ""EPS 4.06（归一化 TTM 5.07 ×0.80）× 16.2×"", ""multiple"": ""16.2× PE"", ""price"": ""$66"", ""change"": ""-67%"", ""trigger"": ""最新季营收同比 <5% 或毛利率跌破 49%""}, {""name"": ""基准"", ""prob"": ""—"", ""assumption"": ""2027E EPS 5.46（归一化 TTM ×1.08，增速取最新季营收同比的 0.7 倍并限 −5%~+20%）× 33.0×"", ""multiple"": ""33.0× PE"", ""price"": ""$180"", ""change"": ""-9%"", ""trigger"": ""营收同比维持 ≥8%""}, {""name"": ""乐观"", ""prob"": ""—"", ""assumption"": ""EPS 6.25（归一化 TTM ×1.23）× 37.9×"", ""multiple"": ""37.9× PE"", ""price"": ""$237"", ""change"": ""+20%"", ""trigger"": ""营收同比升至 ≥14%""}]",本轮最新行情、最新公告及正常化估值未逐家确认
CTSH,高知特,信息技术,条件关注,条件关注：TTM PE 12.2×（板块中位 29.1×），基准 +29% ÷ 悲观 −20% ≈ 1.45:1；最新季营收 +4.5%、毛利率 33.4%,价格 2026-09-29 收盘；财务截至 2026-06-30（单季，2026/Q2）；TTM = 最近四个单季稀释 EPS 之和（GAAP，已按拆股折算）；程序化情景规则见「研究标准」页，不是目标价。,56.84,45.0,73.0,1.364865,旧模型算术<2，非最新结论,,,保留旧结论；仅完成模型审计，未逐家公告复核,,,"[{""name"": ""悲观"", ""prob"": ""—"", ""assumption"": ""EPS 3.72（归一化 TTM 4.65 ×0.80）× 12.2×"", ""multiple"": ""12.2× PE"", ""price"": ""$45"", ""change"": ""-20%"", ""trigger"": ""最新季营收同比 <-1% 或毛利率跌破 30%""}, {""name"": ""基准"", ""prob"": ""—"", ""assumption"": ""2027E EPS 4.80（归一化 TTM ×1.03，增速取最新季营收同比的 0.7 倍并限 −5%~+20%）× 15.3×"", ""multiple"": ""15.3× PE"", ""price"": ""$73"", ""change"": ""+29%"", ""trigger"": ""营收同比维持 ≥3%""}, {""name"": ""乐观"", ""prob"": ""—"", ""assumption"": ""EPS 5.31（归一化 TTM ×1.14）× 17.6×"", ""multiple"": ""17.6× PE"", ""price"": ""$93"", ""change"": ""+64%"", ""trigger"": ""营收同比升至 ≥8%""}]",本轮最新行情、最新公告及正常化估值未逐家确认
CTVA,Corteva,材料,观察,观察：TTM PE 51.6×（板块中位 24.3×），基准 -27% ÷ 悲观 −80%，不成立（数据稳定性存疑，见劣势）；最新季营收 -1.2%、毛利率 56.2%,价格 2026-09-29 收盘；财务截至 2026-06-30（单季，2026/Q2）；TTM = 最近四个单季稀释 EPS 之和（GAAP，已按拆股折算）；程序化情景规则见「研究标准」页，不是目标价。,77.87,15.0,57.0,-0.331955,旧模型无正基准上行,,,保留旧结论；仅完成模型审计，未逐家公告复核,,,"[{""name"": ""悲观"", ""prob"": ""—"", ""assumption"": ""EPS 1.06（归一化 TTM 1.51 ×0.70）× 14.6×"", ""multiple"": ""14.6× PE"", ""price"": ""$15"", ""change"": ""-80%"", ""trigger"": ""最新季营收同比 <-6% 或毛利率跌破 53%""}, {""name"": ""基准"", ""prob"": ""—"", ""assumption"": ""2027E EPS 1.50（归一化 TTM ×0.99，增速取最新季营收同比的 0.7 倍并限 −5%~+20%）× 37.9×"", ""multiple"": ""37.9× PE"", ""price"": ""$57"", ""change"": ""-27%"", ""trigger"": ""营收同比维持 ≥0%""}, {""name"": ""乐观"", ""prob"": ""—"", ""assumption"": ""EPS 1.61（归一化 TTM ×1.06）× 43.6×"", ""multiple"": ""43.6× PE"", ""price"": ""$70"", ""change"": ""-10%"", ""trigger"": ""营收同比升至 ≥8%""}]",本轮最新行情、最新公告及正常化估值未逐家确认
CVS,西维斯健康,医疗保健,优先关注,优先关注：基准 +31% ÷ 悲观 −15% = 2.1:1，程序化情景下赔率达标；最新季营收 +7.3%、毛利率 14.8%,价格 2026-09-29 收盘；财务截至 2026-06-30（单季，2026/Q2）；TTM = 最近四个单季稀释 EPS 之和（GAAP，已按拆股折算）；程序化情景规则见「研究标准」页，不是目标价。,87.1,74.0,114.0,2.053435,旧模型算术≥2，非认证,86.76,2.134796,观察（待重建）：经营改善已确认；旧归一化 EPS 不等于公司指引，撤回优先关注认证,8/5 公告：Q2 营收 +7.3%，全年调整后 EPS 上调至 7.90–8.10、GAAP 6.84–7.04，经营现金流至少 $11.5bn。旧模型以归一化 TTM 9.18 外推 2027E 9.65，须重建盈利桥接；CFO 不等于 FCF。,https://www.cvshealth.com/news/company-news/cvs-health-corporation-reports-strong-second-quarter-2026-results-and-raises-full-year-2026-guidance.html,"[{""name"": ""悲观"", ""prob"": ""—"", ""assumption"": ""EPS 7.81（归一化 TTM 9.18 ×0.85）× 9.5×"", ""multiple"": ""9.5× PE"", ""price"": ""$74"", ""change"": ""-15%"", ""trigger"": ""最新季营收同比 <2% 或毛利率跌破 12%""}, {""name"": ""基准"", ""prob"": ""—"", ""assumption"": ""2027E EPS 9.65（归一化 TTM ×1.05，增速取最新季营收同比的 0.7 倍并限 −5%~+20%）× 11.9×"", ""multiple"": ""11.9× PE"", ""price"": ""$114"", ""change"": ""+31%"", ""trigger"": ""营收同比维持 ≥5%""}, {""name"": ""乐观"", ""prob"": ""—"", ""assumption"": ""EPS 10.85（归一化 TTM ×1.18）× 13.6×"", ""multiple"": ""13.6× PE"", ""price"": ""$148"", ""change"": ""+70%"", ""trigger"": ""营收同比升至 ≥9%""}]",本轮重点模型未认证
CVX,雪佛龙,能源,观察,观察：TTM PE 31.9×（板块中位 16.1×），基准 -10% ÷ 悲观 −79%，不成立（数据稳定性存疑，见劣势）；最新季营收 +56.3%、毛利率 47.7%,价格 2026-09-29 收盘；财务截至 2026-06-30（单季，2026/Q2）；TTM = 最近四个单季稀释 EPS 之和（GAAP，已按拆股折算）；程序化情景规则见「研究标准」页，不是目标价。,204.38,43.0,185.0,-0.120089,旧模型无正基准上行,,,保留旧结论；仅完成模型审计，未逐家公告复核,,,"[{""name"": ""悲观"", ""prob"": ""—"", ""assumption"": ""EPS 4.49（归一化 TTM 6.42 ×0.70）× 9.7×"", ""multiple"": ""9.7× PE"", ""price"": ""$43"", ""change"": ""-79%"", ""trigger"": ""最新季营收同比 <28% 或毛利率跌破 45%""}, {""name"": ""基准"", ""prob"": ""—"", ""assumption"": ""2027E EPS 7.70（归一化 TTM ×1.20，增速取最新季营收同比的 0.7 倍并限 −5%~+20%）× 24.0×"", ""multiple"": ""24.0× PE"", ""price"": ""$185"", ""change"": ""-10%"", ""trigger"": ""营收同比维持 ≥39%""}, {""name"": ""乐观"", ""prob"": ""—"", ""assumption"": ""EPS 9.49（归一化 TTM ×1.48）× 27.6×"", ""multiple"": ""27.6× PE"", ""price"": ""$262"", ""change"": ""+28%"", ""trigger"": ""营收同比升至 ≥73%""}]",本轮最新行情、最新公告及正常化估值未逐家确认
D,道明尼能源,公用事业,观察,观察：TTM PE 21.1×（板块中位 19.3×），基准 +8% ÷ 悲观 −53% ≈ 0.14:1；最新季营收 +17.6%,价格 2026-09-29 收盘；财务截至 2026-06-30（单季，2026/Q2）；TTM = 最近四个单季稀释 EPS 之和（GAAP，已按拆股折算）；程序化情景规则见「研究标准」页，不是目标价。,60.64,28.0,65.0,0.133578,旧模型算术<2，非最新结论,,,保留旧结论；仅完成模型审计，未逐家公告复核,,,"[{""name"": ""悲观"", ""prob"": ""—"", ""assumption"": ""EPS 2.44（归一化 TTM 2.87 ×0.85）× 11.6×"", ""multiple"": ""11.6× PE"", ""price"": ""$28"", ""change"": ""-53%"", ""trigger"": ""最新季营收同比 <9%""}, {""name"": ""基准"", ""prob"": ""—"", ""assumption"": ""2027E EPS 3.22（归一化 TTM ×1.12，增速取最新季营收同比的 0.7 倍并限 −5%~+20%）× 20.2×"", ""multiple"": ""20.2× PE"", ""price"": ""$65"", ""change"": ""+8%"", ""trigger"": ""营收同比维持 ≥12%""}, {""name"": ""乐观"", ""prob"": ""—"", ""assumption"": ""EPS 3.81（归一化 TTM ×1.33）× 23.3×"", ""multiple"": ""23.3× PE"", ""price"": ""$89"", ""change"": ""+46%"", ""trigger"": ""营收同比升至 ≥23%""}]",本轮最新行情、最新公告及正常化估值未逐家确认
DAL,达美航空,工业,条件关注,条件关注：TTM PE 10.1×（板块中位 26.9×），基准 +41% ÷ 悲观 −30% ≈ 1.38:1；最新季营收 +18.7%、毛利率 75.9%,价格 2026-09-29 收盘；财务截至 2026-06-30（单季，2026/Q2）；TTM = 最近四个单季稀释 EPS 之和（GAAP，已按拆股折算）；程序化情景规则见「研究标准」页，不是目标价。,84.87,59.0,120.0,1.357944,旧模型算术<2，非最新结论,,,保留旧结论；仅完成模型审计，未逐家公告复核,,,"[{""name"": ""悲观"", ""prob"": ""—"", ""assumption"": ""EPS 5.90（归一化 TTM 8.43 ×0.70）× 10.1×"", ""multiple"": ""10.1× PE"", ""price"": ""$59"", ""change"": ""-30%"", ""trigger"": ""最新季营收同比 <9% 或毛利率跌破 73%""}, {""name"": ""基准"", ""prob"": ""—"", ""assumption"": ""2027E EPS 9.53（归一化 TTM ×1.13，增速取最新季营收同比的 0.7 倍并限 −5%~+20%）× 12.6×"", ""multiple"": ""12.6× PE"", ""price"": ""$120"", ""change"": ""+41%"", ""trigger"": ""营收同比维持 ≥13%""}, {""name"": ""乐观"", ""prob"": ""—"", ""assumption"": ""EPS 11.31（归一化 TTM ×1.34）× 14.5×"", ""multiple"": ""14.5× PE"", ""price"": ""$164"", ""change"": ""+93%"", ""trigger"": ""营收同比升至 ≥24%""}]",本轮最新行情、最新公告及正常化估值未逐家确认
DD,陶氏杜邦,工业,观察,观察：TTM PE 289.2×（板块中位 26.9×），基准 -86% ÷ 悲观 −96%，不成立（数据稳定性存疑，见劣势）；最新季营收 +4.0%、毛利率 35.1%,价格 2026-09-29 收盘；财务截至 2026-06-30（单季，2026/Q2）；TTM = 最近四个单季稀释 EPS 之和（GAAP，已按拆股折算）；程序化情景规则见「研究标准」页，不是目标价。,130.12,6.0,19.0,-0.895263,旧模型无正基准上行,,,保留旧结论；仅完成模型审计，未逐家公告复核,,,"[{""name"": ""悲观"", ""prob"": ""—"", ""assumption"": ""EPS 0.36（归一化 TTM 0.45 ×0.80）× 16.2×"", ""multiple"": ""16.2× PE"", ""price"": ""$6"", ""change"": ""-96%"", ""trigger"": ""最新季营收同比 <-1% 或毛利率跌破 32%""}, {""name"": ""基准"", ""prob"": ""—"", ""assumption"": ""2027E EPS 0.46（归一化 TTM ×1.03，增速取最新季营收同比的 0.7 倍并限 −5%~+20%）× 40.0×"", ""multiple"": ""40.0× PE"", ""price"": ""$19"", ""change"": ""-86%"", ""trigger"": ""营收同比维持 ≥3%""}, {""name"": ""乐观"", ""prob"": ""—"", ""assumption"": ""EPS 0.51（归一化 TTM ×1.14）× 46.0×"", ""multiple"": ""46.0× PE"", ""price"": ""$24"", ""change"": ""-82%"", ""trigger"": ""营收同比升至 ≥8%""}]",本轮最新行情、最新公告及正常化估值未逐家确认
DE,迪尔,工业,观察,观察：TTM PE 37.8×（板块中位 26.9×），基准 -11% ÷ 悲观 −70%，不成立；最新季营收 +4.9%、毛利率 37.0%,价格 2026-09-29 收盘；财务截至 2026-08-02（单季，2026/Q3）；TTM = 最近四个单季稀释 EPS 之和（GAAP，已按拆股折算）；程序化情景规则见「研究标准」页，不是目标价。,680.5,203.0,603.0,-0.162304,旧模型无正基准上行,,,保留旧结论；仅完成模型审计，未逐家公告复核,,,"[{""name"": ""悲观"", ""prob"": ""—"", ""assumption"": ""EPS 12.60（归一化 TTM 18.00 ×0.70）× 16.2×"", ""multiple"": ""16.2× PE"", ""price"": ""$203"", ""change"": ""-70%"", ""trigger"": ""最新季营收同比 <0% 或毛利率跌破 34%""}, {""name"": ""基准"", ""prob"": ""—"", ""assumption"": ""2027E EPS 18.62（归一化 TTM ×1.03，增速取最新季营收同比的 0.7 倍并限 −5%~+20%）× 32.4×"", ""multiple"": ""32.4× PE"", ""price"": ""$603"", ""change"": ""-11%"", ""trigger"": ""营收同比维持 ≥3%""}, {""name"": ""乐观"", ""prob"": ""—"", ""assumption"": ""EPS 20.68（归一化 TTM ×1.15）× 37.2×"", ""multiple"": ""37.2× PE"", ""price"": ""$770"", ""change"": ""+13%"", ""trigger"": ""营收同比升至 ≥8%""}]",本轮最新行情、最新公告及正常化估值未逐家确认
DG,达乐,日常消费,观察,观察：TTM PE 15.9×（板块中位 20.8×），基准 +19% ÷ 悲观 −34% ≈ 0.58:1；最新季营收 +5.2%、毛利率 32.6%,价格 2026-09-29 收盘；财务截至 2026-07-31（单季，2026/Q2）；TTM = 最近四个单季稀释 EPS 之和（GAAP，已按拆股折算）；程序化情景规则见「研究标准」页，不是目标价。,122.64,82.0,146.0,0.574803,旧模型算术<2，非最新结论,,,保留旧结论；仅完成模型审计，未逐家公告复核,,,"[{""name"": ""悲观"", ""prob"": ""—"", ""assumption"": ""EPS 6.54（归一化 TTM 7.69 ×0.85）× 12.5×"", ""multiple"": ""12.5× PE"", ""price"": ""$82"", ""change"": ""-34%"", ""trigger"": ""最新季营收同比 <0% 或毛利率跌破 30%""}, {""name"": ""基准"", ""prob"": ""—"", ""assumption"": ""2027E EPS 7.97（归一化 TTM ×1.04，增速取最新季营收同比的 0.7 倍并限 −5%~+20%）× 18.4×"", ""multiple"": ""18.4× PE"", ""price"": ""$146"", ""change"": ""+19%"", ""trigger"": ""营收同比维持 ≥4%""}, {""name"": ""乐观"", ""prob"": ""—"", ""assumption"": ""EPS 8.87（归一化 TTM ×1.15）× 21.1×"", ""multiple"": ""21.1× PE"", ""price"": ""$187"", ""change"": ""+53%"", ""trigger"": ""营收同比升至 ≥8%""}]",本轮最新行情、最新公告及正常化估值未逐家确认
DGX,奎斯特诊疗,医疗保健,观察,观察：TTM PE 24.6×（板块中位 17.5×），基准 -8% ÷ 悲观 −64%，不成立；最新季营收 +10.2%、毛利率 33.7%,价格 2026-09-29 收盘；财务截至 2026-06-30（单季，2026/Q2）；TTM = 最近四个单季稀释 EPS 之和（GAAP，已按拆股折算）；程序化情景规则见「研究标准」页，不是目标价。,231.97,84.0,212.0,-0.13496,旧模型无正基准上行,,,保留旧结论；仅完成模型审计，未逐家公告复核,,,"[{""name"": ""悲观"", ""prob"": ""—"", ""assumption"": ""EPS 8.01（归一化 TTM 9.42 ×0.85）× 10.5×"", ""multiple"": ""10.5× PE"", ""price"": ""$84"", ""change"": ""-64%"", ""trigger"": ""最新季营收同比 <5% 或毛利率跌破 31%""}, {""name"": ""基准"", ""prob"": ""—"", ""assumption"": ""2027E EPS 10.09（归一化 TTM ×1.07，增速取最新季营收同比的 0.7 倍并限 −5%~+20%）× 21.0×"", ""multiple"": ""21.0× PE"", ""price"": ""$212"", ""change"": ""-8%"", ""trigger"": ""营收同比维持 ≥7%""}, {""name"": ""乐观"", ""prob"": ""—"", ""assumption"": ""EPS 11.52（归一化 TTM ×1.22）× 24.2×"", ""multiple"": ""24.2× PE"", ""price"": ""$279"", ""change"": ""+20%"", ""trigger"": ""营收同比升至 ≥13%""}]",本轮最新行情、最新公告及正常化估值未逐家确认
DIS,迪士尼,通信服务,观察,观察：TTM PE 21.7×（板块中位 17.1×），基准 -6% ÷ 悲观 −62%，不成立；最新季营收 +6.8%、毛利率 40.2%,价格 2026-09-29 收盘；财务截至 2026-06-27（单季，2026/Q3）；TTM = 最近四个单季稀释 EPS 之和（GAAP，已按拆股折算）；程序化情景规则见「研究标准」页，不是目标价。,105.41,40.0,99.0,-0.097997,旧模型无正基准上行,,,保留旧结论；仅完成模型审计，未逐家公告复核,,,"[{""name"": ""悲观"", ""prob"": ""—"", ""assumption"": ""EPS 3.88（归一化 TTM 4.85 ×0.80）× 10.3×"", ""multiple"": ""10.3× PE"", ""price"": ""$40"", ""change"": ""-62%"", ""trigger"": ""最新季营收同比 <2% 或毛利率跌破 37%""}, {""name"": ""基准"", ""prob"": ""—"", ""assumption"": ""2027E EPS 5.08（归一化 TTM ×1.05，增速取最新季营收同比的 0.7 倍并限 −5%~+20%）× 19.4×"", ""multiple"": ""19.4× PE"", ""price"": ""$99"", ""change"": ""-6%"", ""trigger"": ""营收同比维持 ≥5%""}, {""name"": ""乐观"", ""prob"": ""—"", ""assumption"": ""EPS 5.70（归一化 TTM ×1.17）× 22.3×"", ""multiple"": ""22.3× PE"", ""price"": ""$127"", ""change"": ""+21%"", ""trigger"": ""营收同比升至 ≥9%""}]",本轮最新行情、最新公告及正常化估值未逐家确认
DLR,数字房地产信托,房地产,观察,观察：REIT 需 FFO 口径，本页不做估值判断；最新季营收 +28.9%,价格 2026-09-29 收盘；财务截至 2026-06-30（单季，单季报）；TTM = 最近四个单季稀释 EPS 之和（GAAP，已按拆股折算）；程序化情景规则见「研究标准」页，不是目标价。,176.56,,,,无法统一计算（缺字段/无适用情景）,,,保留旧结论；仅完成模型审计，未逐家公告复核,,,[],本轮最新行情、最新公告及正常化估值未逐家确认
DLTR,美元树,日常消费,条件关注,条件关注：TTM PE 13.8×（板块中位 20.8×），基准 +31% ÷ 悲观 −23% ≈ 1.33:1；最新季营收 +7.0%、毛利率 42.9%,价格 2026-09-29 收盘；财务截至 2026-08-01（单季，2026/Q2）；TTM = 最近四个单季稀释 EPS 之和（GAAP，已按拆股折算）；程序化情景规则见「研究标准」页，不是目标价。,113.3,87.0,149.0,1.357414,旧模型算术<2，非最新结论,,,保留旧结论；仅完成模型审计，未逐家公告复核,,,"[{""name"": ""悲观"", ""prob"": ""—"", ""assumption"": ""EPS 6.96（归一化 TTM 8.19 ×0.85）× 12.5×"", ""multiple"": ""12.5× PE"", ""price"": ""$87"", ""change"": ""-23%"", ""trigger"": ""最新季营收同比 <2% 或毛利率跌破 40%""}, {""name"": ""基准"", ""prob"": ""—"", ""assumption"": ""2027E EPS 8.59（归一化 TTM ×1.05，增速取最新季营收同比的 0.7 倍并限 −5%~+20%）× 17.3×"", ""multiple"": ""17.3× PE"", ""price"": ""$149"", ""change"": ""+31%"", ""trigger"": ""营收同比维持 ≥5%""}, {""name"": ""乐观"", ""prob"": ""—"", ""assumption"": ""EPS 9.65（归一化 TTM ×1.18）× 19.9×"", ""multiple"": ""19.9× PE"", ""price"": ""$192"", ""change"": ""+69%"", ""trigger"": ""营收同比升至 ≥9%""}]",本轮最新行情、最新公告及正常化估值未逐家确认
DOC,Healthpeak Properties,房地产,观察,观察：REIT 需 FFO 口径，本页不做估值判断；最新季营收 +11.1%,价格 2026-09-29 收盘；财务截至 2026-06-30（单季，单季报）；TTM = 最近四个单季稀释 EPS 之和（GAAP，已按拆股折算）；程序化情景规则见「研究标准」页，不是目标价。,20.13,,,,无法统一计算（缺字段/无适用情景）,,,保留旧结论；仅完成模型审计，未逐家公告复核,,,[],本轮最新行情、最新公告及正常化估值未逐家确认
DOV,都福,工业,观察,观察：TTM PE 22.9×（板块中位 26.9×），基准 +14% ÷ 悲观 −51% ≈ 0.28:1；最新季营收 +6.9%、毛利率 40.2%,价格 2026-09-29 收盘；财务截至 2026-06-30（单季，2026/Q2）；TTM = 最近四个单季稀释 EPS 之和（GAAP，已按拆股折算）；程序化情景规则见「研究标准」页，不是目标价。,189.7,94.0,216.0,0.274817,旧模型算术<2，非最新结论,,,保留旧结论；仅完成模型审计，未逐家公告复核,,,"[{""name"": ""悲观"", ""prob"": ""—"", ""assumption"": ""EPS 5.81（归一化 TTM 8.30 ×0.70）× 16.2×"", ""multiple"": ""16.2× PE"", ""price"": ""$94"", ""change"": ""-51%"", ""trigger"": ""最新季营收同比 <2% 或毛利率跌破 37%""}, {""name"": ""基准"", ""prob"": ""—"", ""assumption"": ""2027E EPS 8.70（归一化 TTM ×1.05，增速取最新季营收同比的 0.7 倍并限 −5%~+20%）× 24.9×"", ""multiple"": ""24.9× PE"", ""price"": ""$216"", ""change"": ""+14%"", ""trigger"": ""营收同比维持 ≥5%""}, {""name"": ""乐观"", ""prob"": ""—"", ""assumption"": ""EPS 9.76（归一化 TTM ×1.18）× 28.6×"", ""multiple"": ""28.6× PE"", ""price"": ""$279"", ""change"": ""+47%"", ""trigger"": ""营收同比升至 ≥9%""}]",本轮最新行情、最新公告及正常化估值未逐家确认
DOW,陶氏,材料,回避,回避：TTM 亏损，PE 不适用；最新季营收 +19.7%、毛利率 17.9%,价格 2026-09-29 收盘；财务截至 2026-06-30（单季，2026/Q2）；TTM = 最近四个单季稀释 EPS 之和（GAAP，已按拆股折算）；程序化情景规则见「研究标准」页，不是目标价。,27.61,,,,无法统一计算（缺字段/无适用情景）,,,保留旧结论；仅完成模型审计，未逐家公告复核,,,[],本轮最新行情、最新公告及正常化估值未逐家确认
DTE,DTE能源,公用事业,观察,观察：TTM PE 19.3×（板块中位 19.3×），基准 -1% ÷ 悲观 −49%，不成立；最新季营收 -1.5%、毛利率 51.9%,价格 2026-09-29 收盘；财务截至 2026-06-30（单季，2026/Q2）；TTM = 最近四个单季稀释 EPS 之和（GAAP，已按拆股折算）；程序化情景规则见「研究标准」页，不是目标价。,122.39,62.0,121.0,-0.023017,旧模型无正基准上行,,,保留旧结论；仅完成模型审计，未逐家公告复核,,,"[{""name"": ""悲观"", ""prob"": ""—"", ""assumption"": ""EPS 5.38（归一化 TTM 6.33 ×0.85）× 11.6×"", ""multiple"": ""11.6× PE"", ""price"": ""$62"", ""change"": ""-49%"", ""trigger"": ""最新季营收同比 <-6% 或毛利率跌破 49%""}, {""name"": ""基准"", ""prob"": ""—"", ""assumption"": ""2027E EPS 6.27（归一化 TTM ×0.99，增速取最新季营收同比的 0.7 倍并限 −5%~+20%）× 19.3×"", ""multiple"": ""19.3× PE"", ""price"": ""$121"", ""change"": ""-1%"", ""trigger"": ""营收同比维持 ≥0%""}, {""name"": ""乐观"", ""prob"": ""—"", ""assumption"": ""EPS 6.71（归一化 TTM ×1.06）× 22.2×"", ""multiple"": ""22.2× PE"", ""price"": ""$149"", ""change"": ""+22%"", ""trigger"": ""营收同比升至 ≥8%""}]",本轮最新行情、最新公告及正常化估值未逐家确认
DUK,杜克能源,公用事业,观察,观察：TTM PE 17.1×（板块中位 19.3×），基准 +7% ÷ 悲观 −42% ≈ 0.17:1；最新季营收 +1.1%、毛利率 73.1%,价格 2026-09-29 收盘；财务截至 2026-06-30（单季，2026/Q2）；TTM = 最近四个单季稀释 EPS 之和（GAAP，已按拆股折算）；程序化情景规则见「研究标准」页，不是目标价。,114.21,66.0,123.0,0.182327,旧模型算术<2，非最新结论,,,保留旧结论；仅完成模型审计，未逐家公告复核,,,"[{""name"": ""悲观"", ""prob"": ""—"", ""assumption"": ""EPS 5.68（归一化 TTM 6.68 ×0.85）× 11.6×"", ""multiple"": ""11.6× PE"", ""price"": ""$66"", ""change"": ""-42%"", ""trigger"": ""最新季营收同比 <-4% 或毛利率跌破 70%""}, {""name"": ""基准"", ""prob"": ""—"", ""assumption"": ""2027E EPS 6.74（归一化 TTM ×1.01，增速取最新季营收同比的 0.7 倍并限 −5%~+20%）× 18.2×"", ""multiple"": ""18.2× PE"", ""price"": ""$123"", ""change"": ""+7%"", ""trigger"": ""营收同比维持 ≥1%""}, {""name"": ""乐观"", ""prob"": ""—"", ""assumption"": ""EPS 7.32（归一化 TTM ×1.10）× 20.9×"", ""multiple"": ""20.9× PE"", ""price"": ""$153"", ""change"": ""+34%"", ""trigger"": ""营收同比升至 ≥8%""}]",本轮最新行情、最新公告及正常化估值未逐家确认
DVA,达维塔保健,医疗保健,观察,观察：TTM PE 14.3×（板块中位 17.5×），基准 +15% ÷ 悲观 −38% ≈ 0.39:1；最新季营收 +5.2%、毛利率 32.7%,价格 2026-09-29 收盘；财务截至 2026-06-30（单季，2026/Q2）；TTM = 最近四个单季稀释 EPS 之和（GAAP，已按拆股折算）；程序化情景规则见「研究标准」页，不是目标价。,175.19,109.0,201.0,0.389938,旧模型算术<2，非最新结论,,,保留旧结论；仅完成模型审计，未逐家公告复核,,,"[{""name"": ""悲观"", ""prob"": ""—"", ""assumption"": ""EPS 10.39（归一化 TTM 12.22 ×0.85）× 10.5×"", ""multiple"": ""10.5× PE"", ""price"": ""$109"", ""change"": ""-38%"", ""trigger"": ""最新季营收同比 <0% 或毛利率跌破 30%""}, {""name"": ""基准"", ""prob"": ""—"", ""assumption"": ""2027E EPS 12.66（归一化 TTM ×1.04，增速取最新季营收同比的 0.7 倍并限 −5%~+20%）× 15.9×"", ""multiple"": ""15.9× PE"", ""price"": ""$201"", ""change"": ""+15%"", ""trigger"": ""营收同比维持 ≥4%""}, {""name"": ""乐观"", ""prob"": ""—"", ""assumption"": ""EPS 14.08（归一化 TTM ×1.15）× 18.3×"", ""multiple"": ""18.3× PE"", ""price"": ""$257"", ""change"": ""+47%"", ""trigger"": ""营收同比升至 ≥8%""}]",本轮最新行情、最新公告及正常化估值未逐家确认
DVN,戴文能源,能源,观察,观察：TTM PE 11.1×（板块中位 16.1×），基准 +47% ÷ 悲观 −39% ≈ 1.21:1（数据稳定性存疑，见劣势）；最新季营收 +73.1%、毛利率 55.7%,价格 2026-09-29 收盘；财务截至 2026-06-30（单季，2026/Q2）；TTM = 最近四个单季稀释 EPS 之和（GAAP，已按拆股折算）；程序化情景规则见「研究标准」页，不是目标价。,46.6,28.0,69.0,1.204301,旧模型算术<2，非最新结论,,,保留旧结论；仅完成模型审计，未逐家公告复核,,,"[{""name"": ""悲观"", ""prob"": ""—"", ""assumption"": ""EPS 2.95（归一化 TTM 4.21 ×0.70）× 9.7×"", ""multiple"": ""9.7× PE"", ""price"": ""$28"", ""change"": ""-39%"", ""trigger"": ""最新季营收同比 <37% 或毛利率跌破 53%""}, {""name"": ""基准"", ""prob"": ""—"", ""assumption"": ""2027E EPS 5.05（归一化 TTM ×1.20，增速取最新季营收同比的 0.7 倍并限 −5%~+20%）× 13.6×"", ""multiple"": ""13.6× PE"", ""price"": ""$69"", ""change"": ""+47%"", ""trigger"": ""营收同比维持 ≥51%""}, {""name"": ""乐观"", ""prob"": ""—"", ""assumption"": ""EPS 6.23（归一化 TTM ×1.48）× 15.6×"", ""multiple"": ""15.6× PE"", ""price"": ""$97"", ""change"": ""+109%"", ""trigger"": ""营收同比升至 ≥95%""}]",本轮最新行情、最新公告及正常化估值未逐家确认
ECHO,回声星通信,通信服务,回避,回避：TTM 亏损，PE 不适用；最新季营收 -4.0%、毛利率 34.4%,价格 2026-09-29 收盘；财务截至 2026-06-30（单季，2026/Q2）；TTM = 最近四个单季稀释 EPS 之和（GAAP，已按拆股折算）；程序化情景规则见「研究标准」页，不是目标价。,89.89,,,,无法统一计算（缺字段/无适用情景）,,,保留旧结论；仅完成模型审计，未逐家公告复核,,,[],本轮最新行情、最新公告及正常化估值未逐家确认
ECL,艺康,材料,观察,观察：TTM PE 37.3×（板块中位 24.3×），基准 -12% ÷ 悲观 −73%，不成立；最新季营收 +9.7%、毛利率 44.1%,价格 2026-09-29 收盘；财务截至 2026-06-30（单季，2026/Q2）；TTM = 最近四个单季稀释 EPS 之和（GAAP，已按拆股折算）；程序化情景规则见「研究标准」页，不是目标价。,277.87,76.0,245.0,-0.162828,旧模型无正基准上行,,,保留旧结论；仅完成模型审计，未逐家公告复核,,,"[{""name"": ""悲观"", ""prob"": ""—"", ""assumption"": ""EPS 5.21（归一化 TTM 7.45 ×0.70）× 14.6×"", ""multiple"": ""14.6× PE"", ""price"": ""$76"", ""change"": ""-73%"", ""trigger"": ""最新季营收同比 <5% 或毛利率跌破 41%""}, {""name"": ""基准"", ""prob"": ""—"", ""assumption"": ""2027E EPS 7.96（归一化 TTM ×1.07，增速取最新季营收同比的 0.7 倍并限 −5%~+20%）× 30.8×"", ""multiple"": ""30.8× PE"", ""price"": ""$245"", ""change"": ""-12%"", ""trigger"": ""营收同比维持 ≥7%""}, {""name"": ""乐观"", ""prob"": ""—"", ""assumption"": ""EPS 9.06（归一化 TTM ×1.22）× 35.4×"", ""multiple"": ""35.4× PE"", ""price"": ""$321"", ""change"": ""+15%"", ""trigger"": ""营收同比升至 ≥13%""}]",本轮最新行情、最新公告及正常化估值未逐家确认
ED,爱迪生联合电气,公用事业,观察,观察：TTM PE 17.0×（板块中位 19.3×），基准 +17% ÷ 悲观 −42% ≈ 0.40:1；最新季营收 +13.2%、毛利率 74.2%,价格 2026-09-29 收盘；财务截至 2026-06-30（单季，2026/Q2）；TTM = 最近四个单季稀释 EPS 之和（GAAP，已按拆股折算）；程序化情景规则见「研究标准」页，不是目标价。,103.33,60.0,121.0,0.407801,旧模型算术<2，非最新结论,,,保留旧结论；仅完成模型审计，未逐家公告复核,,,"[{""name"": ""悲观"", ""prob"": ""—"", ""assumption"": ""EPS 5.18（归一化 TTM 6.09 ×0.85）× 11.6×"", ""multiple"": ""11.6× PE"", ""price"": ""$60"", ""change"": ""-42%"", ""trigger"": ""最新季营收同比 <7% 或毛利率跌破 71%""}, {""name"": ""基准"", ""prob"": ""—"", ""assumption"": ""2027E EPS 6.65（归一化 TTM ×1.09，增速取最新季营收同比的 0.7 倍并限 −5%~+20%）× 18.1×"", ""multiple"": ""18.1× PE"", ""price"": ""$121"", ""change"": ""+17%"", ""trigger"": ""营收同比维持 ≥9%""}, {""name"": ""乐观"", ""prob"": ""—"", ""assumption"": ""EPS 7.70（归一化 TTM ×1.26）× 20.9×"", ""multiple"": ""20.9× PE"", ""price"": ""$161"", ""change"": ""+56%"", ""trigger"": ""营收同比升至 ≥17%""}]",本轮最新行情、最新公告及正常化估值未逐家确认
EFX,艾可菲,工业,观察,观察：TTM PE 24.8×（板块中位 26.9×），基准 +12% ÷ 悲观 −48% ≈ 0.25:1；最新季营收 +10.6%、毛利率 54.5%,价格 2026-09-29 收盘；财务截至 2026-06-30（单季，2026/Q2）；TTM = 最近四个单季稀释 EPS 之和（GAAP，已按拆股折算）；程序化情景规则见「研究标准」页，不是目标价。,140.83,74.0,158.0,0.256921,旧模型算术<2，非最新结论,,,保留旧结论；仅完成模型审计，未逐家公告复核,,,"[{""name"": ""悲观"", ""prob"": ""—"", ""assumption"": ""EPS 4.55（归一化 TTM 5.69 ×0.80）× 16.2×"", ""multiple"": ""16.2× PE"", ""price"": ""$74"", ""change"": ""-48%"", ""trigger"": ""最新季营收同比 <5% 或毛利率跌破 51%""}, {""name"": ""基准"", ""prob"": ""—"", ""assumption"": ""2027E EPS 6.11（归一化 TTM ×1.07，增速取最新季营收同比的 0.7 倍并限 −5%~+20%）× 25.8×"", ""multiple"": ""25.8× PE"", ""price"": ""$158"", ""change"": ""+12%"", ""trigger"": ""营收同比维持 ≥7%""}, {""name"": ""乐观"", ""prob"": ""—"", ""assumption"": ""EPS 6.99（归一化 TTM ×1.23）× 29.7×"", ""multiple"": ""29.7× PE"", ""price"": ""$208"", ""change"": ""+47%"", ""trigger"": ""营收同比升至 ≥14%""}]",本轮最新行情、最新公告及正常化估值未逐家确认
EG,Everest Group,金融,观察,观察：TTM PE 7.8×（板块中位 14.8×），基准 +19% ÷ 悲观 −20% ≈ 0.94:1；最新季营收 -11.8%,价格 2026-09-29 收盘；财务截至 2026-06-30（单季，单季报）；TTM = 最近四个单季稀释 EPS 之和（GAAP，已按拆股折算）；程序化情景规则见「研究标准」页，不是目标价。,368.81,295.0,438.0,0.937407,旧模型算术<2，非最新结论,,,保留旧结论；仅完成模型审计，未逐家公告复核,,,"[{""name"": ""悲观"", ""prob"": ""—"", ""assumption"": ""EPS 37.83（归一化 TTM 47.29 ×0.80）× 7.8×"", ""multiple"": ""7.8× PE"", ""price"": ""$295"", ""change"": ""-20%"", ""trigger"": ""最新季营收同比 <-17%""}, {""name"": ""基准"", ""prob"": ""—"", ""assumption"": ""2027E EPS 44.93（归一化 TTM ×0.95，增速取最新季营收同比的 0.7 倍并限 −5%~+20%）× 9.7×"", ""multiple"": ""9.7× PE"", ""price"": ""$438"", ""change"": ""+19%"", ""trigger"": ""营收同比维持 ≥0%""}, {""name"": ""乐观"", ""prob"": ""—"", ""assumption"": ""EPS 46.34（归一化 TTM ×0.98）× 11.2×"", ""multiple"": ""11.2× PE"", ""price"": ""$520"", ""change"": ""+41%"", ""trigger"": ""营收同比升至 ≥8%""}]",本轮最新行情、最新公告及正常化估值未逐家确认
EIX,爱迪生国际,公用事业,条件关注,条件关注：TTM PE 7.9×（板块中位 19.3×），基准 +21% ÷ 悲观 −15% ≈ 1.43:1；最新季营收 -4.1%、毛利率 73.9%,价格 2026-09-29 收盘；财务截至 2026-06-30（单季，2026/Q2）；TTM = 最近四个单季稀释 EPS 之和（GAAP，已按拆股折算）；程序化情景规则见「研究标准」页，不是目标价。,53.56,46.0,65.0,1.513228,旧模型算术<2，非最新结论,,,保留旧结论；仅完成模型审计，未逐家公告复核,,,"[{""name"": ""悲观"", ""prob"": ""—"", ""assumption"": ""EPS 5.77（归一化 TTM 6.79 ×0.85）× 7.9×"", ""multiple"": ""7.9× PE"", ""price"": ""$46"", ""change"": ""-15%"", ""trigger"": ""最新季营收同比 <-9% 或毛利率跌破 71%""}, {""name"": ""基准"", ""prob"": ""—"", ""assumption"": ""2027E EPS 6.59（归一化 TTM ×0.97，增速取最新季营收同比的 0.7 倍并限 −5%~+20%）× 9.9×"", ""multiple"": ""9.9× PE"", ""price"": ""$65"", ""change"": ""+21%"", ""trigger"": ""营收同比维持 ≥0%""}, {""name"": ""乐观"", ""prob"": ""—"", ""assumption"": ""EPS 6.94（归一化 TTM ×1.02）× 11.3×"", ""multiple"": ""11.3× PE"", ""price"": ""$79"", ""change"": ""+47%"", ""trigger"": ""营收同比升至 ≥8%""}]",本轮最新行情、最新公告及正常化估值未逐家确认
EL,雅诗兰黛,日常消费,观察,观察：TTM PE 89.9×（板块中位 20.8×），基准 -54% ÷ 悲观 −88%，不成立；最新季营收 +6.3%、毛利率 75.5%,价格 2026-09-29 收盘；财务截至 2026-06-30（单季，2025/Q4）；TTM = 最近四个单季稀释 EPS 之和（GAAP，已按拆股折算）；程序化情景规则见「研究标准」页，不是目标价。,94.37,11.0,44.0,-0.604174,旧模型无正基准上行,,,保留旧结论；仅完成模型审计，未逐家公告复核,,,"[{""name"": ""悲观"", ""prob"": ""—"", ""assumption"": ""EPS 0.89（归一化 TTM 1.05 ×0.85）× 12.5×"", ""multiple"": ""12.5× PE"", ""price"": ""$11"", ""change"": ""-88%"", ""trigger"": ""最新季营收同比 <1% 或毛利率跌破 72%""}, {""name"": ""基准"", ""prob"": ""—"", ""assumption"": ""2027E EPS 1.10（归一化 TTM ×1.04，增速取最新季营收同比的 0.7 倍并限 −5%~+20%）× 40.0×"", ""multiple"": ""40.0× PE"", ""price"": ""$44"", ""change"": ""-54%"", ""trigger"": ""营收同比维持 ≥4%""}, {""name"": ""乐观"", ""prob"": ""—"", ""assumption"": ""EPS 1.23（归一化 TTM ×1.17）× 46.0×"", ""multiple"": ""46.0× PE"", ""price"": ""$56"", ""change"": ""-40%"", ""trigger"": ""营收同比升至 ≥8%""}]",本轮最新行情、最新公告及正常化估值未逐家确认
ELV,Elevance Health,医疗保健,观察,观察：TTM PE 17.5×（板块中位 17.5×），基准 +1% ÷ 悲观 −49% ≈ 0.02:1；最新季营收 +1.4%、毛利率 89.1%,价格 2026-09-29 收盘；财务截至 2026-06-30（单季，2026/Q2）；TTM = 最近四个单季稀释 EPS 之和（GAAP，已按拆股折算）；程序化情景规则见「研究标准」页，不是目标价。,392.73,200.0,397.0,0.022155,旧模型算术<2，非最新结论,,,保留旧结论；仅完成模型审计，未逐家公告复核,,,"[{""name"": ""悲观"", ""prob"": ""—"", ""assumption"": ""EPS 19.12（归一化 TTM 22.50 ×0.85）× 10.5×"", ""multiple"": ""10.5× PE"", ""price"": ""$200"", ""change"": ""-49%"", ""trigger"": ""最新季营收同比 <-4% 或毛利率跌破 86%""}, {""name"": ""基准"", ""prob"": ""—"", ""assumption"": ""2027E EPS 22.72（归一化 TTM ×1.01，增速取最新季营收同比的 0.7 倍并限 −5%~+20%）× 17.5×"", ""multiple"": ""17.5× PE"", ""price"": ""$397"", ""change"": ""+1%"", ""trigger"": ""营收同比维持 ≥1%""}, {""name"": ""乐观"", ""prob"": ""—"", ""assumption"": ""EPS 24.74（归一化 TTM ×1.10）× 20.1×"", ""multiple"": ""20.1× PE"", ""price"": ""$497"", ""change"": ""+26%"", ""trigger"": ""营收同比升至 ≥8%""}]",本轮最新行情、最新公告及正常化估值未逐家确认
EME,埃姆科,工业,观察,观察：TTM PE 23.7×（板块中位 26.9×），基准 +22% ÷ 悲观 −45% ≈ 0.47:1；最新季营收 +19.8%、毛利率 19.8%,价格 2026-09-29 收盘；财务截至 2026-06-30（单季，2026/Q2）；TTM = 最近四个单季稀释 EPS 之和（GAAP，已按拆股折算）；程序化情景规则见「研究标准」页，不是目标价。,762.03,416.0,927.0,0.476751,旧模型算术<2，非最新结论,,,保留旧结论；仅完成模型审计，未逐家公告复核,,,"[{""name"": ""悲观"", ""prob"": ""—"", ""assumption"": ""EPS 25.74（归一化 TTM 32.17 ×0.80）× 16.2×"", ""multiple"": ""16.2× PE"", ""price"": ""$416"", ""change"": ""-45%"", ""trigger"": ""最新季营收同比 <10% 或毛利率跌破 17%""}, {""name"": ""基准"", ""prob"": ""—"", ""assumption"": ""2027E EPS 36.62（归一化 TTM ×1.14，增速取最新季营收同比的 0.7 倍并限 −5%~+20%）× 25.3×"", ""multiple"": ""25.3× PE"", ""price"": ""$927"", ""change"": ""+22%"", ""trigger"": ""营收同比维持 ≥14%""}, {""name"": ""乐观"", ""prob"": ""—"", ""assumption"": ""EPS 43.64（归一化 TTM ×1.36）× 29.1×"", ""multiple"": ""29.1× PE"", ""price"": ""$1270"", ""change"": ""+67%"", ""trigger"": ""营收同比升至 ≥26%""}]",本轮最新行情、最新公告及正常化估值未逐家确认
EMR,艾默生电气,工业,观察,观察：TTM PE 34.4×（板块中位 26.9×），基准 -7% ÷ 悲观 −62%，不成立；最新季营收 +7.0%、毛利率 54.5%,价格 2026-09-29 收盘；财务截至 2026-06-30（单季，2026/Q3）；TTM = 最近四个单季稀释 EPS 之和（GAAP，已按拆股折算）；程序化情景规则见「研究标准」页，不是目标价。,157.24,59.0,147.0,-0.104235,旧模型无正基准上行,,,保留旧结论；仅完成模型审计，未逐家公告复核,,,"[{""name"": ""悲观"", ""prob"": ""—"", ""assumption"": ""EPS 3.66（归一化 TTM 4.57 ×0.80）× 16.2×"", ""multiple"": ""16.2× PE"", ""price"": ""$59"", ""change"": ""-62%"", ""trigger"": ""最新季营收同比 <2% 或毛利率跌破 51%""}, {""name"": ""基准"", ""prob"": ""—"", ""assumption"": ""2027E EPS 4.79（归一化 TTM ×1.05，增速取最新季营收同比的 0.7 倍并限 −5%~+20%）× 30.7×"", ""multiple"": ""30.7× PE"", ""price"": ""$147"", ""change"": ""-7%"", ""trigger"": ""营收同比维持 ≥5%""}, {""name"": ""乐观"", ""prob"": ""—"", ""assumption"": ""EPS 5.39（归一化 TTM ×1.18）× 35.3×"", ""multiple"": ""35.3× PE"", ""price"": ""$190"", ""change"": ""+21%"", ""trigger"": ""营收同比升至 ≥9%""}]",本轮最新行情、最新公告及正常化估值未逐家确认
EOG,EOG能源,能源,观察,观察：TTM PE 10.9×（板块中位 16.1×），基准 +49% ÷ 悲观 −38% ≈ 1.29:1（数据稳定性存疑，见劣势）；最新季营收 +57.4%、毛利率 85.8%,价格 2026-09-29 收盘；财务截至 2026-06-30（单季，2026/Q2）；TTM = 最近四个单季稀释 EPS 之和（GAAP，已按拆股折算）；程序化情景规则见「研究标准」页，不是目标价。,139.66,87.0,208.0,1.297759,旧模型算术<2，非最新结论,,,保留旧结论；仅完成模型审计，未逐家公告复核,,,"[{""name"": ""悲观"", ""prob"": ""—"", ""assumption"": ""EPS 9.00（归一化 TTM 12.85 ×0.70）× 9.7×"", ""multiple"": ""9.7× PE"", ""price"": ""$87"", ""change"": ""-38%"", ""trigger"": ""最新季营收同比 <29% 或毛利率跌破 83%""}, {""name"": ""基准"", ""prob"": ""—"", ""assumption"": ""2027E EPS 15.42（归一化 TTM ×1.20，增速取最新季营收同比的 0.7 倍并限 −5%~+20%）× 13.5×"", ""multiple"": ""13.5× PE"", ""price"": ""$208"", ""change"": ""+49%"", ""trigger"": ""营收同比维持 ≥40%""}, {""name"": ""乐观"", ""prob"": ""—"", ""assumption"": ""EPS 19.02（归一化 TTM ×1.48）× 15.5×"", ""multiple"": ""15.5× PE"", ""price"": ""$295"", ""change"": ""+111%"", ""trigger"": ""营收同比升至 ≥75%""}]",本轮最新行情、最新公告及正常化估值未逐家确认
EQIX,易昆尼克斯,房地产,观察,观察：REIT 需 FFO 口径，本页不做估值判断；最新季营收 +16.4%、毛利率 53.1%,价格 2026-09-29 收盘；财务截至 2026-06-30（单季，2026/Q2）；TTM = 最近四个单季稀释 EPS 之和（GAAP，已按拆股折算）；程序化情景规则见「研究标准」页，不是目标价。,1015.27,,,,无法统一计算（缺字段/无适用情景）,,,保留旧结论；仅完成模型审计，未逐家公告复核,,,[],本轮最新行情、最新公告及正常化估值未逐家确认
EQT,EQT能源,能源,观察,观察：TTM PE 11.3×（板块中位 16.1×），基准 +15% ÷ 悲观 −40% ≈ 0.37:1（数据稳定性存疑，见劣势）；最新季营收 -29.2%、毛利率 91.1%,价格 2026-09-29 收盘；财务截至 2026-06-30（单季，2026/Q2）；TTM = 最近四个单季稀释 EPS 之和（GAAP，已按拆股折算）；程序化情景规则见「研究标准」页，不是目标价。,48.88,29.0,56.0,0.358149,旧模型算术<2，非最新结论,,,保留旧结论；仅完成模型审计，未逐家公告复核,,,"[{""name"": ""悲观"", ""prob"": ""—"", ""assumption"": ""EPS 3.02（归一化 TTM 4.31 ×0.70）× 9.7×"", ""multiple"": ""9.7× PE"", ""price"": ""$29"", ""change"": ""-40%"", ""trigger"": ""最新季营收同比 <-34% 或毛利率跌破 88%""}, {""name"": ""基准"", ""prob"": ""—"", ""assumption"": ""2027E EPS 4.09（归一化 TTM ×0.95，增速取最新季营收同比的 0.7 倍并限 −5%~+20%）× 13.7×"", ""multiple"": ""13.7× PE"", ""price"": ""$56"", ""change"": ""+15%"", ""trigger"": ""营收同比维持 ≥0%""}, {""name"": ""乐观"", ""prob"": ""—"", ""assumption"": ""EPS 4.22（归一化 TTM ×0.98）× 15.8×"", ""multiple"": ""15.8× PE"", ""price"": ""$67"", ""change"": ""+36%"", ""trigger"": ""营收同比升至 ≥8%""}]",本轮最新行情、最新公告及正常化估值未逐家确认
ERIE,伊瑞保险,金融,观察,观察：TTM PE 20.1×（板块中位 14.8×），基准 -11% ÷ 悲观 −65%，不成立；最新季营收 +2.8%,价格 2026-09-29 收盘；财务截至 2026-06-30（单季，单季报）；TTM = 最近四个单季稀释 EPS 之和（GAAP，已按拆股折算）；程序化情景规则见「研究标准」页，不是目标价。,222.43,79.0,197.0,-0.177299,旧模型无正基准上行,,,保留旧结论；仅完成模型审计，未逐家公告复核,,,"[{""name"": ""悲观"", ""prob"": ""—"", ""assumption"": ""EPS 8.83（归一化 TTM 11.04 ×0.80）× 8.9×"", ""multiple"": ""8.9× PE"", ""price"": ""$79"", ""change"": ""-65%"", ""trigger"": ""最新季营收同比 <-2%""}, {""name"": ""基准"", ""prob"": ""—"", ""assumption"": ""2027E EPS 11.26（归一化 TTM ×1.02，增速取最新季营收同比的 0.7 倍并限 −5%~+20%）× 17.5×"", ""multiple"": ""17.5× PE"", ""price"": ""$197"", ""change"": ""-11%"", ""trigger"": ""营收同比维持 ≥2%""}, {""name"": ""乐观"", ""prob"": ""—"", ""assumption"": ""EPS 12.36（归一化 TTM ×1.12）× 20.1×"", ""multiple"": ""20.1× PE"", ""price"": ""$249"", ""change"": ""+12%"", ""trigger"": ""营收同比升至 ≥8%""}]",本轮最新行情、最新公告及正常化估值未逐家确认
ES,能源方案,公用事业,观察,观察：TTM PE 16.6×（板块中位 19.3×），基准 +10% ÷ 悲观 −40% ≈ 0.25:1；最新季营收 +2.3%、毛利率 67.6%,价格 2026-09-29 收盘；财务截至 2026-06-30（单季，2026/Q2）；TTM = 最近四个单季稀释 EPS 之和（GAAP，已按拆股折算）；程序化情景规则见「研究标准」页，不是目标价。,63.9,38.0,70.0,0.235521,旧模型算术<2，非最新结论,,,保留旧结论；仅完成模型审计，未逐家公告复核,,,"[{""name"": ""悲观"", ""prob"": ""—"", ""assumption"": ""EPS 3.28（归一化 TTM 3.86 ×0.85）× 11.6×"", ""multiple"": ""11.6× PE"", ""price"": ""$38"", ""change"": ""-40%"", ""trigger"": ""最新季营收同比 <-3% 或毛利率跌破 65%""}, {""name"": ""基准"", ""prob"": ""—"", ""assumption"": ""2027E EPS 3.92（归一化 TTM ×1.02，增速取最新季营收同比的 0.7 倍并限 −5%~+20%）× 17.9×"", ""multiple"": ""17.9× PE"", ""price"": ""$70"", ""change"": ""+10%"", ""trigger"": ""营收同比维持 ≥2%""}, {""name"": ""乐观"", ""prob"": ""—"", ""assumption"": ""EPS 4.29（归一化 TTM ×1.11）× 20.6×"", ""multiple"": ""20.6× PE"", ""price"": ""$89"", ""change"": ""+39%"", ""trigger"": ""营收同比升至 ≥8%""}]",本轮最新行情、最新公告及正常化估值未逐家确认
ESS,埃塞克斯信托,房地产,观察,观察：REIT 需 FFO 口径，本页不做估值判断；最新季营收 +4.1%,价格 2026-09-29 收盘；财务截至 2026-06-30（单季，单季报）；TTM = 最近四个单季稀释 EPS 之和（GAAP，已按拆股折算）；程序化情景规则见「研究标准」页，不是目标价。,273.93,,,,无法统一计算（缺字段/无适用情景）,,,保留旧结论；仅完成模型审计，未逐家公告复核,,,[],本轮最新行情、最新公告及正常化估值未逐家确认
ETN,伊顿,工业,观察,观察：TTM PE 44.1×（板块中位 26.9×），基准 -7% ÷ 悲观 −71%，不成立；最新季营收 +21.4%、毛利率 33.5%,价格 2026-09-29 收盘；财务截至 2026-06-30（单季，2026/Q2）；TTM = 最近四个单季稀释 EPS 之和（GAAP，已按拆股折算）；程序化情景规则见「研究标准」页，不是目标价。,433.27,127.0,401.0,-0.105365,旧模型无正基准上行,,,保留旧结论；仅完成模型审计，未逐家公告复核,,,"[{""name"": ""悲观"", ""prob"": ""—"", ""assumption"": ""EPS 7.86（归一化 TTM 9.83 ×0.80）× 16.2×"", ""multiple"": ""16.2× PE"", ""price"": ""$127"", ""change"": ""-71%"", ""trigger"": ""最新季营收同比 <11% 或毛利率跌破 30%""}, {""name"": ""基准"", ""prob"": ""—"", ""assumption"": ""2027E EPS 11.30（归一化 TTM ×1.15，增速取最新季营收同比的 0.7 倍并限 −5%~+20%）× 35.5×"", ""multiple"": ""35.5× PE"", ""price"": ""$401"", ""change"": ""-7%"", ""trigger"": ""营收同比维持 ≥15%""}, {""name"": ""乐观"", ""prob"": ""—"", ""assumption"": ""EPS 13.56（归一化 TTM ×1.38）× 40.8×"", ""multiple"": ""40.8× PE"", ""price"": ""$554"", ""change"": ""+28%"", ""trigger"": ""营收同比升至 ≥28%""}]",本轮最新行情、最新公告及正常化估值未逐家确认
ETR,安特吉,公用事业,观察,观察：TTM PE 25.6×（板块中位 19.3×），基准 -9% ÷ 悲观 −61%，不成立；最新季营收 +5.9%、毛利率 69.7%,价格 2026-09-29 收盘；财务截至 2026-06-30（单季，2026/Q2）；TTM = 最近四个单季稀释 EPS 之和（GAAP，已按拆股折算）；程序化情景规则见「研究标准」页，不是目标价。,99.76,38.0,91.0,-0.141839,旧模型无正基准上行,,,保留旧结论；仅完成模型审计，未逐家公告复核,,,"[{""name"": ""悲观"", ""prob"": ""—"", ""assumption"": ""EPS 3.31（归一化 TTM 3.90 ×0.85）× 11.6×"", ""multiple"": ""11.6× PE"", ""price"": ""$38"", ""change"": ""-61%"", ""trigger"": ""最新季营收同比 <1% 或毛利率跌破 67%""}, {""name"": ""基准"", ""prob"": ""—"", ""assumption"": ""2027E EPS 4.06（归一化 TTM ×1.04，增速取最新季营收同比的 0.7 倍并限 −5%~+20%）× 22.5×"", ""multiple"": ""22.5× PE"", ""price"": ""$91"", ""change"": ""-9%"", ""trigger"": ""营收同比维持 ≥4%""}, {""name"": ""乐观"", ""prob"": ""—"", ""assumption"": ""EPS 4.53（归一化 TTM ×1.16）× 25.8×"", ""multiple"": ""25.8× PE"", ""price"": ""$117"", ""change"": ""+17%"", ""trigger"": ""营收同比升至 ≥8%""}]",本轮最新行情、最新公告及正常化估值未逐家确认
EVRG,Evergy,公用事业,观察,观察：TTM PE 20.0×（板块中位 19.3×），基准 +1% ÷ 悲观 −51% ≈ 0.03:1；最新季营收 +4.4%、毛利率 70.2%,价格 2026-09-29 收盘；财务截至 2026-06-30（单季，2026/Q2）；TTM = 最近四个单季稀释 EPS 之和（GAAP，已按拆股折算）；程序化情景规则见「研究标准」页，不是目标价。,78.73,39.0,80.0,0.031966,旧模型算术<2，非最新结论,,,保留旧结论；仅完成模型审计，未逐家公告复核,,,"[{""name"": ""悲观"", ""prob"": ""—"", ""assumption"": ""EPS 3.35（归一化 TTM 3.94 ×0.85）× 11.6×"", ""multiple"": ""11.6× PE"", ""price"": ""$39"", ""change"": ""-51%"", ""trigger"": ""最新季营收同比 <-1% 或毛利率跌破 67%""}, {""name"": ""基准"", ""prob"": ""—"", ""assumption"": ""2027E EPS 4.06（归一化 TTM ×1.03，增速取最新季营收同比的 0.7 倍并限 −5%~+20%）× 19.7×"", ""multiple"": ""19.7× PE"", ""price"": ""$80"", ""change"": ""+1%"", ""trigger"": ""营收同比维持 ≥3%""}, {""name"": ""乐观"", ""prob"": ""—"", ""assumption"": ""EPS 4.50（归一化 TTM ×1.14）× 22.6×"", ""multiple"": ""22.6× PE"", ""price"": ""$102"", ""change"": ""+29%"", ""trigger"": ""营收同比升至 ≥8%""}]",本轮最新行情、最新公告及正常化估值未逐家确认
EXC,爱克斯龙电力,公用事业,观察,观察：TTM PE 14.9×（板块中位 19.3×），基准 +23% ÷ 悲观 −34% ≈ 0.68:1；最新季营收 +10.0%、毛利率 62.9%,价格 2026-09-29 收盘；财务截至 2026-06-30（单季，2026/Q2）；TTM = 最近四个单季稀释 EPS 之和（GAAP，已按拆股折算）；程序化情景规则见「研究标准」页，不是目标价。,40.65,27.0,50.0,0.684982,旧模型算术<2，非最新结论,,,保留旧结论；仅完成模型审计，未逐家公告复核,,,"[{""name"": ""悲观"", ""prob"": ""—"", ""assumption"": ""EPS 2.32（归一化 TTM 2.73 ×0.85）× 11.6×"", ""multiple"": ""11.6× PE"", ""price"": ""$27"", ""change"": ""-34%"", ""trigger"": ""最新季营收同比 <5% 或毛利率跌破 60%""}, {""name"": ""基准"", ""prob"": ""—"", ""assumption"": ""2027E EPS 2.92（归一化 TTM ×1.07，增速取最新季营收同比的 0.7 倍并限 −5%~+20%）× 17.1×"", ""multiple"": ""17.1× PE"", ""price"": ""$50"", ""change"": ""+23%"", ""trigger"": ""营收同比维持 ≥7%""}, {""name"": ""乐观"", ""prob"": ""—"", ""assumption"": ""EPS 3.33（归一化 TTM ×1.22）× 19.7×"", ""multiple"": ""19.7× PE"", ""price"": ""$66"", ""change"": ""+61%"", ""trigger"": ""营收同比升至 ≥13%""}]",本轮最新行情、最新公告及正常化估值未逐家确认
EXE,Expand Energy,能源,观察,观察：TTM PE 7.3×（板块中位 16.1×），基准 +19% ÷ 悲观 −30% ≈ 0.62:1（数据稳定性存疑，见劣势）；最新季营收 -19.8%、毛利率 48.4%,价格 2026-09-29 收盘；财务截至 2026-06-30（单季，2026/Q2）；TTM = 最近四个单季稀释 EPS 之和（GAAP，已按拆股折算）；程序化情景规则见「研究标准」页，不是目标价。,84.18,59.0,100.0,0.628276,旧模型算术<2，非最新结论,,,保留旧结论；仅完成模型审计，未逐家公告复核,,,"[{""name"": ""悲观"", ""prob"": ""—"", ""assumption"": ""EPS 8.11（归一化 TTM 11.58 ×0.70）× 7.3×"", ""multiple"": ""7.3× PE"", ""price"": ""$59"", ""change"": ""-30%"", ""trigger"": ""最新季营收同比 <-25% 或毛利率跌破 45%""}, {""name"": ""基准"", ""prob"": ""—"", ""assumption"": ""2027E EPS 11.00（归一化 TTM ×0.95，增速取最新季营收同比的 0.7 倍并限 −5%~+20%）× 9.1×"", ""multiple"": ""9.1× PE"", ""price"": ""$100"", ""change"": ""+19%"", ""trigger"": ""营收同比维持 ≥0%""}, {""name"": ""乐观"", ""prob"": ""—"", ""assumption"": ""EPS 11.35（归一化 TTM ×0.98）× 10.4×"", ""multiple"": ""10.4× PE"", ""price"": ""$119"", ""change"": ""+41%"", ""trigger"": ""营收同比升至 ≥8%""}]",本轮最新行情、最新公告及正常化估值未逐家确认
EXPD,康捷国际物流,工业,观察,观察：TTM PE 27.4×（板块中位 26.9×），基准 +19% ÷ 悲观 −53% ≈ 0.36:1；最新季营收 +32.1%、毛利率 31.0%,价格 2026-09-29 收盘；财务截至 2026-06-30（单季，2026/Q2）；TTM = 最近四个单季稀释 EPS 之和（GAAP，已按拆股折算）；程序化情景规则见「研究标准」页，不是目标价。,188.16,89.0,224.0,0.361436,旧模型算术<2，非最新结论,,,保留旧结论；仅完成模型审计，未逐家公告复核,,,"[{""name"": ""悲观"", ""prob"": ""—"", ""assumption"": ""EPS 5.50（归一化 TTM 6.87 ×0.80）× 16.2×"", ""multiple"": ""16.2× PE"", ""price"": ""$89"", ""change"": ""-53%"", ""trigger"": ""最新季营收同比 <16% 或毛利率跌破 28%""}, {""name"": ""基准"", ""prob"": ""—"", ""assumption"": ""2027E EPS 8.24（归一化 TTM ×1.20，增速取最新季营收同比的 0.7 倍并限 −5%~+20%）× 27.2×"", ""multiple"": ""27.2× PE"", ""price"": ""$224"", ""change"": ""+19%"", ""trigger"": ""营收同比维持 ≥22%""}, {""name"": ""乐观"", ""prob"": ""—"", ""assumption"": ""EPS 10.17（归一化 TTM ×1.48）× 31.2×"", ""multiple"": ""31.2× PE"", ""price"": ""$317"", ""change"": ""+69%"", ""trigger"": ""营收同比升至 ≥42%""}]",本轮最新行情、最新公告及正常化估值未逐家确认
EXR,Extra Space Storage,房地产,观察,观察：REIT 需 FFO 口径，本页不做估值判断；最新季营收 +3.9%,价格 2026-09-29 收盘；财务截至 2026-06-30（单季，单季报）；TTM = 最近四个单季稀释 EPS 之和（GAAP，已按拆股折算）；程序化情景规则见「研究标准」页，不是目标价。,133.49,,,,无法统一计算（缺字段/无适用情景）,,,保留旧结论；仅完成模型审计，未逐家公告复核,,,[],本轮最新行情、最新公告及正常化估值未逐家确认
FANG,Diamondback Energy,能源,观察,观察：TTM PE 35.9×（板块中位 16.1×），基准 -13% ÷ 悲观 −81%，不成立（数据稳定性存疑，见劣势）；最新季营收 +51.2%、毛利率 82.6%,价格 2026-09-29 收盘；财务截至 2026-06-30（单季，2026/Q2）；TTM = 最近四个单季稀释 EPS 之和（GAAP，已按拆股折算）；程序化情景规则见「研究标准」页，不是目标价。,183.95,35.0,160.0,-0.160792,旧模型无正基准上行,,,保留旧结论；仅完成模型审计，未逐家公告复核,,,"[{""name"": ""悲观"", ""prob"": ""—"", ""assumption"": ""EPS 3.59（归一化 TTM 5.13 ×0.70）× 9.7×"", ""multiple"": ""9.7× PE"", ""price"": ""$35"", ""change"": ""-81%"", ""trigger"": ""最新季营收同比 <26% 或毛利率跌破 80%""}, {""name"": ""基准"", ""prob"": ""—"", ""assumption"": ""2027E EPS 6.16（归一化 TTM ×1.20，增速取最新季营收同比的 0.7 倍并限 −5%~+20%）× 26.0×"", ""multiple"": ""26.0× PE"", ""price"": ""$160"", ""change"": ""-13%"", ""trigger"": ""营收同比维持 ≥36%""}, {""name"": ""乐观"", ""prob"": ""—"", ""assumption"": ""EPS 7.59（归一化 TTM ×1.48）× 29.9×"", ""multiple"": ""29.9× PE"", ""price"": ""$227"", ""change"": ""+23%"", ""trigger"": ""营收同比升至 ≥67%""}]",本轮最新行情、最新公告及正常化估值未逐家确认
FAST,快扣,工业,观察,观察：TTM PE 42.3×（板块中位 26.9×），基准 -10% ÷ 悲观 −69%，不成立；最新季营收 +14.7%、毛利率 44.6%,价格 2026-09-29 收盘；财务截至 2026-06-30（单季，2026/Q2）；TTM = 最近四个单季稀释 EPS 之和（GAAP，已按拆股折算）；程序化情景规则见「研究标准」页，不是目标价。,49.96,15.0,45.0,-0.141876,旧模型无正基准上行,,,保留旧结论；仅完成模型审计，未逐家公告复核,,,"[{""name"": ""悲观"", ""prob"": ""—"", ""assumption"": ""EPS 0.94（归一化 TTM 1.18 ×0.80）× 16.2×"", ""multiple"": ""16.2× PE"", ""price"": ""$15"", ""change"": ""-69%"", ""trigger"": ""最新季营收同比 <7% 或毛利率跌破 42%""}, {""name"": ""基准"", ""prob"": ""—"", ""assumption"": ""2027E EPS 1.30（归一化 TTM ×1.10，增速取最新季营收同比的 0.7 倍并限 −5%~+20%）× 34.6×"", ""multiple"": ""34.6× PE"", ""price"": ""$45"", ""change"": ""-10%"", ""trigger"": ""营收同比维持 ≥10%""}, {""name"": ""乐观"", ""prob"": ""—"", ""assumption"": ""EPS 1.52（归一化 TTM ×1.29）× 39.8×"", ""multiple"": ""39.8× PE"", ""price"": ""$60"", ""change"": ""+21%"", ""trigger"": ""营收同比升至 ≥19%""}]",本轮最新行情、最新公告及正常化估值未逐家确认
FCX,自由港麦克莫兰,材料,观察,观察：TTM PE 34.9×（板块中位 24.3×），基准 -19% ÷ 悲观 −71%，不成立；最新季营收 -7.3%、毛利率 31.1%,价格 2026-09-29 收盘；财务截至 2026-06-30（单季，2026/Q2）；TTM = 最近四个单季稀释 EPS 之和（GAAP，已按拆股折算）；程序化情景规则见「研究标准」页，不是目标价。,70.79,21.0,57.0,-0.276963,旧模型无正基准上行,,,保留旧结论；仅完成模型审计，未逐家公告复核,,,"[{""name"": ""悲观"", ""prob"": ""—"", ""assumption"": ""EPS 1.42（归一化 TTM 2.03 ×0.70）× 14.6×"", ""multiple"": ""14.6× PE"", ""price"": ""$21"", ""change"": ""-71%"", ""trigger"": ""最新季营收同比 <-12% 或毛利率跌破 28%""}, {""name"": ""基准"", ""prob"": ""—"", ""assumption"": ""2027E EPS 1.93（归一化 TTM ×0.95，增速取最新季营收同比的 0.7 倍并限 −5%~+20%）× 29.6×"", ""multiple"": ""29.6× PE"", ""price"": ""$57"", ""change"": ""-19%"", ""trigger"": ""营收同比维持 ≥0%""}, {""name"": ""乐观"", ""prob"": ""—"", ""assumption"": ""EPS 1.99（归一化 TTM ×0.98）× 34.0×"", ""multiple"": ""34.0× PE"", ""price"": ""$68"", ""change"": ""-4%"", ""trigger"": ""营收同比升至 ≥8%""}]",本轮最新行情、最新公告及正常化估值未逐家确认
FDX,联邦快递,工业,条件关注,条件关注：TTM PE 15.1×（板块中位 26.9×），基准 +29% ÷ 悲观 −20% ≈ 1.45:1；最新季营收 +4.7%、毛利率 27.3%,价格 2026-09-29 收盘；财务截至 2025-12-31（单季，2025/Q4）；TTM = 最近四个单季稀释 EPS 之和（GAAP，已按拆股折算）；程序化情景规则见「研究标准」页，不是目标价。,287.47,230.0,371.0,1.453454,旧模型算术<2，非最新结论,,,保留旧结论；仅完成模型审计，未逐家公告复核,,,"[{""name"": ""悲观"", ""prob"": ""—"", ""assumption"": ""EPS 15.27（归一化 TTM 19.09 ×0.80）× 15.1×"", ""multiple"": ""15.1× PE"", ""price"": ""$230"", ""change"": ""-20%"", ""trigger"": ""最新季营收同比 <0% 或毛利率跌破 24%""}, {""name"": ""基准"", ""prob"": ""—"", ""assumption"": ""2027E EPS 19.71（归一化 TTM ×1.03，增速取最新季营收同比的 0.7 倍并限 −5%~+20%）× 18.8×"", ""multiple"": ""18.8× PE"", ""price"": ""$371"", ""change"": ""+29%"", ""trigger"": ""营收同比维持 ≥3%""}, {""name"": ""乐观"", ""prob"": ""—"", ""assumption"": ""EPS 21.87（归一化 TTM ×1.15）× 21.6×"", ""multiple"": ""21.6× PE"", ""price"": ""$473"", ""change"": ""+65%"", ""trigger"": ""营收同比升至 ≥8%""}]",本轮最新行情、最新公告及正常化估值未逐家确认
FDXF,FedEx Freight,工业,条件关注,条件关注：TTM PE 15.8×（板块中位 26.9×），基准 +22% ÷ 悲观 −20% ≈ 1.12:1；最新季营收 -3.0%,价格 2026-09-29 收盘；财务截至 2025-12-31（单季，2025/Q4）；TTM = 最近四个单季稀释 EPS 之和（GAAP，已按拆股折算）；程序化情景规则见「研究标准」页，不是目标价。,112.06,90.0,137.0,1.130553,旧模型算术<2，非最新结论,,,保留旧结论；仅完成模型审计，未逐家公告复核,,,"[{""name"": ""悲观"", ""prob"": ""—"", ""assumption"": ""EPS 5.66（归一化 TTM 7.08 ×0.80）× 15.8×"", ""multiple"": ""15.8× PE"", ""price"": ""$90"", ""change"": ""-20%"", ""trigger"": ""最新季营收同比 <-8%""}, {""name"": ""基准"", ""prob"": ""—"", ""assumption"": ""2027E EPS 6.93（归一化 TTM ×0.98，增速取最新季营收同比的 0.7 倍并限 −5%~+20%）× 19.8×"", ""multiple"": ""19.8× PE"", ""price"": ""$137"", ""change"": ""+22%"", ""trigger"": ""营收同比维持 ≥0%""}, {""name"": ""乐观"", ""prob"": ""—"", ""assumption"": ""EPS 7.35（归一化 TTM ×1.04）× 22.8×"", ""multiple"": ""22.8× PE"", ""price"": ""$167"", ""change"": ""+49%"", ""trigger"": ""营收同比升至 ≥8%""}]",本轮最新行情、最新公告及正常化估值未逐家确认
FE,第一能源,公用事业,观察,观察：TTM PE 16.8×（板块中位 19.3×），基准 +14% ÷ 悲观 −41% ≈ 0.34:1；最新季营收 +8.8%、毛利率 64.3%,价格 2026-09-29 收盘；财务截至 2026-06-30（单季，2026/Q2）；TTM = 最近四个单季稀释 EPS 之和（GAAP，已按拆股折算）；程序化情景规则见「研究标准」页，不是目标价。,43.64,26.0,50.0,0.360544,旧模型算术<2，非最新结论,,,保留旧结论；仅完成模型审计，未逐家公告复核,,,"[{""name"": ""悲观"", ""prob"": ""—"", ""assumption"": ""EPS 2.20（归一化 TTM 2.59 ×0.85）× 11.6×"", ""multiple"": ""11.6× PE"", ""price"": ""$26"", ""change"": ""-41%"", ""trigger"": ""最新季营收同比 <4% 或毛利率跌破 61%""}, {""name"": ""基准"", ""prob"": ""—"", ""assumption"": ""2027E EPS 2.75（归一化 TTM ×1.06，增速取最新季营收同比的 0.7 倍并限 −5%~+20%）× 18.1×"", ""multiple"": ""18.1× PE"", ""price"": ""$50"", ""change"": ""+14%"", ""trigger"": ""营收同比维持 ≥6%""}, {""name"": ""乐观"", ""prob"": ""—"", ""assumption"": ""EPS 3.12（归一化 TTM ×1.20）× 20.8×"", ""multiple"": ""20.8× PE"", ""price"": ""$65"", ""change"": ""+49%"", ""trigger"": ""营收同比升至 ≥11%""}]",本轮最新行情、最新公告及正常化估值未逐家确认
FERG,Ferguson Enterprises,工业,观察,观察：TTM PE 18.2×（板块中位 26.9×），基准 +28% ÷ 悲观 −29% ≈ 0.96:1；最新季营收 +4.6%、毛利率 31.0%,价格 2026-09-29 收盘；财务截至 2026-06-30（单季，2026/Q2）；TTM = 最近四个单季稀释 EPS 之和（GAAP，已按拆股折算）；程序化情景规则见「研究标准」页，不是目标价。,223.87,159.0,286.0,0.957762,旧模型算术<2，非最新结论,,,保留旧结论；仅完成模型审计，未逐家公告复核,,,"[{""name"": ""悲观"", ""prob"": ""—"", ""assumption"": ""EPS 9.83（归一化 TTM 12.28 ×0.80）× 16.2×"", ""multiple"": ""16.2× PE"", ""price"": ""$159"", ""change"": ""-29%"", ""trigger"": ""最新季营收同比 <0% 或毛利率跌破 28%""}, {""name"": ""基准"", ""prob"": ""—"", ""assumption"": ""2027E EPS 12.68（归一化 TTM ×1.03，增速取最新季营收同比的 0.7 倍并限 −5%~+20%）× 22.6×"", ""multiple"": ""22.6× PE"", ""price"": ""$286"", ""change"": ""+28%"", ""trigger"": ""营收同比维持 ≥3%""}, {""name"": ""乐观"", ""prob"": ""—"", ""assumption"": ""EPS 14.06（归一化 TTM ×1.14）× 26.0×"", ""multiple"": ""26.0× PE"", ""price"": ""$365"", ""change"": ""+63%"", ""trigger"": ""营收同比升至 ≥8%""}]",本轮最新行情、最新公告及正常化估值未逐家确认
FIX,Comfort Systems USA,工业,观察,观察：TTM PE 41.0×（板块中位 26.9×），基准 -1% ÷ 悲观 −68%，不成立（数据稳定性存疑，见劣势）；最新季营收 +50.3%、毛利率 25.9%,价格 2026-09-29 收盘；财务截至 2026-06-30（单季，2026/Q2）；TTM = 最近四个单季稀释 EPS 之和（GAAP，已按拆股折算）；程序化情景规则见「研究标准」页，不是目标价。,1665.05,525.0,1655.0,-0.008815,旧模型无正基准上行,,,保留旧结论；仅完成模型审计，未逐家公告复核,,,"[{""name"": ""悲观"", ""prob"": ""—"", ""assumption"": ""EPS 32.51（归一化 TTM 40.63 ×0.80）× 16.2×"", ""multiple"": ""16.2× PE"", ""price"": ""$525"", ""change"": ""-68%"", ""trigger"": ""最新季营收同比 <25% 或毛利率跌破 23%""}, {""name"": ""基准"", ""prob"": ""—"", ""assumption"": ""2027E EPS 48.76（归一化 TTM ×1.20，增速取最新季营收同比的 0.7 倍并限 −5%~+20%）× 33.9×"", ""multiple"": ""33.9× PE"", ""price"": ""$1655"", ""change"": ""-1%"", ""trigger"": ""营收同比维持 ≥35%""}, {""name"": ""乐观"", ""prob"": ""—"", ""assumption"": ""EPS 60.13（归一化 TTM ×1.48）× 39.0×"", ""multiple"": ""39.0× PE"", ""price"": ""$2348"", ""change"": ""+41%"", ""trigger"": ""营收同比升至 ≥65%""}]",本轮最新行情、最新公告及正常化估值未逐家确认
FLEX,伟创力,信息技术,观察,观察：TTM PE 43.9×（板块中位 29.1×），基准 -5% ÷ 悲观 −68%，不成立；最新季营收 +20.6%、毛利率 9.4%,价格 2026-09-29 收盘；财务截至 2026-06-26（单季，2026/Q1）；TTM = 最近四个单季稀释 EPS 之和（GAAP，已按拆股折算）；程序化情景规则见「研究标准」页，不是目标价。,113.83,36.0,108.0,-0.074907,旧模型无正基准上行,,,保留旧结论；仅完成模型审计，未逐家公告复核,,,"[{""name"": ""悲观"", ""prob"": ""—"", ""assumption"": ""EPS 2.07（归一化 TTM 2.59 ×0.80）× 17.5×"", ""multiple"": ""17.5× PE"", ""price"": ""$36"", ""change"": ""-68%"", ""trigger"": ""最新季营收同比 <10% 或毛利率跌破 6%""}, {""name"": ""基准"", ""prob"": ""—"", ""assumption"": ""2027E EPS 2.96（归一化 TTM ×1.14，增速取最新季营收同比的 0.7 倍并限 −5%~+20%）× 36.5×"", ""multiple"": ""36.5× PE"", ""price"": ""$108"", ""change"": ""-5%"", ""trigger"": ""营收同比维持 ≥14%""}, {""name"": ""乐观"", ""prob"": ""—"", ""assumption"": ""EPS 3.54（归一化 TTM ×1.37）× 42.0×"", ""multiple"": ""42.0× PE"", ""price"": ""$149"", ""change"": ""+31%"", ""trigger"": ""营收同比升至 ≥27%""}]",本轮最新行情、最新公告及正常化估值未逐家确认
FOX,福克斯-B,通信服务,观察,观察：TTM PE 14.8×（板块中位 17.1×），基准 +29% ÷ 悲观 −45% ≈ 0.65:1；最新季营收 +28.1%,价格 2026-09-29 收盘；财务截至 2026-06-30（单季，2025/Q4）；TTM = 最近四个单季稀释 EPS 之和（GAAP，已按拆股折算）；程序化情景规则见「研究标准」页，不是目标价。,55.83,31.0,72.0,0.651228,旧模型算术<2，非最新结论,,,保留旧结论；仅完成模型审计，未逐家公告复核,,,"[{""name"": ""悲观"", ""prob"": ""—"", ""assumption"": ""EPS 3.01（归一化 TTM 3.77 ×0.80）× 10.3×"", ""multiple"": ""10.3× PE"", ""price"": ""$31"", ""change"": ""-45%"", ""trigger"": ""最新季营收同比 <14%""}, {""name"": ""基准"", ""prob"": ""—"", ""assumption"": ""2027E EPS 4.51（归一化 TTM ×1.20，增速取最新季营收同比的 0.7 倍并限 −5%~+20%）× 16.0×"", ""multiple"": ""16.0× PE"", ""price"": ""$72"", ""change"": ""+29%"", ""trigger"": ""营收同比维持 ≥20%""}, {""name"": ""乐观"", ""prob"": ""—"", ""assumption"": ""EPS 5.55（归一化 TTM ×1.47）× 18.4×"", ""multiple"": ""18.4× PE"", ""price"": ""$102"", ""change"": ""+82%"", ""trigger"": ""营收同比升至 ≥37%""}]",本轮最新行情、最新公告及正常化估值未逐家确认
FOXA,福克斯-A,通信服务,观察,观察：TTM PE 16.6×（板块中位 17.1×），基准 +22% ÷ 悲观 −51% ≈ 0.43:1；最新季营收 +28.1%,价格 2026-09-29 收盘；财务截至 2026-06-30（单季，2025/Q4）；TTM = 最近四个单季稀释 EPS 之和（GAAP，已按拆股折算）；程序化情景规则见「研究标准」页，不是目标价。,62.48,31.0,76.0,0.429479,旧模型算术<2，非最新结论,,,保留旧结论；仅完成模型审计，未逐家公告复核,,,"[{""name"": ""悲观"", ""prob"": ""—"", ""assumption"": ""EPS 3.01（归一化 TTM 3.77 ×0.80）× 10.3×"", ""multiple"": ""10.3× PE"", ""price"": ""$31"", ""change"": ""-51%"", ""trigger"": ""最新季营收同比 <14%""}, {""name"": ""基准"", ""prob"": ""—"", ""assumption"": ""2027E EPS 4.51（归一化 TTM ×1.20，增速取最新季营收同比的 0.7 倍并限 −5%~+20%）× 16.8×"", ""multiple"": ""16.8× PE"", ""price"": ""$76"", ""change"": ""+22%"", ""trigger"": ""营收同比维持 ≥20%""}, {""name"": ""乐观"", ""prob"": ""—"", ""assumption"": ""EPS 5.55（归一化 TTM ×1.47）× 19.4×"", ""multiple"": ""19.4× PE"", ""price"": ""$108"", ""change"": ""+72%"", ""trigger"": ""营收同比升至 ≥37%""}]",本轮最新行情、最新公告及正常化估值未逐家确认
FRT,FRT信托,房地产,观察,观察：REIT 需 FFO 口径，本页不做估值判断；最新季营收 +7.8%,价格 2026-09-29 收盘；财务截至 2026-06-30（单季，单季报）；TTM = 最近四个单季稀释 EPS 之和（GAAP，已按拆股折算）；程序化情景规则见「研究标准」页，不是目标价。,109.39,,,,无法统一计算（缺字段/无适用情景）,,,保留旧结论；仅完成模型审计，未逐家公告复核,,,[],本轮最新行情、最新公告及正常化估值未逐家确认
FSLR,第一太阳能,信息技术,观察,观察：TTM PE 10.9×（板块中位 29.1×），基准 +22% ÷ 悲观 −30% ≈ 0.72:1（数据稳定性存疑，见劣势）；最新季营收 -3.7%、毛利率 57.3%,价格 2026-09-29 收盘；财务截至 2026-06-30（单季，2026/Q2）；TTM = 最近四个单季稀释 EPS 之和（GAAP，已按拆股折算）；程序化情景规则见「研究标准」页，不是目标价。,176.93,124.0,215.0,0.719252,旧模型算术<2，非最新结论,,,保留旧结论；仅完成模型审计，未逐家公告复核,,,"[{""name"": ""悲观"", ""prob"": ""—"", ""assumption"": ""EPS 11.35（归一化 TTM 16.22 ×0.70）× 10.9×"", ""multiple"": ""10.9× PE"", ""price"": ""$124"", ""change"": ""-30%"", ""trigger"": ""最新季营收同比 <-9% 或毛利率跌破 54%""}, {""name"": ""基准"", ""prob"": ""—"", ""assumption"": ""2027E EPS 15.80（归一化 TTM ×0.97，增速取最新季营收同比的 0.7 倍并限 −5%~+20%）× 13.6×"", ""multiple"": ""13.6× PE"", ""price"": ""$215"", ""change"": ""+22%"", ""trigger"": ""营收同比维持 ≥0%""}, {""name"": ""乐观"", ""prob"": ""—"", ""assumption"": ""EPS 16.67（归一化 TTM ×1.03）× 15.7×"", ""multiple"": ""15.7× PE"", ""price"": ""$261"", ""change"": ""+48%"", ""trigger"": ""营收同比升至 ≥8%""}]",本轮最新行情、最新公告及正常化估值未逐家确认
FTV,Fortive,工业,观察,观察：TTM PE 32.8×（板块中位 26.9×），基准 -4% ÷ 悲观 −66%，不成立；最新季营收 +7.9%、毛利率 63.4%,价格 2026-09-29 收盘；财务截至 2026-07-03（单季，2026/Q2）；TTM = 最近四个单季稀释 EPS 之和（GAAP，已按拆股折算）；程序化情景规则见「研究标准」页，不是目标价。,55.41,19.0,53.0,-0.066191,旧模型无正基准上行,,,保留旧结论；仅完成模型审计，未逐家公告复核,,,"[{""name"": ""悲观"", ""prob"": ""—"", ""assumption"": ""EPS 1.18（归一化 TTM 1.69 ×0.70）× 16.2×"", ""multiple"": ""16.2× PE"", ""price"": ""$19"", ""change"": ""-66%"", ""trigger"": ""最新季营收同比 <3% 或毛利率跌破 60%""}, {""name"": ""基准"", ""prob"": ""—"", ""assumption"": ""2027E EPS 1.78（归一化 TTM ×1.06，增速取最新季营收同比的 0.7 倍并限 −5%~+20%）× 29.9×"", ""multiple"": ""29.9× PE"", ""price"": ""$53"", ""change"": ""-4%"", ""trigger"": ""营收同比维持 ≥6%""}, {""name"": ""乐观"", ""prob"": ""—"", ""assumption"": ""EPS 2.01（归一化 TTM ×1.19）× 34.3×"", ""multiple"": ""34.3× PE"", ""price"": ""$69"", ""change"": ""+25%"", ""trigger"": ""营收同比升至 ≥10%""}]",本轮最新行情、最新公告及正常化估值未逐家确认
GD,通用动力,工业,观察,观察：TTM PE 20.3×（板块中位 26.9×），基准 +23% ÷ 悲观 −36% ≈ 0.63:1；最新季营收 +8.1%、毛利率 15.5%,价格 2026-09-29 收盘；财务截至 2026-07-05（单季，2026/Q2）；TTM = 最近四个单季稀释 EPS 之和（GAAP，已按拆股折算）；程序化情景规则见「研究标准」页，不是目标价。,332.34,212.0,409.0,0.637028,旧模型算术<2，非最新结论,,,保留旧结论；仅完成模型审计，未逐家公告复核,,,"[{""name"": ""悲观"", ""prob"": ""—"", ""assumption"": ""EPS 13.11（归一化 TTM 16.39 ×0.80）× 16.2×"", ""multiple"": ""16.2× PE"", ""price"": ""$212"", ""change"": ""-36%"", ""trigger"": ""最新季营收同比 <3% 或毛利率跌破 12%""}, {""name"": ""基准"", ""prob"": ""—"", ""assumption"": ""2027E EPS 17.32（归一化 TTM ×1.06，增速取最新季营收同比的 0.7 倍并限 −5%~+20%）× 23.6×"", ""multiple"": ""23.6× PE"", ""price"": ""$409"", ""change"": ""+23%"", ""trigger"": ""营收同比维持 ≥6%""}, {""name"": ""乐观"", ""prob"": ""—"", ""assumption"": ""EPS 19.55（归一化 TTM ×1.19）× 27.1×"", ""multiple"": ""27.1× PE"", ""price"": ""$531"", ""change"": ""+60%"", ""trigger"": ""营收同比升至 ≥10%""}]",本轮最新行情、最新公告及正常化估值未逐家确认
GDDY,GoDaddy,信息技术,条件关注,条件关注：TTM PE 14.0×（板块中位 29.1×），基准 +31% ÷ 悲观 −20% ≈ 1.54:1；最新季营收 +6.6%、毛利率 63.8%,价格 2026-09-29 收盘；财务截至 2026-06-30（单季，2026/Q2）；TTM = 最近四个单季稀释 EPS 之和（GAAP，已按拆股折算）；程序化情景规则见「研究标准」页，不是目标价。,94.06,75.0,123.0,1.518363,旧模型算术<2，非最新结论,,,保留旧结论；仅完成模型审计，未逐家公告复核,,,"[{""name"": ""悲观"", ""prob"": ""—"", ""assumption"": ""EPS 5.39（归一化 TTM 6.74 ×0.80）× 14.0×"", ""multiple"": ""14.0× PE"", ""price"": ""$75"", ""change"": ""-20%"", ""trigger"": ""最新季营收同比 <2% 或毛利率跌破 61%""}, {""name"": ""基准"", ""prob"": ""—"", ""assumption"": ""2027E EPS 7.05（归一化 TTM ×1.05，增速取最新季营收同比的 0.7 倍并限 −5%~+20%）× 17.4×"", ""multiple"": ""17.4× PE"", ""price"": ""$123"", ""change"": ""+31%"", ""trigger"": ""营收同比维持 ≥5%""}, {""name"": ""乐观"", ""prob"": ""—"", ""assumption"": ""EPS 7.90（归一化 TTM ×1.17）× 20.1×"", ""multiple"": ""20.1× PE"", ""price"": ""$159"", ""change"": ""+69%"", ""trigger"": ""营收同比升至 ≥9%""}]",本轮最新行情、最新公告及正常化估值未逐家确认
GE,GE航空航天,工业,观察,观察：TTM PE 37.4×（板块中位 26.9×），基准 -1% ÷ 悲观 −65%，不成立；最新季营收 +21.1%、毛利率 35.0%,价格 2026-09-29 收盘；财务截至 2026-06-30（单季，2026/Q2）；TTM = 最近四个单季稀释 EPS 之和（GAAP，已按拆股折算）；程序化情景规则见「研究标准」页，不是目标价。,317.89,110.0,314.0,-0.018712,旧模型无正基准上行,,,保留旧结论；仅完成模型审计，未逐家公告复核,,,"[{""name"": ""悲观"", ""prob"": ""—"", ""assumption"": ""EPS 6.79（归一化 TTM 8.49 ×0.80）× 16.2×"", ""multiple"": ""16.2× PE"", ""price"": ""$110"", ""change"": ""-65%"", ""trigger"": ""最新季营收同比 <11% 或毛利率跌破 32%""}, {""name"": ""基准"", ""prob"": ""—"", ""assumption"": ""2027E EPS 9.74（归一化 TTM ×1.15，增速取最新季营收同比的 0.7 倍并限 −5%~+20%）× 32.2×"", ""multiple"": ""32.2× PE"", ""price"": ""$314"", ""change"": ""-1%"", ""trigger"": ""营收同比维持 ≥15%""}, {""name"": ""乐观"", ""prob"": ""—"", ""assumption"": ""EPS 11.68（归一化 TTM ×1.38）× 37.0×"", ""multiple"": ""37.0× PE"", ""price"": ""$432"", ""change"": ""+36%"", ""trigger"": ""营收同比升至 ≥27%""}]",本轮最新行情、最新公告及正常化估值未逐家确认
GEN,Gen Digital,信息技术,条件关注,条件关注：TTM PE 17.3×（板块中位 29.1×），基准 +30% ÷ 悲观 −20% ≈ 1.52:1；最新季营收 +6.3%、毛利率 77.0%,价格 2026-09-29 收盘；财务截至 2026-07-03（单季，2026/Q1）；TTM = 最近四个单季稀释 EPS 之和（GAAP，已按拆股折算）；程序化情景规则见「研究标准」页，不是目标价。,20.85,17.0,27.0,1.597403,旧模型算术<2，非最新结论,,,保留旧结论；仅完成模型审计，未逐家公告复核,,,"[{""name"": ""悲观"", ""prob"": ""—"", ""assumption"": ""EPS 0.96（归一化 TTM 1.21 ×0.80）× 17.3×"", ""multiple"": ""17.3× PE"", ""price"": ""$17"", ""change"": ""-20%"", ""trigger"": ""最新季营收同比 <1% 或毛利率跌破 74%""}, {""name"": ""基准"", ""prob"": ""—"", ""assumption"": ""2027E EPS 1.26（归一化 TTM ×1.04，增速取最新季营收同比的 0.7 倍并限 −5%~+20%）× 21.6×"", ""multiple"": ""21.6× PE"", ""price"": ""$27"", ""change"": ""+30%"", ""trigger"": ""营收同比维持 ≥4%""}, {""name"": ""乐观"", ""prob"": ""—"", ""assumption"": ""EPS 1.41（归一化 TTM ×1.17）× 24.9×"", ""multiple"": ""24.9× PE"", ""price"": ""$35"", ""change"": ""+68%"", ""trigger"": ""营收同比升至 ≥8%""}]",本轮最新行情、最新公告及正常化估值未逐家确认
GEV,GE Vernova,工业,观察,观察：TTM PE 27.5×（板块中位 26.9×），基准 +14% ÷ 悲观 −53% ≈ 0.26:1；最新季营收 +21.9%、毛利率 21.3%,价格 2026-09-29 收盘；财务截至 2026-06-30（单季，2026/Q2）；TTM = 最近四个单季稀释 EPS 之和（GAAP，已按拆股折算）；程序化情景规则见「研究标准」页，不是目标价。,962.49,451.0,1097.0,0.262977,旧模型算术<2，非最新结论,,,保留旧结论；仅完成模型审计，未逐家公告复核,,,"[{""name"": ""悲观"", ""prob"": ""—"", ""assumption"": ""EPS 27.95（归一化 TTM 34.94 ×0.80）× 16.2×"", ""multiple"": ""16.2× PE"", ""price"": ""$451"", ""change"": ""-53%"", ""trigger"": ""最新季营收同比 <11% 或毛利率跌破 18%""}, {""name"": ""基准"", ""prob"": ""—"", ""assumption"": ""2027E EPS 40.29（归一化 TTM ×1.15，增速取最新季营收同比的 0.7 倍并限 −5%~+20%）× 27.2×"", ""multiple"": ""27.2× PE"", ""price"": ""$1097"", ""change"": ""+14%"", ""trigger"": ""营收同比维持 ≥15%""}, {""name"": ""乐观"", ""prob"": ""—"", ""assumption"": ""EPS 48.44（归一化 TTM ×1.39）× 31.3×"", ""multiple"": ""31.3× PE"", ""price"": ""$1517"", ""change"": ""+58%"", ""trigger"": ""营收同比升至 ≥28%""}]",本轮最新行情、最新公告及正常化估值未逐家确认
GL,环球人寿,金融,观察,观察：TTM PE 11.0×（板块中位 14.8×），基准 +24% ÷ 悲观 −35% ≈ 0.67:1；最新季营收 +8.0%,价格 2026-09-29 收盘；财务截至 2026-06-30（单季，单季报）；TTM = 最近四个单季稀释 EPS 之和（GAAP，已按拆股折算）；程序化情景规则见「研究标准」页，不是目标价。,166.08,107.0,206.0,0.675694,旧模型算术<2，非最新结论,,,保留旧结论；仅完成模型审计，未逐家公告复核,,,"[{""name"": ""悲观"", ""prob"": ""—"", ""assumption"": ""EPS 12.05（归一化 TTM 15.06 ×0.80）× 8.9×"", ""multiple"": ""8.9× PE"", ""price"": ""$107"", ""change"": ""-35%"", ""trigger"": ""最新季营收同比 <3%""}, {""name"": ""基准"", ""prob"": ""—"", ""assumption"": ""2027E EPS 15.90（归一化 TTM ×1.06，增速取最新季营收同比的 0.7 倍并限 −5%~+20%）× 12.9×"", ""multiple"": ""12.9× PE"", ""price"": ""$206"", ""change"": ""+24%"", ""trigger"": ""营收同比维持 ≥6%""}, {""name"": ""乐观"", ""prob"": ""—"", ""assumption"": ""EPS 17.95（归一化 TTM ×1.19）× 14.9×"", ""multiple"": ""14.9× PE"", ""price"": ""$267"", ""change"": ""+61%"", ""trigger"": ""营收同比升至 ≥10%""}]",本轮最新行情、最新公告及正常化估值未逐家确认
GNRC,Generac,工业,观察,观察：TTM PE 48.9×（板块中位 26.9×），基准 -17% ÷ 悲观 −74%，不成立（数据稳定性存疑，见劣势）；最新季营收 +10.6%、毛利率 44.5%,价格 2026-09-29 收盘；财务截至 2026-06-30（单季，2026/Q2）；TTM = 最近四个单季稀释 EPS 之和（GAAP，已按拆股折算）；程序化情景规则见「研究标准」页，不是目标价。,212.22,56.0,177.0,-0.225451,旧模型无正基准上行,,,保留旧结论；仅完成模型审计，未逐家公告复核,,,"[{""name"": ""悲观"", ""prob"": ""—"", ""assumption"": ""EPS 3.47（归一化 TTM 4.34 ×0.80）× 16.2×"", ""multiple"": ""16.2× PE"", ""price"": ""$56"", ""change"": ""-74%"", ""trigger"": ""最新季营收同比 <5% 或毛利率跌破 41%""}, {""name"": ""基准"", ""prob"": ""—"", ""assumption"": ""2027E EPS 4.66（归一化 TTM ×1.07，增速取最新季营收同比的 0.7 倍并限 −5%~+20%）× 37.9×"", ""multiple"": ""37.9× PE"", ""price"": ""$177"", ""change"": ""-17%"", ""trigger"": ""营收同比维持 ≥7%""}, {""name"": ""乐观"", ""prob"": ""—"", ""assumption"": ""EPS 5.33（归一化 TTM ×1.23）× 43.6×"", ""multiple"": ""43.6× PE"", ""price"": ""$232"", ""change"": ""+9%"", ""trigger"": ""营收同比升至 ≥14%""}]",本轮最新行情、最新公告及正常化估值未逐家确认
GOOG,谷歌-C,通信服务,观察,观察：TTM PE 16.9×（板块中位 17.1×），基准 +17% ÷ 悲观 −52% ≈ 0.34:1；最新季营收 +24.2%、毛利率 61.6%,价格 2026-09-29 收盘；财务截至 2026-06-30（单季，2026/Q2）；TTM = 最近四个单季稀释 EPS 之和（GAAP，已按拆股折算）；程序化情景规则见「研究标准」页，不是目标价。,337.32,163.0,396.0,0.336622,旧模型算术<2，非最新结论,,,保留旧结论；仅完成模型审计，未逐家公告复核,,,"[{""name"": ""悲观"", ""prob"": ""—"", ""assumption"": ""EPS 15.93（归一化 TTM 19.91 ×0.80）× 10.3×"", ""multiple"": ""10.3× PE"", ""price"": ""$163"", ""change"": ""-52%"", ""trigger"": ""最新季营收同比 <12% 或毛利率跌破 59%""}, {""name"": ""基准"", ""prob"": ""—"", ""assumption"": ""2027E EPS 23.29（归一化 TTM ×1.17，增速取最新季营收同比的 0.7 倍并限 −5%~+20%）× 17.0×"", ""multiple"": ""17.0× PE"", ""price"": ""$396"", ""change"": ""+17%"", ""trigger"": ""营收同比维持 ≥17%""}, {""name"": ""乐观"", ""prob"": ""—"", ""assumption"": ""EPS 28.26（归一化 TTM ×1.42）× 19.6×"", ""multiple"": ""19.6× PE"", ""price"": ""$553"", ""change"": ""+64%"", ""trigger"": ""营收同比升至 ≥32%""}]",本轮最新行情、最新公告及正常化估值未逐家确认
GOOGL,谷歌-A,通信服务,观察,观察：TTM PE 17.1×（板块中位 17.1×），基准 +17% ÷ 悲观 −52% ≈ 0.32:1；最新季营收 +24.2%、毛利率 61.6%,价格 2026-09-29 收盘；财务截至 2026-06-30（单季，2026/Q2）；TTM = 最近四个单季稀释 EPS 之和（GAAP，已按拆股折算）；程序化情景规则见「研究标准」页，不是目标价。,340.92,163.0,398.0,0.320818,旧模型算术<2，非最新结论,,,保留旧结论；仅完成模型审计，未逐家公告复核,,,"[{""name"": ""悲观"", ""prob"": ""—"", ""assumption"": ""EPS 15.93（归一化 TTM 19.91 ×0.80）× 10.3×"", ""multiple"": ""10.3× PE"", ""price"": ""$163"", ""change"": ""-52%"", ""trigger"": ""最新季营收同比 <12% 或毛利率跌破 59%""}, {""name"": ""基准"", ""prob"": ""—"", ""assumption"": ""2027E EPS 23.29（归一化 TTM ×1.17，增速取最新季营收同比的 0.7 倍并限 −5%~+20%）× 17.1×"", ""multiple"": ""17.1× PE"", ""price"": ""$398"", ""change"": ""+17%"", ""trigger"": ""营收同比维持 ≥17%""}, {""name"": ""乐观"", ""prob"": ""—"", ""assumption"": ""EPS 28.26（归一化 TTM ×1.42）× 19.7×"", ""multiple"": ""19.7× PE"", ""price"": ""$556"", ""change"": ""+63%"", ""trigger"": ""营收同比升至 ≥32%""}]",本轮最新行情、最新公告及正常化估值未逐家确认
GWW,固安捷,工业,观察,观察：TTM PE 31.8×（板块中位 26.9×），基准 -1% ÷ 悲观 −64%，不成立；最新季营收 +10.3%、毛利率 39.5%,价格 2026-09-29 收盘；财务截至 2026-06-30（单季，2026/Q2）；TTM = 最近四个单季稀释 EPS 之和（GAAP，已按拆股折算）；程序化情景规则见「研究标准」页，不是目标价。,1248.67,443.0,1235.0,-0.016967,旧模型无正基准上行,,,保留旧结论；仅完成模型审计，未逐家公告复核,,,"[{""name"": ""悲观"", ""prob"": ""—"", ""assumption"": ""EPS 27.45（归一化 TTM 39.22 ×0.70）× 16.2×"", ""multiple"": ""16.2× PE"", ""price"": ""$443"", ""change"": ""-64%"", ""trigger"": ""最新季营收同比 <5% 或毛利率跌破 37%""}, {""name"": ""基准"", ""prob"": ""—"", ""assumption"": ""2027E EPS 42.04（归一化 TTM ×1.07，增速取最新季营收同比的 0.7 倍并限 −5%~+20%）× 29.4×"", ""multiple"": ""29.4× PE"", ""price"": ""$1235"", ""change"": ""-1%"", ""trigger"": ""营收同比维持 ≥7%""}, {""name"": ""乐观"", ""prob"": ""—"", ""assumption"": ""EPS 47.99（归一化 TTM ×1.22）× 33.8×"", ""multiple"": ""33.8× PE"", ""price"": ""$1621"", ""change"": ""+30%"", ""trigger"": ""营收同比升至 ≥13%""}]",本轮最新行情、最新公告及正常化估值未逐家确认
HAL,哈里伯顿,能源,观察,观察：TTM PE 12.8×（板块中位 16.1×），基准 +16% ÷ 悲观 −47% ≈ 0.34:1；最新季营收 +3.7%、毛利率 14.1%,价格 2026-09-29 收盘；财务截至 2026-06-30（单季，2026/Q2）；TTM = 最近四个单季稀释 EPS 之和（GAAP，已按拆股折算）；程序化情景规则见「研究标准」页，不是目标价。,31.54,17.0,37.0,0.375516,旧模型算术<2，非最新结论,,,保留旧结论；仅完成模型审计，未逐家公告复核,,,"[{""name"": ""悲观"", ""prob"": ""—"", ""assumption"": ""EPS 1.73（归一化 TTM 2.47 ×0.70）× 9.7×"", ""multiple"": ""9.7× PE"", ""price"": ""$17"", ""change"": ""-47%"", ""trigger"": ""最新季营收同比 <-1% 或毛利率跌破 11%""}, {""name"": ""基准"", ""prob"": ""—"", ""assumption"": ""2027E EPS 2.54（归一化 TTM ×1.03，增速取最新季营收同比的 0.7 倍并限 −5%~+20%）× 14.4×"", ""multiple"": ""14.4× PE"", ""price"": ""$37"", ""change"": ""+16%"", ""trigger"": ""营收同比维持 ≥3%""}, {""name"": ""乐观"", ""prob"": ""—"", ""assumption"": ""EPS 2.80（归一化 TTM ×1.13）× 16.6×"", ""multiple"": ""16.6× PE"", ""price"": ""$46"", ""change"": ""+47%"", ""trigger"": ""营收同比升至 ≥8%""}]",本轮最新行情、最新公告及正常化估值未逐家确认
HCA,HCA Healthcare,医疗保健,观察,观察：TTM PE 14.5×（板块中位 17.5×），基准 +17% ÷ 悲观 −38% ≈ 0.45:1；最新季营收 +8.7%、毛利率 85.7%,价格 2026-09-29 收盘；财务截至 2026-06-30（单季，2026/Q2）；TTM = 最近四个单季稀释 EPS 之和（GAAP，已按拆股折算）；程序化情景规则见「研究标准」页，不是目标价。,431.63,266.0,506.0,0.449013,旧模型算术<2，非最新结论,,,保留旧结论；仅完成模型审计，未逐家公告复核,,,"[{""name"": ""悲观"", ""prob"": ""—"", ""assumption"": ""EPS 25.39（归一化 TTM 29.87 ×0.85）× 10.5×"", ""multiple"": ""10.5× PE"", ""price"": ""$266"", ""change"": ""-38%"", ""trigger"": ""最新季营收同比 <4% 或毛利率跌破 83%""}, {""name"": ""基准"", ""prob"": ""—"", ""assumption"": ""2027E EPS 31.70（归一化 TTM ×1.06，增速取最新季营收同比的 0.7 倍并限 −5%~+20%）× 16.0×"", ""multiple"": ""16.0× PE"", ""price"": ""$506"", ""change"": ""+17%"", ""trigger"": ""营收同比维持 ≥6%""}, {""name"": ""乐观"", ""prob"": ""—"", ""assumption"": ""EPS 35.91（归一化 TTM ×1.20）× 18.3×"", ""multiple"": ""18.3× PE"", ""price"": ""$659"", ""change"": ""+53%"", ""trigger"": ""营收同比升至 ≥11%""}]",本轮最新行情、最新公告及正常化估值未逐家确认
HIG,哈特福德保险,金融,条件关注,条件关注：TTM PE 8.1×（板块中位 14.8×），基准 +32% ÷ 悲观 −20% ≈ 1.61:1；最新季营收 +8.1%,价格 2026-09-29 收盘；财务截至 2026-06-30（单季，单季报）；TTM = 最近四个单季稀释 EPS 之和（GAAP，已按拆股折算）；程序化情景规则见「研究标准」页，不是目标价。,125.85,101.0,166.0,1.615694,旧模型算术<2，非最新结论,,,保留旧结论；仅完成模型审计，未逐家公告复核,,,"[{""name"": ""悲观"", ""prob"": ""—"", ""assumption"": ""EPS 12.38（归一化 TTM 15.47 ×0.80）× 8.1×"", ""multiple"": ""8.1× PE"", ""price"": ""$101"", ""change"": ""-20%"", ""trigger"": ""最新季营收同比 <3%""}, {""name"": ""基准"", ""prob"": ""—"", ""assumption"": ""2027E EPS 16.35（归一化 TTM ×1.06，增速取最新季营收同比的 0.7 倍并限 −5%~+20%）× 10.2×"", ""multiple"": ""10.2× PE"", ""price"": ""$166"", ""change"": ""+32%"", ""trigger"": ""营收同比维持 ≥6%""}, {""name"": ""乐观"", ""prob"": ""—"", ""assumption"": ""EPS 18.47（归一化 TTM ×1.19）× 11.7×"", ""multiple"": ""11.7× PE"", ""price"": ""$216"", ""change"": ""+72%"", ""trigger"": ""营收同比升至 ≥11%""}]",本轮最新行情、最新公告及正常化估值未逐家确认
HII,亨廷顿英戈尔斯工业,工业,条件关注,条件关注：TTM PE 15.5×（板块中位 26.9×），基准 +35% ÷ 悲观 −20% ≈ 1.73:1；最新季营收 +10.9%、毛利率 12.6%,价格 2026-09-29 收盘；财务截至 2026-06-30（单季，2026/Q2）；TTM = 最近四个单季稀释 EPS 之和（GAAP，已按拆股折算）；程序化情景规则见「研究标准」页，不是目标价。,259.64,208.0,349.0,1.730442,旧模型算术<2，非最新结论,,,保留旧结论；仅完成模型审计，未逐家公告复核,,,"[{""name"": ""悲观"", ""prob"": ""—"", ""assumption"": ""EPS 13.42（归一化 TTM 16.78 ×0.80）× 15.5×"", ""multiple"": ""15.5× PE"", ""price"": ""$208"", ""change"": ""-20%"", ""trigger"": ""最新季营收同比 <5% 或毛利率跌破 10%""}, {""name"": ""基准"", ""prob"": ""—"", ""assumption"": ""2027E EPS 18.06（归一化 TTM ×1.08，增速取最新季营收同比的 0.7 倍并限 −5%~+20%）× 19.3×"", ""multiple"": ""19.3× PE"", ""price"": ""$349"", ""change"": ""+35%"", ""trigger"": ""营收同比维持 ≥8%""}, {""name"": ""乐观"", ""prob"": ""—"", ""assumption"": ""EPS 20.68（归一化 TTM ×1.23）× 22.2×"", ""multiple"": ""22.2× PE"", ""price"": ""$460"", ""change"": ""+77%"", ""trigger"": ""营收同比升至 ≥14%""}]",本轮最新行情、最新公告及正常化估值未逐家确认
HON,霍尼韦尔,工业,观察,观察：TTM PE 7.8×（板块中位 26.9×），基准 +29% ÷ 悲观 −20% ≈ 1.44:1（数据稳定性存疑，见劣势）；最新季营收 +4.3%、毛利率 37.6%,价格 2026-09-29 收盘；财务截至 2026-06-30（单季，2026/Q2）；TTM = 最近四个单季稀释 EPS 之和（GAAP，已按拆股折算）；程序化情景规则见「研究标准」页，不是目标价。,210.13,168.0,270.0,1.421078,旧模型算术<2，非最新结论,,,保留旧结论；仅完成模型审计，未逐家公告复核,,,"[{""name"": ""悲观"", ""prob"": ""—"", ""assumption"": ""EPS 21.64（归一化 TTM 27.05 ×0.80）× 7.8×"", ""multiple"": ""7.8× PE"", ""price"": ""$168"", ""change"": ""-20%"", ""trigger"": ""最新季营收同比 <-1% 或毛利率跌破 35%""}, {""name"": ""基准"", ""prob"": ""—"", ""assumption"": ""2027E EPS 27.86（归一化 TTM ×1.03，增速取最新季营收同比的 0.7 倍并限 −5%~+20%）× 9.7×"", ""multiple"": ""9.7× PE"", ""price"": ""$270"", ""change"": ""+29%"", ""trigger"": ""营收同比维持 ≥3%""}, {""name"": ""乐观"", ""prob"": ""—"", ""assumption"": ""EPS 30.83（归一化 TTM ×1.14）× 11.2×"", ""multiple"": ""11.2× PE"", ""price"": ""$344"", ""change"": ""+64%"", ""trigger"": ""营收同比升至 ≥8%""}]",本轮最新行情、最新公告及正常化估值未逐家确认
HOOD,Robinhood Markets,金融,观察,观察：TTM PE 51.2×（板块中位 14.8×），基准 -23% ÷ 悲观 −86%，不成立（数据稳定性存疑，见劣势）；最新季营收 +32.3%,价格 2026-09-29 收盘；财务截至 2026-06-30（单季，2026/Q2）；TTM = 最近四个单季稀释 EPS 之和（GAAP，已按拆股折算）；程序化情景规则见「研究标准」页，不是目标价。,116.22,16.0,90.0,-0.261624,旧模型无正基准上行,,,保留旧结论；仅完成模型审计，未逐家公告复核,,,"[{""name"": ""悲观"", ""prob"": ""—"", ""assumption"": ""EPS 1.82（归一化 TTM 2.27 ×0.80）× 8.9×"", ""multiple"": ""8.9× PE"", ""price"": ""$16"", ""change"": ""-86%"", ""trigger"": ""最新季营收同比 <16%""}, {""name"": ""基准"", ""prob"": ""—"", ""assumption"": ""2027E EPS 2.72（归一化 TTM ×1.20，增速取最新季营收同比的 0.7 倍并限 −5%~+20%）× 33.0×"", ""multiple"": ""33.0× PE"", ""price"": ""$90"", ""change"": ""-23%"", ""trigger"": ""营收同比维持 ≥23%""}, {""name"": ""乐观"", ""prob"": ""—"", ""assumption"": ""EPS 3.36（归一化 TTM ×1.48）× 38.0×"", ""multiple"": ""38.0× PE"", ""price"": ""$128"", ""change"": ""+10%"", ""trigger"": ""营收同比升至 ≥42%""}]",本轮最新行情、最新公告及正常化估值未逐家确认
HST,HOST酒店及度假村,房地产,观察,观察：REIT 需 FFO 口径，本页不做估值判断；最新季营收 +3.4%,价格 2026-09-29 收盘；财务截至 2026-06-30（单季，单季报）；TTM = 最近四个单季稀释 EPS 之和（GAAP，已按拆股折算）；程序化情景规则见「研究标准」页，不是目标价。,22.44,,,,无法统一计算（缺字段/无适用情景）,,,保留旧结论；仅完成模型审计，未逐家公告复核,,,[],本轮最新行情、最新公告及正常化估值未逐家确认
HUBB,哈勃集团,工业,观察,观察：TTM PE 27.2×（板块中位 26.9×），基准 +10% ÷ 悲观 −58% ≈ 0.17:1；最新季营收 +15.3%、毛利率 35.8%,价格 2026-09-29 收盘；财务截至 2026-06-30（单季，2026/Q2）；TTM = 最近四个单季稀释 EPS 之和（GAAP，已按拆股折算）；程序化情景规则见「研究标准」页，不是目标价。,459.09,191.0,506.0,0.174979,旧模型算术<2，非最新结论,,,保留旧结论；仅完成模型审计，未逐家公告复核,,,"[{""name"": ""悲观"", ""prob"": ""—"", ""assumption"": ""EPS 11.82（归一化 TTM 16.89 ×0.70）× 16.2×"", ""multiple"": ""16.2× PE"", ""price"": ""$191"", ""change"": ""-58%"", ""trigger"": ""最新季营收同比 <8% 或毛利率跌破 33%""}, {""name"": ""基准"", ""prob"": ""—"", ""assumption"": ""2027E EPS 18.70（归一化 TTM ×1.11，增速取最新季营收同比的 0.7 倍并限 −5%~+20%）× 27.0×"", ""multiple"": ""27.0× PE"", ""price"": ""$506"", ""change"": ""+10%"", ""trigger"": ""营收同比维持 ≥11%""}, {""name"": ""乐观"", ""prob"": ""—"", ""assumption"": ""EPS 21.87（归一化 TTM ×1.29）× 31.1×"", ""multiple"": ""31.1× PE"", ""price"": ""$680"", ""change"": ""+48%"", ""trigger"": ""营收同比升至 ≥20%""}]",本轮最新行情、最新公告及正常化估值未逐家确认
HUM,哈门那,医疗保健,观察,观察：TTM PE 36.6×（板块中位 17.5×），基准 -13% ÷ 悲观 −76%，不成立（数据稳定性存疑，见劣势）；最新季营收 +26.2%、毛利率 90.3%,价格 2026-09-29 收盘；财务截至 2026-06-30（单季，2026/Q2）；TTM = 最近四个单季稀释 EPS 之和（GAAP，已按拆股折算）；程序化情景规则见「研究标准」页，不是目标价。,386.87,94.0,338.0,-0.166866,旧模型无正基准上行,,,保留旧结论；仅完成模型审计，未逐家公告复核,,,"[{""name"": ""悲观"", ""prob"": ""—"", ""assumption"": ""EPS 8.98（归一化 TTM 10.57 ×0.85）× 10.5×"", ""multiple"": ""10.5× PE"", ""price"": ""$94"", ""change"": ""-76%"", ""trigger"": ""最新季营收同比 <13% 或毛利率跌破 87%""}, {""name"": ""基准"", ""prob"": ""—"", ""assumption"": ""2027E EPS 12.51（归一化 TTM ×1.18，增速取最新季营收同比的 0.7 倍并限 −5%~+20%）× 27.0×"", ""multiple"": ""27.0× PE"", ""price"": ""$338"", ""change"": ""-13%"", ""trigger"": ""营收同比维持 ≥18%""}, {""name"": ""乐观"", ""prob"": ""—"", ""assumption"": ""EPS 15.29（归一化 TTM ×1.45）× 31.1×"", ""multiple"": ""31.1× PE"", ""price"": ""$475"", ""change"": ""+23%"", ""trigger"": ""营收同比升至 ≥34%""}]",本轮最新行情、最新公告及正常化估值未逐家确认
HWM,Howmet Aerospace,工业,观察,观察：TTM PE 49.8×（板块中位 26.9×），基准 -10% ÷ 悲观 −74%，不成立；最新季营收 +24.1%、毛利率 37.3%,价格 2026-09-29 收盘；财务截至 2026-06-30（单季，2026/Q2）；TTM = 最近四个单季稀释 EPS 之和（GAAP，已按拆股折算）；程序化情景规则见「研究标准」页，不是目标价。,230.94,60.0,208.0,-0.134199,旧模型无正基准上行,,,保留旧结论；仅完成模型审计，未逐家公告复核,,,"[{""name"": ""悲观"", ""prob"": ""—"", ""assumption"": ""EPS 3.71（归一化 TTM 4.64 ×0.80）× 16.2×"", ""multiple"": ""16.2× PE"", ""price"": ""$60"", ""change"": ""-74%"", ""trigger"": ""最新季营收同比 <12% 或毛利率跌破 34%""}, {""name"": ""基准"", ""prob"": ""—"", ""assumption"": ""2027E EPS 5.42（归一化 TTM ×1.17，增速取最新季营收同比的 0.7 倍并限 −5%~+20%）× 38.3×"", ""multiple"": ""38.3× PE"", ""price"": ""$208"", ""change"": ""-10%"", ""trigger"": ""营收同比维持 ≥17%""}, {""name"": ""乐观"", ""prob"": ""—"", ""assumption"": ""EPS 6.57（归一化 TTM ×1.42）× 44.1×"", ""multiple"": ""44.1× PE"", ""price"": ""$290"", ""change"": ""+26%"", ""trigger"": ""营收同比升至 ≥31%""}]",本轮最新行情、最新公告及正常化估值未逐家确认
IBKR,盈透证券,金融,观察,观察：TTM PE 34.5×（板块中位 14.8×），基准 -14% ÷ 悲观 −79%，不成立；最新季营收 +28.1%,价格 2026-09-29 收盘；财务截至 2026-06-30（单季，单季报）；TTM = 最近四个单季稀释 EPS 之和（GAAP，已按拆股折算）；程序化情景规则见「研究标准」页，不是目标价。,86.18,18.0,74.0,-0.178645,旧模型无正基准上行,,,保留旧结论；仅完成模型审计，未逐家公告复核,,,"[{""name"": ""悲观"", ""prob"": ""—"", ""assumption"": ""EPS 2.00（归一化 TTM 2.50 ×0.80）× 8.9×"", ""multiple"": ""8.9× PE"", ""price"": ""$18"", ""change"": ""-79%"", ""trigger"": ""最新季营收同比 <14%""}, {""name"": ""基准"", ""prob"": ""—"", ""assumption"": ""2027E EPS 2.99（归一化 TTM ×1.20，增速取最新季营收同比的 0.7 倍并限 −5%~+20%）× 24.7×"", ""multiple"": ""24.7× PE"", ""price"": ""$74"", ""change"": ""-14%"", ""trigger"": ""营收同比维持 ≥20%""}, {""name"": ""乐观"", ""prob"": ""—"", ""assumption"": ""EPS 3.68（归一化 TTM ×1.47）× 28.4×"", ""multiple"": ""28.4× PE"", ""price"": ""$104"", ""change"": ""+21%"", ""trigger"": ""营收同比升至 ≥37%""}]",本轮最新行情、最新公告及正常化估值未逐家确认
IBM,IBM国际商业机器,信息技术,观察,观察：TTM PE 29.0×（板块中位 29.1×），基准 +1% ÷ 悲观 −52% ≈ 0.02:1；最新季营收 +1.1%、毛利率 57.7%,价格 2026-09-29 收盘；财务截至 2026-06-30（单季，2026/Q2）；TTM = 最近四个单季稀释 EPS 之和（GAAP，已按拆股折算）；程序化情景规则见「研究标准」页，不是目标价。,219.99,106.0,222.0,0.017633,旧模型算术<2，非最新结论,,,保留旧结论；仅完成模型审计，未逐家公告复核,,,"[{""name"": ""悲观"", ""prob"": ""—"", ""assumption"": ""EPS 6.08（归一化 TTM 7.60 ×0.80）× 17.5×"", ""multiple"": ""17.5× PE"", ""price"": ""$106"", ""change"": ""-52%"", ""trigger"": ""最新季营收同比 <-4% 或毛利率跌破 55%""}, {""name"": ""基准"", ""prob"": ""—"", ""assumption"": ""2027E EPS 7.66（归一化 TTM ×1.01，增速取最新季营收同比的 0.7 倍并限 −5%~+20%）× 29.0×"", ""multiple"": ""29.0× PE"", ""price"": ""$222"", ""change"": ""+1%"", ""trigger"": ""营收同比维持 ≥1%""}, {""name"": ""乐观"", ""prob"": ""—"", ""assumption"": ""EPS 8.32（归一化 TTM ×1.10）× 33.4×"", ""multiple"": ""33.4× PE"", ""price"": ""$278"", ""change"": ""+26%"", ""trigger"": ""营收同比升至 ≥8%""}]",本轮最新行情、最新公告及正常化估值未逐家确认
IEX,IDEX Corporation,工业,观察,观察：TTM PE 33.2×（板块中位 26.9×），基准 -5% ÷ 悲观 −66%，不成立；最新季营收 +6.4%、毛利率 46.4%,价格 2026-09-29 收盘；财务截至 2026-06-30（单季，2026/Q2）；TTM = 最近四个单季稀释 EPS 之和（GAAP，已按拆股折算）；程序化情景规则见「研究标准」页，不是目标价。,230.43,79.0,218.0,-0.082084,旧模型无正基准上行,,,保留旧结论；仅完成模型审计，未逐家公告复核,,,"[{""name"": ""悲观"", ""prob"": ""—"", ""assumption"": ""EPS 4.87（归一化 TTM 6.95 ×0.70）× 16.2×"", ""multiple"": ""16.2× PE"", ""price"": ""$79"", ""change"": ""-66%"", ""trigger"": ""最新季营收同比 <1% 或毛利率跌破 43%""}, {""name"": ""基准"", ""prob"": ""—"", ""assumption"": ""2027E EPS 7.26（归一化 TTM ×1.04，增速取最新季营收同比的 0.7 倍并限 −5%~+20%）× 30.0×"", ""multiple"": ""30.0× PE"", ""price"": ""$218"", ""change"": ""-5%"", ""trigger"": ""营收同比维持 ≥4%""}, {""name"": ""乐观"", ""prob"": ""—"", ""assumption"": ""EPS 8.13（归一化 TTM ×1.17）× 34.5×"", ""multiple"": ""34.5× PE"", ""price"": ""$281"", ""change"": ""+22%"", ""trigger"": ""营收同比升至 ≥8%""}]",本轮最新行情、最新公告及正常化估值未逐家确认
IFF,国际香料香精,材料,观察,观察：TTM PE 78.2×（板块中位 24.3×），基准 -48% ÷ 悲观 −87%，不成立（数据稳定性存疑，见劣势）；最新季营收 +1.8%、毛利率 43.7%,价格 2026-09-29 收盘；财务截至 2026-06-30（单季，2026/Q2）；TTM = 最近四个单季稀释 EPS 之和（GAAP，已按拆股折算）；程序化情景规则见「研究标准」页，不是目标价。,85.25,11.0,44.0,-0.555556,旧模型无正基准上行,,,保留旧结论；仅完成模型审计，未逐家公告复核,,,"[{""name"": ""悲观"", ""prob"": ""—"", ""assumption"": ""EPS 0.76（归一化 TTM 1.09 ×0.70）× 14.6×"", ""multiple"": ""14.6× PE"", ""price"": ""$11"", ""change"": ""-87%"", ""trigger"": ""最新季营收同比 <-3% 或毛利率跌破 41%""}, {""name"": ""基准"", ""prob"": ""—"", ""assumption"": ""2027E EPS 1.10（归一化 TTM ×1.01，增速取最新季营收同比的 0.7 倍并限 −5%~+20%）× 40.0×"", ""multiple"": ""40.0× PE"", ""price"": ""$44"", ""change"": ""-48%"", ""trigger"": ""营收同比维持 ≥1%""}, {""name"": ""乐观"", ""prob"": ""—"", ""assumption"": ""EPS 1.21（归一化 TTM ×1.11）× 46.0×"", ""multiple"": ""46.0× PE"", ""price"": ""$55"", ""change"": ""-35%"", ""trigger"": ""营收同比升至 ≥8%""}]",本轮最新行情、最新公告及正常化估值未逐家确认
INVH,Invitation Homes,房地产,观察,观察：REIT 需 FFO 口径，本页不做估值判断；最新季营收 +9.7%,价格 2026-09-29 收盘；财务截至 2026-06-30（单季，单季报）；TTM = 最近四个单季稀释 EPS 之和（GAAP，已按拆股折算）；程序化情景规则见「研究标准」页，不是目标价。,26.57,,,,无法统一计算（缺字段/无适用情景）,,,保留旧结论；仅完成模型审计，未逐家公告复核,,,[],本轮最新行情、最新公告及正常化估值未逐家确认
IP,国际纸业,材料,回避,回避：TTM 亏损，PE 不适用；最新季营收 -2.2%、毛利率 27.6%,价格 2026-09-29 收盘；财务截至 2026-06-30（单季，2026/Q2）；TTM = 最近四个单季稀释 EPS 之和（GAAP，已按拆股折算）；程序化情景规则见「研究标准」页，不是目标价。,33.32,,,,无法统一计算（缺字段/无适用情景）,,,保留旧结论；仅完成模型审计，未逐家公告复核,,,[],本轮最新行情、最新公告及正常化估值未逐家确认
IR,英格索兰,工业,观察,观察：TTM PE 31.5×（板块中位 26.9×），基准 -2% ÷ 悲观 −64%，不成立；最新季营收 +8.5%、毛利率 42.1%,价格 2026-09-29 收盘；财务截至 2026-06-30（单季，2026/Q2）；TTM = 最近四个单季稀释 EPS 之和（GAAP，已按拆股折算）；程序化情景规则见「研究标准」页，不是目标价。,76.48,27.0,75.0,-0.029911,旧模型无正基准上行,,,保留旧结论；仅完成模型审计，未逐家公告复核,,,"[{""name"": ""悲观"", ""prob"": ""—"", ""assumption"": ""EPS 1.70（归一化 TTM 2.43 ×0.70）× 16.2×"", ""multiple"": ""16.2× PE"", ""price"": ""$27"", ""change"": ""-64%"", ""trigger"": ""最新季营收同比 <4% 或毛利率跌破 39%""}, {""name"": ""基准"", ""prob"": ""—"", ""assumption"": ""2027E EPS 2.57（归一化 TTM ×1.06，增速取最新季营收同比的 0.7 倍并限 −5%~+20%）× 29.2×"", ""multiple"": ""29.2× PE"", ""price"": ""$75"", ""change"": ""-2%"", ""trigger"": ""营收同比维持 ≥6%""}, {""name"": ""乐观"", ""prob"": ""—"", ""assumption"": ""EPS 2.91（归一化 TTM ×1.20）× 33.6×"", ""multiple"": ""33.6× PE"", ""price"": ""$98"", ""change"": ""+28%"", ""trigger"": ""营收同比升至 ≥11%""}]",本轮最新行情、最新公告及正常化估值未逐家确认
IRM,铁山,房地产,观察,观察：REIT 需 FFO 口径，本页不做估值判断；最新季营收 +18.5%、毛利率 52.8%,价格 2026-09-29 收盘；财务截至 2026-06-30（单季，2026/Q2）；TTM = 最近四个单季稀释 EPS 之和（GAAP，已按拆股折算）；程序化情景规则见「研究标准」页，不是目标价。,111.5,,,,无法统一计算（缺字段/无适用情景）,,,保留旧结论；仅完成模型审计，未逐家公告复核,,,[],本轮最新行情、最新公告及正常化估值未逐家确认
IT,加特纳,信息技术,条件关注,条件关注：TTM PE 16.7×（板块中位 29.1×），基准 +24% ÷ 悲观 −20% ≈ 1.22:1；最新季营收 -0.6%、毛利率 70.9%,价格 2026-09-29 收盘；财务截至 2026-06-30（单季，2026/Q2）；TTM = 最近四个单季稀释 EPS 之和（GAAP，已按拆股折算）；程序化情景规则见「研究标准」页，不是目标价。,185.85,149.0,231.0,1.225237,旧模型算术<2，非最新结论,,,保留旧结论；仅完成模型审计，未逐家公告复核,,,"[{""name"": ""悲观"", ""prob"": ""—"", ""assumption"": ""EPS 8.92（归一化 TTM 11.15 ×0.80）× 16.7×"", ""multiple"": ""16.7× PE"", ""price"": ""$149"", ""change"": ""-20%"", ""trigger"": ""最新季营收同比 <-6% 或毛利率跌破 68%""}, {""name"": ""基准"", ""prob"": ""—"", ""assumption"": ""2027E EPS 11.10（归一化 TTM ×1.00，增速取最新季营收同比的 0.7 倍并限 −5%~+20%）× 20.8×"", ""multiple"": ""20.8× PE"", ""price"": ""$231"", ""change"": ""+24%"", ""trigger"": ""营收同比维持 ≥0%""}, {""name"": ""乐观"", ""prob"": ""—"", ""assumption"": ""EPS 11.94（归一化 TTM ×1.07）× 24.0×"", ""multiple"": ""24.0× PE"", ""price"": ""$286"", ""change"": ""+54%"", ""trigger"": ""营收同比升至 ≥8%""}]",本轮最新行情、最新公告及正常化估值未逐家确认
ITW,伊利诺伊机械,工业,观察,观察：TTM PE 24.2×（板块中位 26.9×），基准 +10% ÷ 悲观 −53% ≈ 0.19:1；最新季营收 +6.1%、毛利率 44.1%,价格 2026-09-29 收盘；财务截至 2026-06-30（单季，2026/Q2）；TTM = 最近四个单季稀释 EPS 之和（GAAP，已按拆股折算）；程序化情景规则见「研究标准」页，不是目标价。,267.07,125.0,294.0,0.189554,旧模型算术<2，非最新结论,,,保留旧结论；仅完成模型审计，未逐家公告复核,,,"[{""name"": ""悲观"", ""prob"": ""—"", ""assumption"": ""EPS 7.72（归一化 TTM 11.03 ×0.70）× 16.2×"", ""multiple"": ""16.2× PE"", ""price"": ""$125"", ""change"": ""-53%"", ""trigger"": ""最新季营收同比 <1% 或毛利率跌破 41%""}, {""name"": ""基准"", ""prob"": ""—"", ""assumption"": ""2027E EPS 11.50（归一化 TTM ×1.04，增速取最新季营收同比的 0.7 倍并限 −5%~+20%）× 25.6×"", ""multiple"": ""25.6× PE"", ""price"": ""$294"", ""change"": ""+10%"", ""trigger"": ""营收同比维持 ≥4%""}, {""name"": ""乐观"", ""prob"": ""—"", ""assumption"": ""EPS 12.86（归一化 TTM ×1.17）× 29.4×"", ""multiple"": ""29.4× PE"", ""price"": ""$378"", ""change"": ""+42%"", ""trigger"": ""营收同比升至 ≥8%""}]",本轮最新行情、最新公告及正常化估值未逐家确认
IVZ,景顺,金融,回避,回避：TTM 亏损，PE 不适用；最新季营收 +20.5%,价格 2026-09-29 收盘；财务截至 2026-06-30（单季，单季报）；TTM = 最近四个单季稀释 EPS 之和（GAAP，已按拆股折算）；程序化情景规则见「研究标准」页，不是目标价。,30.42,,,,无法统一计算（缺字段/无适用情景）,,,保留旧结论；仅完成模型审计，未逐家公告复核,,,[],本轮最新行情、最新公告及正常化估值未逐家确认
J,Jacobs Solutions,工业,观察,观察：TTM PE 32.2×（板块中位 26.9×），基准 +10% ÷ 悲观 −60% ≈ 0.17:1；最新季营收 +34.5%、毛利率 19.9%,价格 2026-09-29 收盘；财务截至 2026-06-26（单季，2026/Q3）；TTM = 最近四个单季稀释 EPS 之和（GAAP，已按拆股折算）；程序化情景规则见「研究标准」页，不是目标价。,136.48,55.0,150.0,0.16593,旧模型算术<2，非最新结论,,,保留旧结论；仅完成模型审计，未逐家公告复核,,,"[{""name"": ""悲观"", ""prob"": ""—"", ""assumption"": ""EPS 3.39（归一化 TTM 4.23 ×0.80）× 16.2×"", ""multiple"": ""16.2× PE"", ""price"": ""$55"", ""change"": ""-60%"", ""trigger"": ""最新季营收同比 <17% 或毛利率跌破 17%""}, {""name"": ""基准"", ""prob"": ""—"", ""assumption"": ""2027E EPS 5.08（归一化 TTM ×1.20，增速取最新季营收同比的 0.7 倍并限 −5%~+20%）× 29.6×"", ""multiple"": ""29.6× PE"", ""price"": ""$150"", ""change"": ""+10%"", ""trigger"": ""营收同比维持 ≥24%""}, {""name"": ""乐观"", ""prob"": ""—"", ""assumption"": ""EPS 6.27（归一化 TTM ×1.48）× 34.0×"", ""multiple"": ""34.0× PE"", ""price"": ""$213"", ""change"": ""+56%"", ""trigger"": ""营收同比升至 ≥45%""}]",本轮最新行情、最新公告及正常化估值未逐家确认
JBHT,JB亨特运输服务,工业,观察,观察：TTM PE 32.5×（板块中位 26.9×），基准 +4% ÷ 悲观 −60% ≈ 0.06:1；最新季营收 +19.4%、毛利率 93.3%,价格 2026-09-29 收盘；财务截至 2026-06-30（单季，2026/Q2）；TTM = 最近四个单季稀释 EPS 之和（GAAP，已按拆股折算）；程序化情景规则见「研究标准」页，不是目标价。,229.28,91.0,238.0,0.06306,旧模型算术<2，非最新结论,,,保留旧结论；仅完成模型审计，未逐家公告复核,,,"[{""name"": ""悲观"", ""prob"": ""—"", ""assumption"": ""EPS 5.65（归一化 TTM 7.06 ×0.80）× 16.2×"", ""multiple"": ""16.2× PE"", ""price"": ""$91"", ""change"": ""-60%"", ""trigger"": ""最新季营收同比 <10% 或毛利率跌破 90%""}, {""name"": ""基准"", ""prob"": ""—"", ""assumption"": ""2027E EPS 8.02（归一化 TTM ×1.14，增速取最新季营收同比的 0.7 倍并限 −5%~+20%）× 29.7×"", ""multiple"": ""29.7× PE"", ""price"": ""$238"", ""change"": ""+4%"", ""trigger"": ""营收同比维持 ≥14%""}, {""name"": ""乐观"", ""prob"": ""—"", ""assumption"": ""EPS 9.54（归一化 TTM ×1.35）× 34.2×"", ""multiple"": ""34.2× PE"", ""price"": ""$326"", ""change"": ""+42%"", ""trigger"": ""营收同比升至 ≥25%""}]",本轮最新行情、最新公告及正常化估值未逐家确认
JCI,江森自控,工业,观察,观察：TTM PE 36.5×（板块中位 26.9×），基准 -7% ÷ 悲观 −69%，不成立；最新季营收 +9.3%、毛利率 37.4%,价格 2026-09-29 收盘；财务截至 2026-06-30（单季，2026/Q3）；TTM = 最近四个单季稀释 EPS 之和（GAAP，已按拆股折算）；程序化情景规则见「研究标准」页，不是目标价。,149.42,46.0,138.0,-0.110424,旧模型无正基准上行,,,保留旧结论；仅完成模型审计，未逐家公告复核,,,"[{""name"": ""悲观"", ""prob"": ""—"", ""assumption"": ""EPS 2.87（归一化 TTM 4.09 ×0.70）× 16.2×"", ""multiple"": ""16.2× PE"", ""price"": ""$46"", ""change"": ""-69%"", ""trigger"": ""最新季营收同比 <4% 或毛利率跌破 34%""}, {""name"": ""基准"", ""prob"": ""—"", ""assumption"": ""2027E EPS 4.36（归一化 TTM ×1.07，增速取最新季营收同比的 0.7 倍并限 −5%~+20%）× 31.7×"", ""multiple"": ""31.7× PE"", ""price"": ""$138"", ""change"": ""-7%"", ""trigger"": ""营收同比维持 ≥7%""}, {""name"": ""乐观"", ""prob"": ""—"", ""assumption"": ""EPS 4.95（归一化 TTM ×1.21）× 36.5×"", ""multiple"": ""36.5× PE"", ""price"": ""$181"", ""change"": ""+21%"", ""trigger"": ""营收同比升至 ≥12%""}]",本轮最新行情、最新公告及正常化估值未逐家确认
KEYS,是德科技,信息技术,观察,观察：TTM PE 49.5×（板块中位 29.1×），基准 -5% ÷ 悲观 −72%，不成立；最新季营收 +36.5%、毛利率 65.9%,价格 2026-09-29 收盘；财务截至 2026-07-31（单季，2026/Q3）；TTM = 最近四个单季稀释 EPS 之和（GAAP，已按拆股折算）；程序化情景规则见「研究标准」页，不是目标价。,360.65,102.0,343.0,-0.068239,旧模型无正基准上行,,,保留旧结论；仅完成模型审计，未逐家公告复核,,,"[{""name"": ""悲观"", ""prob"": ""—"", ""assumption"": ""EPS 5.82（归一化 TTM 7.28 ×0.80）× 17.5×"", ""multiple"": ""17.5× PE"", ""price"": ""$102"", ""change"": ""-72%"", ""trigger"": ""最新季营收同比 <18% 或毛利率跌破 63%""}, {""name"": ""基准"", ""prob"": ""—"", ""assumption"": ""2027E EPS 8.74（归一化 TTM ×1.20，增速取最新季营收同比的 0.7 倍并限 −5%~+20%）× 39.3×"", ""multiple"": ""39.3× PE"", ""price"": ""$343"", ""change"": ""-5%"", ""trigger"": ""营收同比维持 ≥26%""}, {""name"": ""乐观"", ""prob"": ""—"", ""assumption"": ""EPS 10.77（归一化 TTM ×1.48）× 45.2×"", ""multiple"": ""45.2× PE"", ""price"": ""$487"", ""change"": ""+35%"", ""trigger"": ""营收同比升至 ≥48%""}]",本轮最新行情、最新公告及正常化估值未逐家确认
KIM,金克地产,房地产,观察,观察：REIT 需 FFO 口径，本页不做估值判断；最新季营收 +4.9%,价格 2026-09-29 收盘；财务截至 2026-06-30（单季，单季报）；TTM = 最近四个单季稀释 EPS 之和（GAAP，已按拆股折算）；程序化情景规则见「研究标准」页，不是目标价。,22.42,,,,无法统一计算（缺字段/无适用情景）,,,保留旧结论；仅完成模型审计，未逐家公告复核,,,[],本轮最新行情、最新公告及正常化估值未逐家确认
KMB,金佰利,日常消费,观察,观察：TTM PE 16.8×（板块中位 20.8×），基准 +12% ÷ 悲观 −37% ≈ 0.33:1；最新季营收 +0.6%、毛利率 38.3%,价格 2026-09-29 收盘；财务截至 2026-06-30（单季，2026/Q2）；TTM = 最近四个单季稀释 EPS 之和（GAAP，已按拆股折算）；程序化情景规则见「研究标准」页，不是目标价。,98.99,62.0,111.0,0.324682,旧模型算术<2，非最新结论,,,保留旧结论；仅完成模型审计，未逐家公告复核,,,"[{""name"": ""悲观"", ""prob"": ""—"", ""assumption"": ""EPS 5.00（归一化 TTM 5.88 ×0.85）× 12.5×"", ""multiple"": ""12.5× PE"", ""price"": ""$62"", ""change"": ""-37%"", ""trigger"": ""最新季营收同比 <-4% 或毛利率跌破 35%""}, {""name"": ""基准"", ""prob"": ""—"", ""assumption"": ""2027E EPS 5.91（归一化 TTM ×1.00，增速取最新季营收同比的 0.7 倍并限 −5%~+20%）× 18.8×"", ""multiple"": ""18.8× PE"", ""price"": ""$111"", ""change"": ""+12%"", ""trigger"": ""营收同比维持 ≥0%""}, {""name"": ""乐观"", ""prob"": ""—"", ""assumption"": ""EPS 6.40（归一化 TTM ×1.09）× 21.6×"", ""multiple"": ""21.6× PE"", ""price"": ""$139"", ""change"": ""+40%"", ""trigger"": ""营收同比升至 ≥8%""}]",本轮最新行情、最新公告及正常化估值未逐家确认
KMI,金德摩根,能源,观察,观察：TTM PE 19.5×（板块中位 16.1×），基准 -2% ÷ 悲观 −65%，不成立；最新季营收 +10.8%、毛利率 68.6%,价格 2026-09-29 收盘；财务截至 2026-06-30（单季，2026/Q2）；TTM = 最近四个单季稀释 EPS 之和（GAAP，已按拆股折算）；程序化情景规则见「研究标准」页，不是目标价。,30.45,11.0,30.0,-0.023136,旧模型无正基准上行,,,保留旧结论；仅完成模型审计，未逐家公告复核,,,"[{""name"": ""悲观"", ""prob"": ""—"", ""assumption"": ""EPS 1.09（归一化 TTM 1.56 ×0.70）× 9.7×"", ""multiple"": ""9.7× PE"", ""price"": ""$11"", ""change"": ""-65%"", ""trigger"": ""最新季营收同比 <5% 或毛利率跌破 66%""}, {""name"": ""基准"", ""prob"": ""—"", ""assumption"": ""2027E EPS 1.68（归一化 TTM ×1.08，增速取最新季营收同比的 0.7 倍并限 −5%~+20%）× 17.8×"", ""multiple"": ""17.8× PE"", ""price"": ""$30"", ""change"": ""-2%"", ""trigger"": ""营收同比维持 ≥8%""}, {""name"": ""乐观"", ""prob"": ""—"", ""assumption"": ""EPS 1.92（归一化 TTM ×1.23）× 20.5×"", ""multiple"": ""20.5× PE"", ""price"": ""$39"", ""change"": ""+29%"", ""trigger"": ""营收同比升至 ≥14%""}]",本轮最新行情、最新公告及正常化估值未逐家确认
KR,克罗格,日常消费,条件关注,条件关注：TTM PE 12.5×（板块中位 20.8×），基准 +27% ÷ 悲观 −15% ≈ 1.78:1；最新季营收 +2.0%、毛利率 22.7%,价格 2026-09-29 收盘；财务截至 2026-08-15（单季，2026/Q2）；TTM = 最近四个单季稀释 EPS 之和（GAAP，已按拆股折算）；程序化情景规则见「研究标准」页，不是目标价。,60.79,52.0,77.0,1.844141,旧模型算术<2，非最新结论,,,保留旧结论；仅完成模型审计，未逐家公告复核,,,"[{""name"": ""悲观"", ""prob"": ""—"", ""assumption"": ""EPS 4.14（归一化 TTM 4.87 ×0.85）× 12.5×"", ""multiple"": ""12.5× PE"", ""price"": ""$52"", ""change"": ""-15%"", ""trigger"": ""最新季营收同比 <-3% 或毛利率跌破 20%""}, {""name"": ""基准"", ""prob"": ""—"", ""assumption"": ""2027E EPS 4.94（归一化 TTM ×1.01，增速取最新季营收同比的 0.7 倍并限 −5%~+20%）× 15.6×"", ""multiple"": ""15.6× PE"", ""price"": ""$77"", ""change"": ""+27%"", ""trigger"": ""营收同比维持 ≥1%""}, {""name"": ""乐观"", ""prob"": ""—"", ""assumption"": ""EPS 5.40（归一化 TTM ×1.11）× 17.9×"", ""multiple"": ""17.9× PE"", ""price"": ""$97"", ""change"": ""+59%"", ""trigger"": ""营收同比升至 ≥8%""}]",本轮最新行情、最新公告及正常化估值未逐家确认
KVUE,Kenvue,日常消费,观察,观察：TTM PE 20.6×（板块中位 20.8×），基准 +3% ÷ 悲观 −48% ≈ 0.05:1；最新季营收 +3.0%、毛利率 58.2%,价格 2026-09-29 收盘；财务截至 2026-06-28（单季，2026/Q2）；TTM = 最近四个单季稀释 EPS 之和（GAAP，已按拆股折算）；程序化情景规则见「研究标准」页，不是目标价。,17.91,9.0,18.0,0.010101,旧模型算术<2，非最新结论,,,保留旧结论；仅完成模型审计，未逐家公告复核,,,"[{""name"": ""悲观"", ""prob"": ""—"", ""assumption"": ""EPS 0.74（归一化 TTM 0.87 ×0.85）× 12.5×"", ""multiple"": ""12.5× PE"", ""price"": ""$9"", ""change"": ""-48%"", ""trigger"": ""最新季营收同比 <-2% 或毛利率跌破 55%""}, {""name"": ""基准"", ""prob"": ""—"", ""assumption"": ""2027E EPS 0.89（归一化 TTM ×1.02，增速取最新季营收同比的 0.7 倍并限 −5%~+20%）× 20.7×"", ""multiple"": ""20.7× PE"", ""price"": ""$18"", ""change"": ""+3%"", ""trigger"": ""营收同比维持 ≥2%""}, {""name"": ""乐观"", ""prob"": ""—"", ""assumption"": ""EPS 0.98（归一化 TTM ×1.12）× 23.8×"", ""multiple"": ""23.8× PE"", ""price"": ""$23"", ""change"": ""+30%"", ""trigger"": ""营收同比升至 ≥8%""}]",本轮最新行情、最新公告及正常化估值未逐家确认
L,洛斯保险,金融,观察,观察：TTM PE 13.0×（板块中位 14.8×），基准 +10% ÷ 悲观 −45% ≈ 0.23:1；最新季营收 +3.9%,价格 2026-09-29 收盘；财务截至 2026-06-30（单季，单季报）；TTM = 最近四个单季稀释 EPS 之和（GAAP，已按拆股折算）；程序化情景规则见「研究标准」页，不是目标价。,105.93,58.0,117.0,0.230962,旧模型算术<2，非最新结论,,,保留旧结论；仅完成模型审计，未逐家公告复核,,,"[{""name"": ""悲观"", ""prob"": ""—"", ""assumption"": ""EPS 6.54（归一化 TTM 8.17 ×0.80）× 8.9×"", ""multiple"": ""8.9× PE"", ""price"": ""$58"", ""change"": ""-45%"", ""trigger"": ""最新季营收同比 <-1%""}, {""name"": ""基准"", ""prob"": ""—"", ""assumption"": ""2027E EPS 8.40（归一化 TTM ×1.03，增速取最新季营收同比的 0.7 倍并限 −5%~+20%）× 13.9×"", ""multiple"": ""13.9× PE"", ""price"": ""$117"", ""change"": ""+10%"", ""trigger"": ""营收同比维持 ≥3%""}, {""name"": ""乐观"", ""prob"": ""—"", ""assumption"": ""EPS 9.28（归一化 TTM ×1.14）× 16.0×"", ""multiple"": ""16.0× PE"", ""price"": ""$148"", ""change"": ""+40%"", ""trigger"": ""营收同比升至 ≥8%""}]",本轮最新行情、最新公告及正常化估值未逐家确认
LDOS,Leidos,工业,条件关注,条件关注：TTM PE 11.5×（板块中位 26.9×），基准 +31% ÷ 悲观 −20% ≈ 1.56:1；最新季营收 +7.2%、毛利率 17.9%,价格 2026-09-29 收盘；财务截至 2026-07-03（单季，2026/Q2）；TTM = 最近四个单季稀释 EPS 之和（GAAP，已按拆股折算）；程序化情景规则见「研究标准」页，不是目标价。,123.1,98.0,162.0,1.549801,旧模型算术<2，非最新结论,,,保留旧结论；仅完成模型审计，未逐家公告复核,,,"[{""name"": ""悲观"", ""prob"": ""—"", ""assumption"": ""EPS 8.58（归一化 TTM 10.72 ×0.80）× 11.5×"", ""multiple"": ""11.5× PE"", ""price"": ""$98"", ""change"": ""-20%"", ""trigger"": ""最新季营收同比 <2% 或毛利率跌破 15%""}, {""name"": ""基准"", ""prob"": ""—"", ""assumption"": ""2027E EPS 11.26（归一化 TTM ×1.05，增速取最新季营收同比的 0.7 倍并限 −5%~+20%）× 14.4×"", ""multiple"": ""14.4× PE"", ""price"": ""$162"", ""change"": ""+31%"", ""trigger"": ""营收同比维持 ≥5%""}, {""name"": ""乐观"", ""prob"": ""—"", ""assumption"": ""EPS 12.65（归一化 TTM ×1.18）× 16.5×"", ""multiple"": ""16.5× PE"", ""price"": ""$209"", ""change"": ""+70%"", ""trigger"": ""营收同比升至 ≥9%""}]",本轮最新行情、最新公告及正常化估值未逐家确认
LH,徕博科,医疗保健,观察,观察：TTM PE 25.5×（板块中位 17.5×），基准 -12% ÷ 悲观 −65%，不成立；最新季营收 +5.8%、毛利率 29.8%,价格 2026-09-29 收盘；财务截至 2026-06-30（单季，2026/Q2）；TTM = 最近四个单季稀释 EPS 之和（GAAP，已按拆股折算）；程序化情景规则见「研究标准」页，不是目标价。,308.81,108.0,270.0,-0.193267,旧模型无正基准上行,,,保留旧结论；仅完成模型审计，未逐家公告复核,,,"[{""name"": ""悲观"", ""prob"": ""—"", ""assumption"": ""EPS 10.28（归一化 TTM 12.09 ×0.85）× 10.5×"", ""multiple"": ""10.5× PE"", ""price"": ""$108"", ""change"": ""-65%"", ""trigger"": ""最新季营收同比 <1% 或毛利率跌破 27%""}, {""name"": ""基准"", ""prob"": ""—"", ""assumption"": ""2027E EPS 12.58（归一化 TTM ×1.04，增速取最新季营收同比的 0.7 倍并限 −5%~+20%）× 21.5×"", ""multiple"": ""21.5× PE"", ""price"": ""$270"", ""change"": ""-12%"", ""trigger"": ""营收同比维持 ≥4%""}, {""name"": ""乐观"", ""prob"": ""—"", ""assumption"": ""EPS 14.04（归一化 TTM ×1.16）× 24.7×"", ""multiple"": ""24.7× PE"", ""price"": ""$347"", ""change"": ""+12%"", ""trigger"": ""营收同比升至 ≥8%""}]",本轮最新行情、最新公告及正常化估值未逐家确认
LHX,L3Harris,工业,观察,观察：TTM PE 23.9×（板块中位 26.9×），基准 +13% ÷ 悲观 −46% ≈ 0.27:1；最新季营收 +8.4%、毛利率 25.5%,价格 2026-09-29 收盘；财务截至 2026-07-03（单季，2026/Q2）；TTM = 最近四个单季稀释 EPS 之和（GAAP，已按拆股折算）；程序化情景规则见「研究标准」页，不是目标价。,236.47,128.0,266.0,0.272241,旧模型算术<2，非最新结论,,,保留旧结论；仅完成模型审计，未逐家公告复核,,,"[{""name"": ""悲观"", ""prob"": ""—"", ""assumption"": ""EPS 7.92（归一化 TTM 9.90 ×0.80）× 16.2×"", ""multiple"": ""16.2× PE"", ""price"": ""$128"", ""change"": ""-46%"", ""trigger"": ""最新季营收同比 <3% 或毛利率跌破 23%""}, {""name"": ""基准"", ""prob"": ""—"", ""assumption"": ""2027E EPS 10.48（归一化 TTM ×1.06，增速取最新季营收同比的 0.7 倍并限 −5%~+20%）× 25.4×"", ""multiple"": ""25.4× PE"", ""price"": ""$266"", ""change"": ""+13%"", ""trigger"": ""营收同比维持 ≥6%""}, {""name"": ""乐观"", ""prob"": ""—"", ""assumption"": ""EPS 11.85（归一化 TTM ×1.20）× 29.2×"", ""multiple"": ""29.2× PE"", ""price"": ""$346"", ""change"": ""+46%"", ""trigger"": ""营收同比升至 ≥11%""}]",本轮最新行情、最新公告及正常化估值未逐家确认
LII,雷诺士,工业,观察,观察：TTM PE 15.9×（板块中位 26.9×），基准 +28% ÷ 悲观 −30% ≈ 0.92:1；最新季营收 +3.0%、毛利率 34.9%,价格 2026-09-29 收盘；财务截至 2026-06-30（单季，2026/Q2）；TTM = 最近四个单季稀释 EPS 之和（GAAP，已按拆股折算）；程序化情景规则见「研究标准」页，不是目标价。,360.16,252.0,460.0,0.923077,旧模型算术<2，非最新结论,,,保留旧结论；仅完成模型审计，未逐家公告复核,,,"[{""name"": ""悲观"", ""prob"": ""—"", ""assumption"": ""EPS 15.84（归一化 TTM 22.63 ×0.70）× 15.9×"", ""multiple"": ""15.9× PE"", ""price"": ""$252"", ""change"": ""-30%"", ""trigger"": ""最新季营收同比 <-2% 或毛利率跌破 32%""}, {""name"": ""基准"", ""prob"": ""—"", ""assumption"": ""2027E EPS 23.10（归一化 TTM ×1.02，增速取最新季营收同比的 0.7 倍并限 −5%~+20%）× 19.9×"", ""multiple"": ""19.9× PE"", ""price"": ""$460"", ""change"": ""+28%"", ""trigger"": ""营收同比维持 ≥2%""}, {""name"": ""乐观"", ""prob"": ""—"", ""assumption"": ""EPS 25.38（归一化 TTM ×1.12）× 22.9×"", ""multiple"": ""22.9× PE"", ""price"": ""$581"", ""change"": ""+61%"", ""trigger"": ""营收同比升至 ≥8%""}]",本轮最新行情、最新公告及正常化估值未逐家确认
LIN,Linde plc,材料,观察,观察：TTM PE 30.6×（板块中位 24.3×），基准 -4% ÷ 悲观 −67%，不成立；最新季营收 +9.3%、毛利率 47.7%,价格 2026-09-29 收盘；财务截至 2026-06-30（单季，2026/Q2）；TTM = 最近四个单季稀释 EPS 之和（GAAP，已按拆股折算）；程序化情景规则见「研究标准」页，不是目标价。,473.37,158.0,452.0,-0.067762,旧模型无正基准上行,,,保留旧结论；仅完成模型审计，未逐家公告复核,,,"[{""name"": ""悲观"", ""prob"": ""—"", ""assumption"": ""EPS 10.84（归一化 TTM 15.48 ×0.70）× 14.6×"", ""multiple"": ""14.6× PE"", ""price"": ""$158"", ""change"": ""-67%"", ""trigger"": ""最新季营收同比 <4% 或毛利率跌破 45%""}, {""name"": ""基准"", ""prob"": ""—"", ""assumption"": ""2027E EPS 16.49（归一化 TTM ×1.07，增速取最新季营收同比的 0.7 倍并限 −5%~+20%）× 27.4×"", ""multiple"": ""27.4× PE"", ""price"": ""$452"", ""change"": ""-4%"", ""trigger"": ""营收同比维持 ≥7%""}, {""name"": ""乐观"", ""prob"": ""—"", ""assumption"": ""EPS 18.74（归一化 TTM ×1.21）× 31.5×"", ""multiple"": ""31.5× PE"", ""price"": ""$591"", ""change"": ""+25%"", ""trigger"": ""营收同比升至 ≥12%""}]",本轮最新行情、最新公告及正常化估值未逐家确认
LITE,Lumentum,信息技术,回避,回避：TTM 亏损，PE 不适用；最新季营收 +109.3%、毛利率 47.4%,价格 2026-09-29 收盘；财务截至 2026-06-27（单季，2025/Q4）；TTM = 最近四个单季稀释 EPS 之和（GAAP，已按拆股折算）；程序化情景规则见「研究标准」页，不是目标价。,973.49,,,,无法统一计算（缺字段/无适用情景）,,,保留旧结论；仅完成模型审计，未逐家公告复核,,,[],本轮最新行情、最新公告及正常化估值未逐家确认
LMT,洛克希德马丁,工业,观察,观察：TTM PE 18.9×（板块中位 26.9×），基准 +30% ÷ 悲观 −32% ≈ 0.96:1；最新季营收 +10.5%、毛利率 12.2%,价格 2026-09-29 收盘；财务截至 2026-06-28（单季，2026/Q2）；TTM = 最近四个单季稀释 EPS 之和（GAAP，已按拆股折算）；程序化情景规则见「研究标准」页，不是目标价。,512.21,351.0,667.0,0.960176,旧模型算术<2，非最新结论,,,保留旧结论；仅完成模型审计，未逐家公告复核,,,"[{""name"": ""悲观"", ""prob"": ""—"", ""assumption"": ""EPS 21.70（归一化 TTM 27.13 ×0.80）× 16.2×"", ""multiple"": ""16.2× PE"", ""price"": ""$351"", ""change"": ""-32%"", ""trigger"": ""最新季营收同比 <5% 或毛利率跌破 9%""}, {""name"": ""基准"", ""prob"": ""—"", ""assumption"": ""2027E EPS 29.13（归一化 TTM ×1.07，增速取最新季营收同比的 0.7 倍并限 −5%~+20%）× 22.9×"", ""multiple"": ""22.9× PE"", ""price"": ""$667"", ""change"": ""+30%"", ""trigger"": ""营收同比维持 ≥7%""}, {""name"": ""乐观"", ""prob"": ""—"", ""assumption"": ""EPS 33.29（归一化 TTM ×1.23）× 26.3×"", ""multiple"": ""26.3× PE"", ""price"": ""$877"", ""change"": ""+71%"", ""trigger"": ""营收同比升至 ≥14%""}]",本轮最新行情、最新公告及正常化估值未逐家确认
LNT,美国联合能源,公用事业,观察,观察：TTM PE 25.2×（板块中位 19.3×），基准 -11% ÷ 悲观 −61%，不成立（数据稳定性存疑，见劣势）；最新季营收 +1.0%、毛利率 66.6%,价格 2026-09-29 收盘；财务截至 2026-06-30（单季，2026/Q2）；TTM = 最近四个单季稀释 EPS 之和（GAAP，已按拆股折算）；程序化情景规则见「研究标准」页，不是目标价。,64.34,25.0,57.0,-0.186579,旧模型无正基准上行,,,保留旧结论；仅完成模型审计，未逐家公告复核,,,"[{""name"": ""悲观"", ""prob"": ""—"", ""assumption"": ""EPS 2.17（归一化 TTM 2.55 ×0.85）× 11.6×"", ""multiple"": ""11.6× PE"", ""price"": ""$25"", ""change"": ""-61%"", ""trigger"": ""最新季营收同比 <-4% 或毛利率跌破 64%""}, {""name"": ""基准"", ""prob"": ""—"", ""assumption"": ""2027E EPS 2.57（归一化 TTM ×1.01，增速取最新季营收同比的 0.7 倍并限 −5%~+20%）× 22.3×"", ""multiple"": ""22.3× PE"", ""price"": ""$57"", ""change"": ""-11%"", ""trigger"": ""营收同比维持 ≥1%""}, {""name"": ""乐观"", ""prob"": ""—"", ""assumption"": ""EPS 2.80（归一化 TTM ×1.09）× 25.6×"", ""multiple"": ""25.6× PE"", ""price"": ""$72"", ""change"": ""+11%"", ""trigger"": ""营收同比升至 ≥8%""}]",本轮最新行情、最新公告及正常化估值未逐家确认
LUV,西南航空,工业,观察,观察：TTM PE 25.8×（板块中位 26.9×），基准 +14% ÷ 悲观 −56% ≈ 0.25:1；最新季营收 +16.4%、毛利率 28.7%,价格 2026-09-29 收盘；财务截至 2026-06-30（单季，2026/Q2）；TTM = 最近四个单季稀释 EPS 之和（GAAP，已按拆股折算）；程序化情景规则见「研究标准」页，不是目标价。,42.08,18.0,48.0,0.245847,旧模型算术<2，非最新结论,,,保留旧结论；仅完成模型审计，未逐家公告复核,,,"[{""name"": ""悲观"", ""prob"": ""—"", ""assumption"": ""EPS 1.14（归一化 TTM 1.63 ×0.70）× 16.2×"", ""multiple"": ""16.2× PE"", ""price"": ""$18"", ""change"": ""-56%"", ""trigger"": ""最新季营收同比 <8% 或毛利率跌破 26%""}, {""name"": ""基准"", ""prob"": ""—"", ""assumption"": ""2027E EPS 1.82（归一化 TTM ×1.11，增速取最新季营收同比的 0.7 倍并限 −5%~+20%）× 26.4×"", ""multiple"": ""26.4× PE"", ""price"": ""$48"", ""change"": ""+14%"", ""trigger"": ""营收同比维持 ≥11%""}, {""name"": ""乐观"", ""prob"": ""—"", ""assumption"": ""EPS 2.13（归一化 TTM ×1.31）× 30.3×"", ""multiple"": ""30.3× PE"", ""price"": ""$65"", ""change"": ""+54%"", ""trigger"": ""营收同比升至 ≥21%""}]",本轮最新行情、最新公告及正常化估值未逐家确认
LYB,利安德巴塞尔工业,材料,回避,回避：TTM 亏损，PE 不适用；最新季营收 +19.8%、毛利率 22.2%,价格 2026-09-29 收盘；财务截至 2026-06-30（单季，2026/Q2）；TTM = 最近四个单季稀释 EPS 之和（GAAP，已按拆股折算）；程序化情景规则见「研究标准」页，不是目标价。,58.18,,,,无法统一计算（缺字段/无适用情景）,,,保留旧结论；仅完成模型审计，未逐家公告复核,,,[],本轮最新行情、最新公告及正常化估值未逐家确认
LYV,Live Nation Entertainment,通信服务,回避,回避：TTM 亏损，PE 不适用；最新季营收 +9.4%、毛利率 25.3%,价格 2026-09-29 收盘；财务截至 2026-06-30（单季，2026/Q2）；TTM = 最近四个单季稀释 EPS 之和（GAAP，已按拆股折算）；程序化情景规则见「研究标准」页，不是目标价。,171.09,,,,无法统一计算（缺字段/无适用情景）,,,保留旧结论；仅完成模型审计，未逐家公告复核,,,[],本轮最新行情、最新公告及正常化估值未逐家确认
MAA,MAA房产信托,房地产,观察,观察：REIT 需 FFO 口径，本页不做估值判断；最新季营收 +1.0%,价格 2026-09-29 收盘；财务截至 2026-06-30（单季，单季报）；TTM = 最近四个单季稀释 EPS 之和（GAAP，已按拆股折算）；程序化情景规则见「研究标准」页，不是目标价。,118.43,,,,无法统一计算（缺字段/无适用情景）,,,保留旧结论；仅完成模型审计，未逐家公告复核,,,[],本轮最新行情、最新公告及正常化估值未逐家确认
MAS,马斯可木业,工业,观察,观察：TTM PE 15.7×（板块中位 26.9×），基准 +22% ÷ 悲观 −30% ≈ 0.75:1；最新季营收 -2.9%、毛利率 43.6%,价格 2026-09-29 收盘；财务截至 2026-06-30（单季，2026/Q2）；TTM = 最近四个单季稀释 EPS 之和（GAAP，已按拆股折算）；程序化情景规则见「研究标准」页，不是目标价。,68.37,48.0,84.0,0.767305,旧模型算术<2，非最新结论,,,保留旧结论；仅完成模型审计，未逐家公告复核,,,"[{""name"": ""悲观"", ""prob"": ""—"", ""assumption"": ""EPS 3.05（归一化 TTM 4.35 ×0.70）× 15.7×"", ""multiple"": ""15.7× PE"", ""price"": ""$48"", ""change"": ""-30%"", ""trigger"": ""最新季营收同比 <-8% 或毛利率跌破 41%""}, {""name"": ""基准"", ""prob"": ""—"", ""assumption"": ""2027E EPS 4.26（归一化 TTM ×0.98，增速取最新季营收同比的 0.7 倍并限 −5%~+20%）× 19.6×"", ""multiple"": ""19.6× PE"", ""price"": ""$84"", ""change"": ""+22%"", ""trigger"": ""营收同比维持 ≥0%""}, {""name"": ""乐观"", ""prob"": ""—"", ""assumption"": ""EPS 4.52（归一化 TTM ×1.04）× 22.6×"", ""multiple"": ""22.6× PE"", ""price"": ""$102"", ""change"": ""+49%"", ""trigger"": ""营收同比升至 ≥8%""}]",本轮最新行情、最新公告及正常化估值未逐家确认
META,Meta Platforms,通信服务,观察,观察：TTM PE 27.8×（板块中位 17.1×），基准 -3% ÷ 悲观 −71%，不成立；最新季营收 +28.0%、毛利率 81.4%,价格 2026-09-29 收盘；财务截至 2026-06-30（单季，2026/Q2）；TTM = 最近四个单季稀释 EPS 之和（GAAP，已按拆股折算）；程序化情景规则见「研究标准」页，不是目标价。,738.79,218.0,713.0,-0.049521,旧模型无正基准上行,,,保留旧结论；仅完成模型审计，未逐家公告复核,,,"[{""name"": ""悲观"", ""prob"": ""—"", ""assumption"": ""EPS 21.24（归一化 TTM 26.55 ×0.80）× 10.3×"", ""multiple"": ""10.3× PE"", ""price"": ""$218"", ""change"": ""-71%"", ""trigger"": ""最新季营收同比 <14% 或毛利率跌破 78%""}, {""name"": ""基准"", ""prob"": ""—"", ""assumption"": ""2027E EPS 31.75（归一化 TTM ×1.20，增速取最新季营收同比的 0.7 倍并限 −5%~+20%）× 22.5×"", ""multiple"": ""22.5× PE"", ""price"": ""$713"", ""change"": ""-3%"", ""trigger"": ""营收同比维持 ≥20%""}, {""name"": ""乐观"", ""prob"": ""—"", ""assumption"": ""EPS 39.07（归一化 TTM ×1.47）× 25.8×"", ""multiple"": ""25.8× PE"", ""price"": ""$1009"", ""change"": ""+37%"", ""trigger"": ""营收同比升至 ≥36%""}]",本轮最新行情、最新公告及正常化估值未逐家确认
MLM,马丁-玛丽埃塔材料,材料,观察,观察：TTM PE 24.3×（板块中位 24.3×），基准 +15% ÷ 悲观 −58% ≈ 0.25:1；最新季营收 +21.0%、毛利率 25.4%,价格 2026-09-29 收盘；财务截至 2026-06-30（单季，2026/Q2）；TTM = 最近四个单季稀释 EPS 之和（GAAP，已按拆股折算）；程序化情景规则见「研究标准」页，不是目标价。,479.09,201.0,550.0,0.254989,旧模型算术<2，非最新结论,,,保留旧结论；仅完成模型审计，未逐家公告复核,,,"[{""name"": ""悲观"", ""prob"": ""—"", ""assumption"": ""EPS 13.82（归一化 TTM 19.74 ×0.70）× 14.6×"", ""multiple"": ""14.6× PE"", ""price"": ""$201"", ""change"": ""-58%"", ""trigger"": ""最新季营收同比 <11% 或毛利率跌破 22%""}, {""name"": ""基准"", ""prob"": ""—"", ""assumption"": ""2027E EPS 22.65（归一化 TTM ×1.15，增速取最新季营收同比的 0.7 倍并限 −5%~+20%）× 24.3×"", ""multiple"": ""24.3× PE"", ""price"": ""$550"", ""change"": ""+15%"", ""trigger"": ""营收同比维持 ≥15%""}, {""name"": ""乐观"", ""prob"": ""—"", ""assumption"": ""EPS 27.13（归一化 TTM ×1.37）× 27.9×"", ""multiple"": ""27.9× PE"", ""price"": ""$757"", ""change"": ""+58%"", ""trigger"": ""营收同比升至 ≥27%""}]",本轮最新行情、最新公告及正常化估值未逐家确认
MMM,3M公司,工业,观察,观察：TTM PE 29.9×（板块中位 26.9×），基准 -3% ÷ 悲观 −57%，不成立；最新季营收 +2.5%、毛利率 41.3%,价格 2026-09-29 收盘；财务截至 2026-06-30（单季，2026/Q2）；TTM = 最近四个单季稀释 EPS 之和（GAAP，已按拆股折算）；程序化情景规则见「研究标准」页，不是目标价。,168.49,73.0,163.0,-0.057493,旧模型无正基准上行,,,保留旧结论；仅完成模型审计，未逐家公告复核,,,"[{""name"": ""悲观"", ""prob"": ""—"", ""assumption"": ""EPS 4.50（归一化 TTM 5.63 ×0.80）× 16.2×"", ""multiple"": ""16.2× PE"", ""price"": ""$73"", ""change"": ""-57%"", ""trigger"": ""最新季营收同比 <-3% 或毛利率跌破 38%""}, {""name"": ""基准"", ""prob"": ""—"", ""assumption"": ""2027E EPS 5.73（归一化 TTM ×1.02，增速取最新季营收同比的 0.7 倍并限 −5%~+20%）× 28.4×"", ""multiple"": ""28.4× PE"", ""price"": ""$163"", ""change"": ""-3%"", ""trigger"": ""营收同比维持 ≥2%""}, {""name"": ""乐观"", ""prob"": ""—"", ""assumption"": ""EPS 6.27（归一化 TTM ×1.11）× 32.7×"", ""multiple"": ""32.7× PE"", ""price"": ""$205"", ""change"": ""+22%"", ""trigger"": ""营收同比升至 ≥8%""}]",本轮最新行情、最新公告及正常化估值未逐家确认
MO,奥驰亚集团,日常消费,观察,观察：TTM PE 14.5×（板块中位 20.8×），基准 +22% ÷ 悲观 −27% ≈ 0.81:1；最新季营收 +0.1%、毛利率 62.5%,价格 2026-09-29 收盘；财务截至 2026-06-30（单季，2026/Q2）；TTM = 最近四个单季稀释 EPS 之和（GAAP，已按拆股折算）；程序化情景规则见「研究标准」页，不是目标价。,68.72,50.0,84.0,0.816239,旧模型算术<2，非最新结论,,,保留旧结论；仅完成模型审计，未逐家公告复核,,,"[{""name"": ""悲观"", ""prob"": ""—"", ""assumption"": ""EPS 4.03（归一化 TTM 4.74 ×0.85）× 12.5×"", ""multiple"": ""12.5× PE"", ""price"": ""$50"", ""change"": ""-27%"", ""trigger"": ""最新季营收同比 <-5% 或毛利率跌破 60%""}, {""name"": ""基准"", ""prob"": ""—"", ""assumption"": ""2027E EPS 4.74（归一化 TTM ×1.00，增速取最新季营收同比的 0.7 倍并限 −5%~+20%）× 17.6×"", ""multiple"": ""17.6× PE"", ""price"": ""$84"", ""change"": ""+22%"", ""trigger"": ""营收同比维持 ≥0%""}, {""name"": ""乐观"", ""prob"": ""—"", ""assumption"": ""EPS 5.13（归一化 TTM ×1.08）× 20.3×"", ""multiple"": ""20.3× PE"", ""price"": ""$104"", ""change"": ""+51%"", ""trigger"": ""营收同比升至 ≥8%""}]",本轮最新行情、最新公告及正常化估值未逐家确认
MOS,美盛,材料,回避,回避：TTM 亏损，PE 不适用；最新季营收 -6.0%、毛利率 7.6%,价格 2026-09-29 收盘；财务截至 2026-06-30（单季，2026/Q2）；TTM = 最近四个单季稀释 EPS 之和（GAAP，已按拆股折算）；程序化情景规则见「研究标准」页，不是目标价。,22.42,,,,无法统一计算（缺字段/无适用情景）,,,保留旧结论；仅完成模型审计，未逐家公告复核,,,[],本轮最新行情、最新公告及正常化估值未逐家确认
MPC,马拉松原油,能源,观察,观察：TTM PE 13.5×（板块中位 16.1×），基准 +32% ÷ 悲观 −50% ≈ 0.63:1（数据稳定性存疑，见劣势）；最新季营收 +53.5%、毛利率 17.7%,价格 2026-09-29 收盘；财务截至 2026-06-30（单季，2026/Q2）；TTM = 最近四个单季稀释 EPS 之和（GAAP，已按拆股折算）；程序化情景规则见「研究标准」页，不是目标价。,392.03,197.0,516.0,0.635646,旧模型算术<2，非最新结论,,,保留旧结论；仅完成模型审计，未逐家公告复核,,,"[{""name"": ""悲观"", ""prob"": ""—"", ""assumption"": ""EPS 20.36（归一化 TTM 29.09 ×0.70）× 9.7×"", ""multiple"": ""9.7× PE"", ""price"": ""$197"", ""change"": ""-50%"", ""trigger"": ""最新季营收同比 <27% 或毛利率跌破 15%""}, {""name"": ""基准"", ""prob"": ""—"", ""assumption"": ""2027E EPS 34.91（归一化 TTM ×1.20，增速取最新季营收同比的 0.7 倍并限 −5%~+20%）× 14.8×"", ""multiple"": ""14.8× PE"", ""price"": ""$516"", ""change"": ""+32%"", ""trigger"": ""营收同比维持 ≥37%""}, {""name"": ""乐观"", ""prob"": ""—"", ""assumption"": ""EPS 43.05（归一化 TTM ×1.48）× 17.0×"", ""multiple"": ""17.0× PE"", ""price"": ""$732"", ""change"": ""+87%"", ""trigger"": ""营收同比升至 ≥70%""}]",本轮最新行情、最新公告及正常化估值未逐家确认
MRSH,达信,金融,观察,观察：TTM PE 20.8×（板块中位 14.8×），基准 -11% ÷ 悲观 −66%，不成立；最新季营收 +6.2%,价格 2026-09-29 收盘；财务截至 2026-06-30（单季，2026/Q2）；TTM = 最近四个单季稀释 EPS 之和（GAAP，已按拆股折算）；程序化情景规则见「研究标准」页，不是目标价。,170.42,58.0,152.0,-0.16385,旧模型无正基准上行,,,保留旧结论；仅完成模型审计，未逐家公告复核,,,"[{""name"": ""悲观"", ""prob"": ""—"", ""assumption"": ""EPS 6.54（归一化 TTM 8.18 ×0.80）× 8.9×"", ""multiple"": ""8.9× PE"", ""price"": ""$58"", ""change"": ""-66%"", ""trigger"": ""最新季营收同比 <1%""}, {""name"": ""基准"", ""prob"": ""—"", ""assumption"": ""2027E EPS 8.53（归一化 TTM ×1.04，增速取最新季营收同比的 0.7 倍并限 −5%~+20%）× 17.8×"", ""multiple"": ""17.8× PE"", ""price"": ""$152"", ""change"": ""-11%"", ""trigger"": ""营收同比维持 ≥4%""}, {""name"": ""乐观"", ""prob"": ""—"", ""assumption"": ""EPS 9.54（归一化 TTM ×1.17）× 20.5×"", ""multiple"": ""20.5× PE"", ""price"": ""$196"", ""change"": ""+15%"", ""trigger"": ""营收同比升至 ≥8%""}]",本轮最新行情、最新公告及正常化估值未逐家确认
MRVL,迈威尔科技,信息技术,观察,观察：TTM PE 86.9×（板块中位 29.1×），基准 -45% ÷ 悲观 −86%，不成立（数据稳定性存疑，见劣势）；最新季营收 +36.5%、毛利率 53.1%,价格 2026-09-29 收盘；财务截至 2026-08-01（单季，2026/Q2）；TTM = 最近四个单季稀释 EPS 之和（GAAP，已按拆股折算）；程序化情景规则见「研究标准」页，不是目标价。,263.27,37.0,145.0,-0.522694,旧模型无正基准上行,,,保留旧结论；仅完成模型审计，未逐家公告复核,,,"[{""name"": ""悲观"", ""prob"": ""—"", ""assumption"": ""EPS 2.12（归一化 TTM 3.03 ×0.70）× 17.5×"", ""multiple"": ""17.5× PE"", ""price"": ""$37"", ""change"": ""-86%"", ""trigger"": ""最新季营收同比 <18% 或毛利率跌破 50%""}, {""name"": ""基准"", ""prob"": ""—"", ""assumption"": ""2027E EPS 3.64（归一化 TTM ×1.20，增速取最新季营收同比的 0.7 倍并限 −5%~+20%）× 40.0×"", ""multiple"": ""40.0× PE"", ""price"": ""$145"", ""change"": ""-45%"", ""trigger"": ""营收同比维持 ≥26%""}, {""name"": ""乐观"", ""prob"": ""—"", ""assumption"": ""EPS 4.48（归一化 TTM ×1.48）× 46.0×"", ""multiple"": ""46.0× PE"", ""price"": ""$206"", ""change"": ""-22%"", ""trigger"": ""营收同比升至 ≥48%""}]",本轮最新行情、最新公告及正常化估值未逐家确认
NDSN,诺信,工业,观察,观察：TTM PE 33.3×（板块中位 26.9×），基准 -3% ÷ 悲观 −66%，不成立；最新季营收 +10.3%、毛利率 55.5%,价格 2026-09-29 收盘；财务截至 2026-07-31（单季，2026/Q3）；TTM = 最近四个单季稀释 EPS 之和（GAAP，已按拆股折算）；程序化情景规则见「研究标准」页，不是目标价。,329.53,112.0,319.0,-0.048407,旧模型无正基准上行,,,保留旧结论；仅完成模型审计，未逐家公告复核,,,"[{""name"": ""悲观"", ""prob"": ""—"", ""assumption"": ""EPS 6.92（归一化 TTM 9.89 ×0.70）× 16.2×"", ""multiple"": ""16.2× PE"", ""price"": ""$112"", ""change"": ""-66%"", ""trigger"": ""最新季营收同比 <5% 或毛利率跌破 52%""}, {""name"": ""基准"", ""prob"": ""—"", ""assumption"": ""2027E EPS 10.60（归一化 TTM ×1.07，增速取最新季营收同比的 0.7 倍并限 −5%~+20%）× 30.1×"", ""multiple"": ""30.1× PE"", ""price"": ""$319"", ""change"": ""-3%"", ""trigger"": ""营收同比维持 ≥7%""}, {""name"": ""乐观"", ""prob"": ""—"", ""assumption"": ""EPS 12.10（归一化 TTM ×1.22）× 34.6×"", ""multiple"": ""34.6× PE"", ""price"": ""$419"", ""change"": ""+27%"", ""trigger"": ""营收同比升至 ≥13%""}]",本轮最新行情、最新公告及正常化估值未逐家确认
NEE,新纪元能源,公用事业,观察,观察：TTM PE 17.1×（板块中位 19.3×），基准 +16% ÷ 悲观 −42% ≈ 0.38:1；最新季营收 +12.4%、毛利率 81.8%,价格 2026-09-29 收盘；财务截至 2026-06-30（单季，2026/Q2）；TTM = 最近四个单季稀释 EPS 之和（GAAP，已按拆股折算）；程序化情景规则见「研究标准」页，不是目标价。,75.89,44.0,88.0,0.379743,旧模型算术<2，非最新结论,,,保留旧结论；仅完成模型审计，未逐家公告复核,,,"[{""name"": ""悲观"", ""prob"": ""—"", ""assumption"": ""EPS 3.78（归一化 TTM 4.45 ×0.85）× 11.6×"", ""multiple"": ""11.6× PE"", ""price"": ""$44"", ""change"": ""-42%"", ""trigger"": ""最新季营收同比 <6% 或毛利率跌破 79%""}, {""name"": ""基准"", ""prob"": ""—"", ""assumption"": ""2027E EPS 4.84（归一化 TTM ×1.09，增速取最新季营收同比的 0.7 倍并限 −5%~+20%）× 18.2×"", ""multiple"": ""18.2× PE"", ""price"": ""$88"", ""change"": ""+16%"", ""trigger"": ""营收同比维持 ≥9%""}, {""name"": ""乐观"", ""prob"": ""—"", ""assumption"": ""EPS 5.58（归一化 TTM ×1.25）× 20.9×"", ""multiple"": ""20.9× PE"", ""price"": ""$117"", ""change"": ""+54%"", ""trigger"": ""营收同比升至 ≥16%""}]",本轮最新行情、最新公告及正常化估值未逐家确认
NEM,纽蒙特,材料,观察,观察：TTM PE 14.8×（板块中位 24.3×），基准 +38% ÷ 悲观 −31% ≈ 1.23:1（数据稳定性存疑，见劣势）；最新季营收 +15.1%、毛利率 65.9%,价格 2026-09-29 收盘；财务截至 2026-06-30（单季，2026/Q2）；TTM = 最近四个单季稀释 EPS 之和（GAAP，已按拆股折算）；程序化情景规则见「研究标准」页，不是目标价。,117.09,81.0,162.0,1.244389,旧模型算术<2，非最新结论,,,保留旧结论；仅完成模型审计，未逐家公告复核,,,"[{""name"": ""悲观"", ""prob"": ""—"", ""assumption"": ""EPS 5.54（归一化 TTM 7.92 ×0.70）× 14.6×"", ""multiple"": ""14.6× PE"", ""price"": ""$81"", ""change"": ""-31%"", ""trigger"": ""最新季营收同比 <8% 或毛利率跌破 63%""}, {""name"": ""基准"", ""prob"": ""—"", ""assumption"": ""2027E EPS 8.76（归一化 TTM ×1.11，增速取最新季营收同比的 0.7 倍并限 −5%~+20%）× 18.5×"", ""multiple"": ""18.5× PE"", ""price"": ""$162"", ""change"": ""+38%"", ""trigger"": ""营收同比维持 ≥11%""}, {""name"": ""乐观"", ""prob"": ""—"", ""assumption"": ""EPS 10.22（归一化 TTM ×1.29）× 21.3×"", ""multiple"": ""21.3× PE"", ""price"": ""$217"", ""change"": ""+86%"", ""trigger"": ""营收同比升至 ≥20%""}]",本轮最新行情、最新公告及正常化估值未逐家确认
NFLX,奈飞,通信服务,观察,观察：TTM PE 22.1×（板块中位 17.1×），基准 -3% ÷ 悲观 −63%，不成立；最新季营收 +13.4%、毛利率 51.9%,价格 2026-09-29 收盘；财务截至 2026-06-30（单季，2026/Q2）；TTM = 最近四个单季稀释 EPS 之和（GAAP，已按拆股折算）；程序化情景规则见「研究标准」页，不是目标价。,70.3,26.0,68.0,-0.051919,旧模型无正基准上行,,,保留旧结论；仅完成模型审计，未逐家公告复核,,,"[{""name"": ""悲观"", ""prob"": ""—"", ""assumption"": ""EPS 2.54（归一化 TTM 3.18 ×0.80）× 10.3×"", ""multiple"": ""10.3× PE"", ""price"": ""$26"", ""change"": ""-63%"", ""trigger"": ""最新季营收同比 <7% 或毛利率跌破 49%""}, {""name"": ""基准"", ""prob"": ""—"", ""assumption"": ""2027E EPS 3.48（归一化 TTM ×1.09，增速取最新季营收同比的 0.7 倍并限 −5%~+20%）× 19.6×"", ""multiple"": ""19.6× PE"", ""price"": ""$68"", ""change"": ""-3%"", ""trigger"": ""营收同比维持 ≥9%""}, {""name"": ""乐观"", ""prob"": ""—"", ""assumption"": ""EPS 4.03（归一化 TTM ×1.27）× 22.5×"", ""multiple"": ""22.5× PE"", ""price"": ""$91"", ""change"": ""+29%"", ""trigger"": ""营收同比升至 ≥17%""}]",本轮最新行情、最新公告及正常化估值未逐家确认
NI,尼索思,公用事业,观察,观察：TTM PE 20.8×（板块中位 19.3×），基准 -0% ÷ 悲观 −53%，不成立；最新季营收 +4.6%、毛利率 85.6%,价格 2026-09-29 收盘；财务截至 2026-06-30（单季，2026/Q2）；TTM = 最近四个单季稀释 EPS 之和（GAAP，已按拆股折算）；程序化情景规则见「研究标准」页，不是目标价。,39.32,19.0,39.0,-0.015748,旧模型无正基准上行,,,保留旧结论；仅完成模型审计，未逐家公告复核,,,"[{""name"": ""悲观"", ""prob"": ""—"", ""assumption"": ""EPS 1.61（归一化 TTM 1.89 ×0.85）× 11.6×"", ""multiple"": ""11.6× PE"", ""price"": ""$19"", ""change"": ""-53%"", ""trigger"": ""最新季营收同比 <0% 或毛利率跌破 83%""}, {""name"": ""基准"", ""prob"": ""—"", ""assumption"": ""2027E EPS 1.95（归一化 TTM ×1.03，增速取最新季营收同比的 0.7 倍并限 −5%~+20%）× 20.0×"", ""multiple"": ""20.0× PE"", ""price"": ""$39"", ""change"": ""-0%"", ""trigger"": ""营收同比维持 ≥3%""}, {""name"": ""乐观"", ""prob"": ""—"", ""assumption"": ""EPS 2.17（归一化 TTM ×1.14）× 23.1×"", ""multiple"": ""23.1× PE"", ""price"": ""$50"", ""change"": ""+27%"", ""trigger"": ""营收同比升至 ≥8%""}]",本轮最新行情、最新公告及正常化估值未逐家确认
NOC,诺斯罗普-格鲁曼,工业,条件关注,条件关注：TTM PE 16.1×（板块中位 26.9×），基准 +29% ÷ 悲观 −20% ≈ 1.47:1；最新季营收 +5.1%、毛利率 19.5%,价格 2026-09-29 收盘；财务截至 2026-06-30（单季，2026/Q2）；TTM = 最近四个单季稀释 EPS 之和（GAAP，已按拆股折算）；程序化情景规则见「研究标准」页，不是目标价。,504.61,404.0,653.0,1.474903,旧模型算术<2，非最新结论,,,保留旧结论；仅完成模型审计，未逐家公告复核,,,"[{""name"": ""悲观"", ""prob"": ""—"", ""assumption"": ""EPS 25.13（归一化 TTM 31.41 ×0.80）× 16.1×"", ""multiple"": ""16.1× PE"", ""price"": ""$404"", ""change"": ""-20%"", ""trigger"": ""最新季营收同比 <0% 或毛利率跌破 17%""}, {""name"": ""基准"", ""prob"": ""—"", ""assumption"": ""2027E EPS 32.53（归一化 TTM ×1.04，增速取最新季营收同比的 0.7 倍并限 −5%~+20%）× 20.1×"", ""multiple"": ""20.1× PE"", ""price"": ""$653"", ""change"": ""+29%"", ""trigger"": ""营收同比维持 ≥4%""}, {""name"": ""乐观"", ""prob"": ""—"", ""assumption"": ""EPS 36.16（归一化 TTM ×1.15）× 23.1×"", ""multiple"": ""23.1× PE"", ""price"": ""$835"", ""change"": ""+65%"", ""trigger"": ""营收同比升至 ≥8%""}]",本轮最新行情、最新公告及正常化估值未逐家确认
NRG,NRG Energy,公用事业,观察,观察：TTM PE 49.6×（板块中位 19.3×），基准 -25% ÷ 悲观 −80%，不成立（数据稳定性存疑，见劣势）；最新季营收 +11.0%、毛利率 26.9%,价格 2026-09-29 收盘；财务截至 2026-06-30（单季，2026/Q2）；TTM = 最近四个单季稀释 EPS 之和（GAAP，已按拆股折算）；程序化情景规则见「研究标准」页，不是目标价。,97.17,19.0,73.0,-0.309198,旧模型无正基准上行,,,保留旧结论；仅完成模型审计，未逐家公告复核,,,"[{""name"": ""悲观"", ""prob"": ""—"", ""assumption"": ""EPS 1.66（归一化 TTM 1.96 ×0.85）× 11.6×"", ""multiple"": ""11.6× PE"", ""price"": ""$19"", ""change"": ""-80%"", ""trigger"": ""最新季营收同比 <5% 或毛利率跌破 24%""}, {""name"": ""基准"", ""prob"": ""—"", ""assumption"": ""2027E EPS 2.11（归一化 TTM ×1.08，增速取最新季营收同比的 0.7 倍并限 −5%~+20%）× 34.5×"", ""multiple"": ""34.5× PE"", ""price"": ""$73"", ""change"": ""-25%"", ""trigger"": ""营收同比维持 ≥8%""}, {""name"": ""乐观"", ""prob"": ""—"", ""assumption"": ""EPS 2.42（归一化 TTM ×1.23）× 39.6×"", ""multiple"": ""39.6× PE"", ""price"": ""$96"", ""change"": ""-1%"", ""trigger"": ""营收同比升至 ≥14%""}]",本轮最新行情、最新公告及正常化估值未逐家确认
NSC,诺福克南方,工业,观察,观察：TTM PE 26.7×（板块中位 26.9×），基准 +8% ÷ 悲观 −52% ≈ 0.16:1；最新季营收 +11.4%,价格 2026-09-29 收盘；财务截至 2026-06-30（单季，2026/Q2）；TTM = 最近四个单季稀释 EPS 之和（GAAP，已按拆股折算）；程序化情景规则见「研究标准」页，不是目标价。,313.0,151.0,339.0,0.160494,旧模型算术<2，非最新结论,,,保留旧结论；仅完成模型审计，未逐家公告复核,,,"[{""name"": ""悲观"", ""prob"": ""—"", ""assumption"": ""EPS 9.38（归一化 TTM 11.72 ×0.80）× 16.2×"", ""multiple"": ""16.2× PE"", ""price"": ""$151"", ""change"": ""-52%"", ""trigger"": ""最新季营收同比 <6%""}, {""name"": ""基准"", ""prob"": ""—"", ""assumption"": ""2027E EPS 12.66（归一化 TTM ×1.08，增速取最新季营收同比的 0.7 倍并限 −5%~+20%）× 26.8×"", ""multiple"": ""26.8× PE"", ""price"": ""$339"", ""change"": ""+8%"", ""trigger"": ""营收同比维持 ≥8%""}, {""name"": ""乐观"", ""prob"": ""—"", ""assumption"": ""EPS 14.53（归一化 TTM ×1.24）× 30.8×"", ""multiple"": ""30.8× PE"", ""price"": ""$448"", ""change"": ""+43%"", ""trigger"": ""营收同比升至 ≥15%""}]",本轮最新行情、最新公告及正常化估值未逐家确认
NTRS,北方信托,金融,观察,观察：TTM PE 14.8×（板块中位 14.8×），基准 +20% ÷ 悲观 −52% ≈ 0.38:1；最新季营收 +35.0%,价格 2026-09-29 收盘；财务截至 2026-06-30（单季，单季报）；TTM = 最近四个单季稀释 EPS 之和（GAAP，已按拆股折算）；程序化情景规则见「研究标准」页，不是目标价。,172.94,83.0,208.0,0.389815,旧模型算术<2，非最新结论,,,保留旧结论；仅完成模型审计，未逐家公告复核,,,"[{""name"": ""悲观"", ""prob"": ""—"", ""assumption"": ""EPS 9.32（归一化 TTM 11.65 ×0.80）× 8.9×"", ""multiple"": ""8.9× PE"", ""price"": ""$83"", ""change"": ""-52%"", ""trigger"": ""最新季营收同比 <18%""}, {""name"": ""基准"", ""prob"": ""—"", ""assumption"": ""2027E EPS 13.98（归一化 TTM ×1.20，增速取最新季营收同比的 0.7 倍并限 −5%~+20%）× 14.8×"", ""multiple"": ""14.8× PE"", ""price"": ""$208"", ""change"": ""+20%"", ""trigger"": ""营收同比维持 ≥25%""}, {""name"": ""乐观"", ""prob"": ""—"", ""assumption"": ""EPS 17.24（归一化 TTM ×1.48）× 17.1×"", ""multiple"": ""17.1× PE"", ""price"": ""$294"", ""change"": ""+70%"", ""trigger"": ""营收同比升至 ≥46%""}]",本轮最新行情、最新公告及正常化估值未逐家确认
NUE,纽柯钢铁,材料,观察,观察：TTM PE 18.8×（板块中位 24.3×），基准 +33% ÷ 悲观 −46% ≈ 0.71:1；最新季营收 +23.0%、毛利率 19.6%,价格 2026-09-29 收盘；财务截至 2026-07-04（单季，2026/Q2）；TTM = 最近四个单季稀释 EPS 之和（GAAP，已按拆股折算）；程序化情景规则见「研究标准」页，不是目标价。,236.24,128.0,314.0,0.718404,旧模型算术<2，非最新结论,,,保留旧结论；仅完成模型审计，未逐家公告复核,,,"[{""name"": ""悲观"", ""prob"": ""—"", ""assumption"": ""EPS 8.78（归一化 TTM 12.54 ×0.70）× 14.6×"", ""multiple"": ""14.6× PE"", ""price"": ""$128"", ""change"": ""-46%"", ""trigger"": ""最新季营收同比 <11% 或毛利率跌破 17%""}, {""name"": ""基准"", ""prob"": ""—"", ""assumption"": ""2027E EPS 14.55（归一化 TTM ×1.16，增速取最新季营收同比的 0.7 倍并限 −5%~+20%）× 21.6×"", ""multiple"": ""21.6× PE"", ""price"": ""$314"", ""change"": ""+33%"", ""trigger"": ""营收同比维持 ≥16%""}, {""name"": ""乐观"", ""prob"": ""—"", ""assumption"": ""EPS 17.57（归一化 TTM ×1.40）× 24.8×"", ""multiple"": ""24.8× PE"", ""price"": ""$436"", ""change"": ""+84%"", ""trigger"": ""营收同比升至 ≥30%""}]",本轮最新行情、最新公告及正常化估值未逐家确认
NWS,新闻集团-B,通信服务,观察,观察：TTM PE 30.6×（板块中位 17.1×），基准 -16% ÷ 悲观 −73%，不成立；最新季营收 +10.8%,价格 2026-09-29 收盘；财务截至 2026-06-30（单季，2025/Q4）；TTM = 最近四个单季稀释 EPS 之和（GAAP，已按拆股折算）；程序化情景规则见「研究标准」页，不是目标价。,31.5,8.0,26.0,-0.234043,旧模型无正基准上行,,,保留旧结论；仅完成模型审计，未逐家公告复核,,,"[{""name"": ""悲观"", ""prob"": ""—"", ""assumption"": ""EPS 0.82（归一化 TTM 1.03 ×0.80）× 10.3×"", ""multiple"": ""10.3× PE"", ""price"": ""$8"", ""change"": ""-73%"", ""trigger"": ""最新季营收同比 <5%""}, {""name"": ""基准"", ""prob"": ""—"", ""assumption"": ""2027E EPS 1.11（归一化 TTM ×1.08，增速取最新季营收同比的 0.7 倍并限 −5%~+20%）× 23.8×"", ""multiple"": ""23.8× PE"", ""price"": ""$26"", ""change"": ""-16%"", ""trigger"": ""营收同比维持 ≥8%""}, {""name"": ""乐观"", ""prob"": ""—"", ""assumption"": ""EPS 1.27（归一化 TTM ×1.23）× 27.4×"", ""multiple"": ""27.4× PE"", ""price"": ""$35"", ""change"": ""+10%"", ""trigger"": ""营收同比升至 ≥14%""}]",本轮最新行情、最新公告及正常化估值未逐家确认
NWSA,新闻集团-A,通信服务,观察,观察：TTM PE 27.7×（板块中位 17.1×），基准 -13% ÷ 悲观 −70%，不成立；最新季营收 +10.8%,价格 2026-09-29 收盘；财务截至 2026-06-30（单季，2025/Q4）；TTM = 最近四个单季稀释 EPS 之和（GAAP，已按拆股折算）；程序化情景规则见「研究标准」页，不是目标价。,28.52,8.0,25.0,-0.17154,旧模型无正基准上行,,,保留旧结论；仅完成模型审计，未逐家公告复核,,,"[{""name"": ""悲观"", ""prob"": ""—"", ""assumption"": ""EPS 0.82（归一化 TTM 1.03 ×0.80）× 10.3×"", ""multiple"": ""10.3× PE"", ""price"": ""$8"", ""change"": ""-70%"", ""trigger"": ""最新季营收同比 <5%""}, {""name"": ""基准"", ""prob"": ""—"", ""assumption"": ""2027E EPS 1.11（归一化 TTM ×1.08，增速取最新季营收同比的 0.7 倍并限 −5%~+20%）× 22.4×"", ""multiple"": ""22.4× PE"", ""price"": ""$25"", ""change"": ""-13%"", ""trigger"": ""营收同比维持 ≥8%""}, {""name"": ""乐观"", ""prob"": ""—"", ""assumption"": ""EPS 1.27（归一化 TTM ×1.23）× 25.8×"", ""multiple"": ""25.8× PE"", ""price"": ""$33"", ""change"": ""+15%"", ""trigger"": ""营收同比升至 ≥14%""}]",本轮最新行情、最新公告及正常化估值未逐家确认
O,Realty Income,房地产,观察,观察：REIT 需 FFO 口径，本页不做估值判断；最新季营收 +9.7%,价格 2026-09-29 收盘；财务截至 2026-06-30（单季，单季报）；TTM = 最近四个单季稀释 EPS 之和（GAAP，已按拆股折算）；程序化情景规则见「研究标准」页，不是目标价。,55.14,,,,无法统一计算（缺字段/无适用情景）,,,保留旧结论；仅完成模型审计，未逐家公告复核,,,[],本轮最新行情、最新公告及正常化估值未逐家确认
ODFL,Old Dominion,工业,观察,观察：TTM PE 34.2×（板块中位 26.9×），基准 -4% ÷ 悲观 −62%，不成立；最新季营收 +10.4%,价格 2026-09-29 收盘；财务截至 2026-06-30（单季，2026/Q2）；TTM = 最近四个单季稀释 EPS 之和（GAAP，已按拆股折算）；程序化情景规则见「研究标准」页，不是目标价。,177.46,67.0,170.0,-0.067536,旧模型无正基准上行,,,保留旧结论；仅完成模型审计，未逐家公告复核,,,"[{""name"": ""悲观"", ""prob"": ""—"", ""assumption"": ""EPS 4.15（归一化 TTM 5.19 ×0.80）× 16.2×"", ""multiple"": ""16.2× PE"", ""price"": ""$67"", ""change"": ""-62%"", ""trigger"": ""最新季营收同比 <5%""}, {""name"": ""基准"", ""prob"": ""—"", ""assumption"": ""2027E EPS 5.57（归一化 TTM ×1.07，增速取最新季营收同比的 0.7 倍并限 −5%~+20%）× 30.6×"", ""multiple"": ""30.6× PE"", ""price"": ""$170"", ""change"": ""-4%"", ""trigger"": ""营收同比维持 ≥7%""}, {""name"": ""乐观"", ""prob"": ""—"", ""assumption"": ""EPS 6.36（归一化 TTM ×1.23）× 35.1×"", ""multiple"": ""35.1× PE"", ""price"": ""$223"", ""change"": ""+26%"", ""trigger"": ""营收同比升至 ≥14%""}]",本轮最新行情、最新公告及正常化估值未逐家确认
OKE,欧尼克,能源,观察,观察：TTM PE 15.0×（板块中位 16.1×），基准 +24% ÷ 悲观 −55% ≈ 0.45:1（数据稳定性存疑，见劣势）；最新季营收 +52.8%、毛利率 23.3%,价格 2026-09-29 收盘；财务截至 2026-06-30（单季，2026/Q2）；TTM = 最近四个单季稀释 EPS 之和（GAAP，已按拆股折算）；程序化情景规则见「研究标准」页，不是目标价。,86.86,39.0,108.0,0.441705,旧模型算术<2，非最新结论,,,保留旧结论；仅完成模型审计，未逐家公告复核,,,"[{""name"": ""悲观"", ""prob"": ""—"", ""assumption"": ""EPS 4.06（归一化 TTM 5.80 ×0.70）× 9.7×"", ""multiple"": ""9.7× PE"", ""price"": ""$39"", ""change"": ""-55%"", ""trigger"": ""最新季营收同比 <26% 或毛利率跌破 20%""}, {""name"": ""基准"", ""prob"": ""—"", ""assumption"": ""2027E EPS 6.96（归一化 TTM ×1.20，增速取最新季营收同比的 0.7 倍并限 −5%~+20%）× 15.5×"", ""multiple"": ""15.5× PE"", ""price"": ""$108"", ""change"": ""+24%"", ""trigger"": ""营收同比维持 ≥37%""}, {""name"": ""乐观"", ""prob"": ""—"", ""assumption"": ""EPS 8.58（归一化 TTM ×1.48）× 17.9×"", ""multiple"": ""17.9× PE"", ""price"": ""$153"", ""change"": ""+77%"", ""trigger"": ""营收同比升至 ≥69%""}]",本轮最新行情、最新公告及正常化估值未逐家确认
OMC,宏盟集团,通信服务,观察,观察：TTM PE 10.3×（板块中位 17.1×），基准 +50% ÷ 悲观 −21% ≈ 2.43:1（数据稳定性存疑，见劣势）；最新季营收 +63.4%、毛利率 19.8%,价格 2026-09-29 收盘；财务截至 2026-06-30（单季，2026/Q2）；TTM = 最近四个单季稀释 EPS 之和（GAAP，已按拆股折算）；程序化情景规则见「研究标准」页，不是目标价。,74.14,59.0,111.0,2.43461,旧模型算术≥2，非认证,74.485,2.358088,观察（待重建）：并购后盈利桥接不完整，旧 $111 基准不再认证,7/28 公告：Q2 有机增长 6.1%，GAAP EPS 2.08、调整后 2.65；IPG 并表改变收入、股数及整合成本。旧营收 +63.4% 不等于内生增速，旧 EPS 7.18→8.61 需按并购后口径重建。,https://investor.omc.com/news/news-details/2026/Omnicom-Reports-Second-Quarter-2026-Results/default.aspx,"[{""name"": ""悲观"", ""prob"": ""—"", ""assumption"": ""EPS 5.74（归一化 TTM 7.18 ×0.80）× 10.3×"", ""multiple"": ""10.3× PE"", ""price"": ""$59"", ""change"": ""-21%"", ""trigger"": ""最新季营收同比 <32% 或毛利率跌破 17%""}, {""name"": ""基准"", ""prob"": ""—"", ""assumption"": ""2027E EPS 8.61（归一化 TTM ×1.20，增速取最新季营收同比的 0.7 倍并限 −5%~+20%）× 12.9×"", ""multiple"": ""12.9× PE"", ""price"": ""$111"", ""change"": ""+50%"", ""trigger"": ""营收同比维持 ≥44%""}, {""name"": ""乐观"", ""prob"": ""—"", ""assumption"": ""EPS 10.62（归一化 TTM ×1.48）× 14.9×"", ""multiple"": ""14.9× PE"", ""price"": ""$158"", ""change"": ""+113%"", ""trigger"": ""营收同比升至 ≥82%""}]",本轮重点模型未认证
OTIS,Otis Worldwide,工业,观察,观察：TTM PE 16.9×（板块中位 26.9×），基准 +31% ÷ 悲观 −33% ≈ 0.95:1；最新季营收 +7.3%、毛利率 29.4%,价格 2026-09-29 收盘；财务截至 2026-06-30（单季，2026/Q2）；TTM = 最近四个单季稀释 EPS 之和（GAAP，已按拆股折算）；程序化情景规则见「研究标准」页，不是目标价。,65.63,44.0,86.0,0.941748,旧模型算术<2，非最新结论,,,保留旧结论；仅完成模型审计，未逐家公告复核,,,"[{""name"": ""悲观"", ""prob"": ""—"", ""assumption"": ""EPS 2.72（归一化 TTM 3.89 ×0.70）× 16.2×"", ""multiple"": ""16.2× PE"", ""price"": ""$44"", ""change"": ""-33%"", ""trigger"": ""最新季营收同比 <2% 或毛利率跌破 26%""}, {""name"": ""基准"", ""prob"": ""—"", ""assumption"": ""2027E EPS 4.09（归一化 TTM ×1.05，增速取最新季营收同比的 0.7 倍并限 −5%~+20%）× 21.1×"", ""multiple"": ""21.1× PE"", ""price"": ""$86"", ""change"": ""+31%"", ""trigger"": ""营收同比维持 ≥5%""}, {""name"": ""乐观"", ""prob"": ""—"", ""assumption"": ""EPS 4.60（归一化 TTM ×1.18）× 24.3×"", ""multiple"": ""24.3× PE"", ""price"": ""$112"", ""change"": ""+70%"", ""trigger"": ""营收同比升至 ≥10%""}]",本轮最新行情、最新公告及正常化估值未逐家确认
OXY,西方石油,能源,观察,观察：TTM PE 8.5×（板块中位 16.1×），基准 +50% ÷ 悲观 −30% ≈ 1.67:1（数据稳定性存疑，见劣势）；最新季营收 +53.4%、毛利率 80.4%,价格 2026-09-29 收盘；财务截至 2026-06-30（单季，2026/Q2）；TTM = 最近四个单季稀释 EPS 之和（GAAP，已按拆股折算）；程序化情景规则见「研究标准」页，不是目标价。,54.94,38.0,82.0,1.597403,旧模型算术<2，非最新结论,,,保留旧结论；仅完成模型审计，未逐家公告复核,,,"[{""name"": ""悲观"", ""prob"": ""—"", ""assumption"": ""EPS 4.52（归一化 TTM 6.46 ×0.70）× 8.5×"", ""multiple"": ""8.5× PE"", ""price"": ""$38"", ""change"": ""-30%"", ""trigger"": ""最新季营收同比 <27% 或毛利率跌破 77%""}, {""name"": ""基准"", ""prob"": ""—"", ""assumption"": ""2027E EPS 7.75（归一化 TTM ×1.20，增速取最新季营收同比的 0.7 倍并限 −5%~+20%）× 10.6×"", ""multiple"": ""10.6× PE"", ""price"": ""$82"", ""change"": ""+50%"", ""trigger"": ""营收同比维持 ≥37%""}, {""name"": ""乐观"", ""prob"": ""—"", ""assumption"": ""EPS 9.56（归一化 TTM ×1.48）× 12.2×"", ""multiple"": ""12.2× PE"", ""price"": ""$117"", ""change"": ""+113%"", ""trigger"": ""营收同比升至 ≥69%""}]",本轮最新行情、最新公告及正常化估值未逐家确认
P,Everpure,信息技术,观察,观察：TTM PE 177.6×（板块中位 29.1×），基准 -73% ÷ 悲观 −92%，不成立；最新季营收 +37.7%、毛利率 68.4%,价格 2026-09-29 收盘；财务截至 2026-08-02（单季，2026/Q2）；TTM = 最近四个单季稀释 EPS 之和（GAAP，已按拆股折算）；程序化情景规则见「研究标准」页，不是目标价。,130.05,10.0,35.0,-0.791753,旧模型无正基准上行,,,保留旧结论；仅完成模型审计，未逐家公告复核,,,"[{""name"": ""悲观"", ""prob"": ""—"", ""assumption"": ""EPS 0.59（归一化 TTM 0.73 ×0.80）× 17.5×"", ""multiple"": ""17.5× PE"", ""price"": ""$10"", ""change"": ""-92%"", ""trigger"": ""最新季营收同比 <19% 或毛利率跌破 65%""}, {""name"": ""基准"", ""prob"": ""—"", ""assumption"": ""2027E EPS 0.88（归一化 TTM ×1.20，增速取最新季营收同比的 0.7 倍并限 −5%~+20%）× 40.0×"", ""multiple"": ""40.0× PE"", ""price"": ""$35"", ""change"": ""-73%"", ""trigger"": ""营收同比维持 ≥26%""}, {""name"": ""乐观"", ""prob"": ""—"", ""assumption"": ""EPS 1.08（归一化 TTM ×1.48）× 46.0×"", ""multiple"": ""46.0× PE"", ""price"": ""$50"", ""change"": ""-62%"", ""trigger"": ""营收同比升至 ≥49%""}]",本轮最新行情、最新公告及正常化估值未逐家确认
PAYX,沛齐,工业,观察,观察：TTM PE 19.7×（板块中位 26.9×），基准 +23% ÷ 悲观 −34% ≈ 0.67:1；最新季营收 +5.9%、毛利率 73.6%,价格 2026-09-29 收盘；财务截至 2026-08-31（单季，2026/Q1）；TTM = 最近四个单季稀释 EPS 之和（GAAP，已按拆股折算）；程序化情景规则见「研究标准」页，不是目标价。,99.31,65.0,122.0,0.661323,旧模型算术<2，非最新结论,,,保留旧结论；仅完成模型审计，未逐家公告复核,,,"[{""name"": ""悲观"", ""prob"": ""—"", ""assumption"": ""EPS 4.03（归一化 TTM 5.04 ×0.80）× 16.2×"", ""multiple"": ""16.2× PE"", ""price"": ""$65"", ""change"": ""-34%"", ""trigger"": ""最新季营收同比 <1% 或毛利率跌破 71%""}, {""name"": ""基准"", ""prob"": ""—"", ""assumption"": ""2027E EPS 5.25（归一化 TTM ×1.04，增速取最新季营收同比的 0.7 倍并限 −5%~+20%）× 23.3×"", ""multiple"": ""23.3× PE"", ""price"": ""$122"", ""change"": ""+23%"", ""trigger"": ""营收同比维持 ≥4%""}, {""name"": ""乐观"", ""prob"": ""—"", ""assumption"": ""EPS 5.86（归一化 TTM ×1.16）× 26.8×"", ""multiple"": ""26.8× PE"", ""price"": ""$157"", ""change"": ""+58%"", ""trigger"": ""营收同比升至 ≥8%""}]",本轮最新行情、最新公告及正常化估值未逐家确认
PCAR,帕卡,工业,观察,观察：TTM PE 23.5×（板块中位 26.9×），基准 +8% ÷ 悲观 −52% ≈ 0.15:1；最新季营收 +0.5%、毛利率 20.6%,价格 2026-09-29 收盘；财务截至 2026-06-30（单季，2026/Q2）；TTM = 最近四个单季稀释 EPS 之和（GAAP，已按拆股折算）；程序化情景规则见「研究标准」页，不是目标价。,111.8,54.0,120.0,0.141869,旧模型算术<2，非最新结论,,,保留旧结论；仅完成模型审计，未逐家公告复核,,,"[{""name"": ""悲观"", ""prob"": ""—"", ""assumption"": ""EPS 3.33（归一化 TTM 4.76 ×0.70）× 16.2×"", ""multiple"": ""16.2× PE"", ""price"": ""$54"", ""change"": ""-52%"", ""trigger"": ""最新季营收同比 <-5% 或毛利率跌破 18%""}, {""name"": ""基准"", ""prob"": ""—"", ""assumption"": ""2027E EPS 4.78（归一化 TTM ×1.00，增速取最新季营收同比的 0.7 倍并限 −5%~+20%）× 25.2×"", ""multiple"": ""25.2× PE"", ""price"": ""$120"", ""change"": ""+8%"", ""trigger"": ""营收同比维持 ≥0%""}, {""name"": ""乐观"", ""prob"": ""—"", ""assumption"": ""EPS 5.17（归一化 TTM ×1.09）× 29.0×"", ""multiple"": ""29.0× PE"", ""price"": ""$150"", ""change"": ""+34%"", ""trigger"": ""营收同比升至 ≥8%""}]",本轮最新行情、最新公告及正常化估值未逐家确认
PCG,太平洋煤气电力,公用事业,条件关注,条件关注：TTM PE 8.7×（板块中位 19.3×），基准 +25% ÷ 悲观 −15% ≈ 1.67:1；最新季营收 +0.1%、毛利率 84.5%,价格 2026-09-29 收盘；财务截至 2026-06-30（单季，2026/Q2）；TTM = 最近四个单季稀释 EPS 之和（GAAP，已按拆股折算）；程序化情景规则见「研究标准」页，不是目标价。,12.18,10.0,15.0,1.293578,旧模型算术<2，非最新结论,,,保留旧结论；仅完成模型审计，未逐家公告复核,,,"[{""name"": ""悲观"", ""prob"": ""—"", ""assumption"": ""EPS 1.19（归一化 TTM 1.39 ×0.85）× 8.7×"", ""multiple"": ""8.7× PE"", ""price"": ""$10"", ""change"": ""-15%"", ""trigger"": ""最新季营收同比 <-5% 或毛利率跌破 81%""}, {""name"": ""基准"", ""prob"": ""—"", ""assumption"": ""2027E EPS 1.39（归一化 TTM ×1.00，增速取最新季营收同比的 0.7 倍并限 −5%~+20%）× 10.9×"", ""multiple"": ""10.9× PE"", ""price"": ""$15"", ""change"": ""+25%"", ""trigger"": ""营收同比维持 ≥0%""}, {""name"": ""乐观"", ""prob"": ""—"", ""assumption"": ""EPS 1.51（归一化 TTM ×1.08）× 12.6×"", ""multiple"": ""12.6× PE"", ""price"": ""$19"", ""change"": ""+55%"", ""trigger"": ""营收同比升至 ≥8%""}]",本轮最新行情、最新公告及正常化估值未逐家确认
PEG,公共服务企业,公用事业,观察,观察：TTM PE 16.8×（板块中位 19.3×），基准 +2% ÷ 悲观 −41% ≈ 0.05:1；最新季营收 -8.9%、毛利率 66.1%,价格 2026-09-29 收盘；财务截至 2026-06-30（单季，2026/Q2）；TTM = 最近四个单季稀释 EPS 之和（GAAP，已按拆股折算）；程序化情景规则见「研究标准」页，不是目标价。,67.68,40.0,69.0,0.047688,旧模型算术<2，非最新结论,,,保留旧结论；仅完成模型审计，未逐家公告复核,,,"[{""name"": ""悲观"", ""prob"": ""—"", ""assumption"": ""EPS 3.42（归一化 TTM 4.02 ×0.85）× 11.6×"", ""multiple"": ""11.6× PE"", ""price"": ""$40"", ""change"": ""-41%"", ""trigger"": ""最新季营收同比 <-14% 或毛利率跌破 63%""}, {""name"": ""基准"", ""prob"": ""—"", ""assumption"": ""2027E EPS 3.82（归一化 TTM ×0.95，增速取最新季营收同比的 0.7 倍并限 −5%~+20%）× 18.1×"", ""multiple"": ""18.1× PE"", ""price"": ""$69"", ""change"": ""+2%"", ""trigger"": ""营收同比维持 ≥0%""}, {""name"": ""乐观"", ""prob"": ""—"", ""assumption"": ""EPS 3.94（归一化 TTM ×0.98）× 20.8×"", ""multiple"": ""20.8× PE"", ""price"": ""$82"", ""change"": ""+21%"", ""trigger"": ""营收同比升至 ≥8%""}]",本轮最新行情、最新公告及正常化估值未逐家确认
PFG,信安金融,金融,观察,观察：TTM PE 15.8×（板块中位 14.8×），基准 +1% ÷ 悲观 −55% ≈ 0.03:1；最新季营收 +6.4%,价格 2026-09-29 收盘；财务截至 2026-06-30（单季，单季报）；TTM = 最近四个单季稀释 EPS 之和（GAAP，已按拆股折算）；程序化情景规则见「研究标准」页，不是目标价。,113.97,51.0,116.0,0.032238,旧模型算术<2，非最新结论,,,保留旧结论；仅完成模型审计，未逐家公告复核,,,"[{""name"": ""悲观"", ""prob"": ""—"", ""assumption"": ""EPS 5.78（归一化 TTM 7.22 ×0.80）× 8.9×"", ""multiple"": ""8.9× PE"", ""price"": ""$51"", ""change"": ""-55%"", ""trigger"": ""最新季营收同比 <1%""}, {""name"": ""基准"", ""prob"": ""—"", ""assumption"": ""2027E EPS 7.55（归一化 TTM ×1.04，增速取最新季营收同比的 0.7 倍并限 −5%~+20%）× 15.3×"", ""multiple"": ""15.3× PE"", ""price"": ""$116"", ""change"": ""+1%"", ""trigger"": ""营收同比维持 ≥4%""}, {""name"": ""乐观"", ""prob"": ""—"", ""assumption"": ""EPS 8.45（归一化 TTM ×1.17）× 17.6×"", ""multiple"": ""17.6× PE"", ""price"": ""$149"", ""change"": ""+31%"", ""trigger"": ""营收同比升至 ≥8%""}]",本轮最新行情、最新公告及正常化估值未逐家确认
PG,宝洁,日常消费,观察,观察：TTM PE 22.4×（板块中位 20.8×），基准 -3% ÷ 悲观 −53%，不成立；最新季营收 +1.5%、毛利率 48.5%,价格 2026-09-29 收盘；财务截至 2026-06-30（单季，2025/Q4）；TTM = 最近四个单季稀释 EPS 之和（GAAP，已按拆股折算）；程序化情景规则见「研究标准」页，不是目标价。,148.32,70.0,144.0,-0.055158,旧模型无正基准上行,,,保留旧结论；仅完成模型审计，未逐家公告复核,,,"[{""name"": ""悲观"", ""prob"": ""—"", ""assumption"": ""EPS 5.63（归一化 TTM 6.62 ×0.85）× 12.5×"", ""multiple"": ""12.5× PE"", ""price"": ""$70"", ""change"": ""-53%"", ""trigger"": ""最新季营收同比 <-3% 或毛利率跌破 45%""}, {""name"": ""基准"", ""prob"": ""—"", ""assumption"": ""2027E EPS 6.69（归一化 TTM ×1.01，增速取最新季营收同比的 0.7 倍并限 −5%~+20%）× 21.6×"", ""multiple"": ""21.6× PE"", ""price"": ""$144"", ""change"": ""-3%"", ""trigger"": ""营收同比维持 ≥1%""}, {""name"": ""乐观"", ""prob"": ""—"", ""assumption"": ""EPS 7.29（归一化 TTM ×1.10）× 24.8×"", ""multiple"": ""24.8× PE"", ""price"": ""$181"", ""change"": ""+22%"", ""trigger"": ""营收同比升至 ≥8%""}]",本轮最新行情、最新公告及正常化估值未逐家确认
PGR,前进保险,金融,观察,观察：TTM PE 10.6×（板块中位 14.8×），基准 +26% ÷ 悲观 −33% ≈ 0.81:1；最新季营收 +7.3%,价格 2026-09-29 收盘；财务截至 2026-06-30（单季，单季报）；TTM = 最近四个单季稀释 EPS 之和（GAAP，已按拆股折算）；程序化情景规则见「研究标准」页，不是目标价。,210.52,142.0,266.0,0.809691,旧模型算术<2，非最新结论,,,保留旧结论；仅完成模型审计，未逐家公告复核,,,"[{""name"": ""悲观"", ""prob"": ""—"", ""assumption"": ""EPS 15.95（归一化 TTM 19.94 ×0.80）× 8.9×"", ""multiple"": ""8.9× PE"", ""price"": ""$142"", ""change"": ""-33%"", ""trigger"": ""最新季营收同比 <2%""}, {""name"": ""基准"", ""prob"": ""—"", ""assumption"": ""2027E EPS 20.96（归一化 TTM ×1.05，增速取最新季营收同比的 0.7 倍并限 −5%~+20%）× 12.7×"", ""multiple"": ""12.7× PE"", ""price"": ""$266"", ""change"": ""+26%"", ""trigger"": ""营收同比维持 ≥5%""}, {""name"": ""乐观"", ""prob"": ""—"", ""assumption"": ""EPS 23.57（归一化 TTM ×1.18）× 14.6×"", ""multiple"": ""14.6× PE"", ""price"": ""$344"", ""change"": ""+64%"", ""trigger"": ""营收同比升至 ≥9%""}]",本轮最新行情、最新公告及正常化估值未逐家确认
PH,派克汉尼汾,工业,观察,观察：TTM PE 34.1×（板块中位 26.9×），基准 -4% ÷ 悲观 −67%，不成立；最新季营收 +9.8%、毛利率 39.0%,价格 2026-09-29 收盘；财务截至 2026-06-30（单季，2025/Q4）；TTM = 最近四个单季稀释 EPS 之和（GAAP，已按拆股折算）；程序化情景规则见「研究标准」页，不是目标价。,970.37,322.0,928.0,-0.065348,旧模型无正基准上行,,,保留旧结论；仅完成模型审计，未逐家公告复核,,,"[{""name"": ""悲观"", ""prob"": ""—"", ""assumption"": ""EPS 19.94（归一化 TTM 28.49 ×0.70）× 16.2×"", ""multiple"": ""16.2× PE"", ""price"": ""$322"", ""change"": ""-67%"", ""trigger"": ""最新季营收同比 <5% 或毛利率跌破 36%""}, {""name"": ""基准"", ""prob"": ""—"", ""assumption"": ""2027E EPS 30.44（归一化 TTM ×1.07，增速取最新季营收同比的 0.7 倍并限 −5%~+20%）× 30.5×"", ""multiple"": ""30.5× PE"", ""price"": ""$928"", ""change"": ""-4%"", ""trigger"": ""营收同比维持 ≥7%""}, {""name"": ""乐观"", ""prob"": ""—"", ""assumption"": ""EPS 34.66（归一化 TTM ×1.22）× 35.1×"", ""multiple"": ""35.1× PE"", ""price"": ""$1215"", ""change"": ""+25%"", ""trigger"": ""营收同比升至 ≥13%""}]",本轮最新行情、最新公告及正常化估值未逐家确认
PKG,美国包装,材料,观察,观察：TTM PE 30.3×（板块中位 24.3×），基准 -1% ÷ 悲观 −66%，不成立；最新季营收 +14.7%、毛利率 20.6%,价格 2026-09-29 收盘；财务截至 2026-06-30（单季，2026/Q2）；TTM = 最近四个单季稀释 EPS 之和（GAAP，已按拆股折算）；程序化情景规则见「研究标准」页，不是目标价。,233.28,78.0,232.0,-0.008243,旧模型无正基准上行,,,保留旧结论；仅完成模型审计，未逐家公告复核,,,"[{""name"": ""悲观"", ""prob"": ""—"", ""assumption"": ""EPS 5.39（归一化 TTM 7.70 ×0.70）× 14.6×"", ""multiple"": ""14.6× PE"", ""price"": ""$78"", ""change"": ""-66%"", ""trigger"": ""最新季营收同比 <7% 或毛利率跌破 18%""}, {""name"": ""基准"", ""prob"": ""—"", ""assumption"": ""2027E EPS 8.49（归一化 TTM ×1.10，增速取最新季营收同比的 0.7 倍并限 −5%~+20%）× 27.3×"", ""multiple"": ""27.3× PE"", ""price"": ""$232"", ""change"": ""-1%"", ""trigger"": ""营收同比维持 ≥10%""}, {""name"": ""乐观"", ""prob"": ""—"", ""assumption"": ""EPS 9.90（归一化 TTM ×1.29）× 31.4×"", ""multiple"": ""31.4× PE"", ""price"": ""$311"", ""change"": ""+33%"", ""trigger"": ""营收同比升至 ≥19%""}]",本轮最新行情、最新公告及正常化估值未逐家确认
PLD,安博,房地产,观察,观察：REIT 需 FFO 口径，本页不做估值判断；最新季营收 +11.1%,价格 2026-09-29 收盘；财务截至 2026-06-30（单季，单季报）；TTM = 最近四个单季稀释 EPS 之和（GAAP，已按拆股折算）；程序化情景规则见「研究标准」页，不是目标价。,132.61,,,,无法统一计算（缺字段/无适用情景）,,,保留旧结论；仅完成模型审计，未逐家公告复核,,,[],本轮最新行情、最新公告及正常化估值未逐家确认
PLTR,Palantir Technologies,信息技术,观察,观察：TTM PE 159.8×（板块中位 29.1×），基准 -70% ÷ 悲观 −91%，不成立（数据稳定性存疑，见劣势）；最新季营收 +92.8%、毛利率 84.7%,价格 2026-09-29 收盘；财务截至 2026-06-30（单季，2026/Q2）；TTM = 最近四个单季稀释 EPS 之和（GAAP，已按拆股折算）；程序化情景规则见「研究标准」页，不是目标价。,186.97,16.0,56.0,-0.766041,旧模型无正基准上行,,,保留旧结论；仅完成模型审计，未逐家公告复核,,,"[{""name"": ""悲观"", ""prob"": ""—"", ""assumption"": ""EPS 0.94（归一化 TTM 1.17 ×0.80）× 17.5×"", ""multiple"": ""17.5× PE"", ""price"": ""$16"", ""change"": ""-91%"", ""trigger"": ""最新季营收同比 <46% 或毛利率跌破 82%""}, {""name"": ""基准"", ""prob"": ""—"", ""assumption"": ""2027E EPS 1.40（归一化 TTM ×1.20，增速取最新季营收同比的 0.7 倍并限 −5%~+20%）× 40.0×"", ""multiple"": ""40.0× PE"", ""price"": ""$56"", ""change"": ""-70%"", ""trigger"": ""营收同比维持 ≥65%""}, {""name"": ""乐观"", ""prob"": ""—"", ""assumption"": ""EPS 1.73（归一化 TTM ×1.48）× 46.0×"", ""multiple"": ""46.0× PE"", ""price"": ""$80"", ""change"": ""-57%"", ""trigger"": ""营收同比升至 ≥121%""}]",本轮最新行情、最新公告及正常化估值未逐家确认
PM,菲利普莫里斯国际,日常消费,观察,观察：TTM PE 27.9×（板块中位 20.8×），基准 -6% ÷ 悲观 −62%，不成立；最新季营收 +10.4%、毛利率 68.4%,价格 2026-09-29 收盘；财务截至 2026-06-30（单季，2026/Q2）；TTM = 最近四个单季稀释 EPS 之和（GAAP，已按拆股折算）；程序化情景规则见「研究标准」页，不是目标价。,193.9,74.0,182.0,-0.099249,旧模型无正基准上行,,,保留旧结论；仅完成模型审计，未逐家公告复核,,,"[{""name"": ""悲观"", ""prob"": ""—"", ""assumption"": ""EPS 5.92（归一化 TTM 6.96 ×0.85）× 12.5×"", ""multiple"": ""12.5× PE"", ""price"": ""$74"", ""change"": ""-62%"", ""trigger"": ""最新季营收同比 <5% 或毛利率跌破 65%""}, {""name"": ""基准"", ""prob"": ""—"", ""assumption"": ""2027E EPS 7.47（归一化 TTM ×1.07，增速取最新季营收同比的 0.7 倍并限 −5%~+20%）× 24.3×"", ""multiple"": ""24.3× PE"", ""price"": ""$182"", ""change"": ""-6%"", ""trigger"": ""营收同比维持 ≥7%""}, {""name"": ""乐观"", ""prob"": ""—"", ""assumption"": ""EPS 8.53（归一化 TTM ×1.23）× 28.0×"", ""multiple"": ""28.0× PE"", ""price"": ""$239"", ""change"": ""+23%"", ""trigger"": ""营收同比升至 ≥13%""}]",本轮最新行情、最新公告及正常化估值未逐家确认
PNR,滨特尔,工业,观察,观察：TTM PE 13.4×（板块中位 26.9×），基准 +19% ÷ 悲观 −30% ≈ 0.62:1；最新季营收 -17.0%、毛利率 42.4%,价格 2026-09-29 收盘；财务截至 2026-06-30（单季，2026/Q2）；TTM = 最近四个单季稀释 EPS 之和（GAAP，已按拆股折算）；程序化情景规则见「研究标准」页，不是目标价。,53.47,37.0,63.0,0.578628,旧模型算术<2，非最新结论,,,保留旧结论；仅完成模型审计，未逐家公告复核,,,"[{""name"": ""悲观"", ""prob"": ""—"", ""assumption"": ""EPS 2.79（归一化 TTM 3.98 ×0.70）× 13.4×"", ""multiple"": ""13.4× PE"", ""price"": ""$37"", ""change"": ""-30%"", ""trigger"": ""最新季营收同比 <-22% 或毛利率跌破 39%""}, {""name"": ""基准"", ""prob"": ""—"", ""assumption"": ""2027E EPS 3.78（归一化 TTM ×0.95，增速取最新季营收同比的 0.7 倍并限 −5%~+20%）× 16.8×"", ""multiple"": ""16.8× PE"", ""price"": ""$63"", ""change"": ""+19%"", ""trigger"": ""营收同比维持 ≥0%""}, {""name"": ""乐观"", ""prob"": ""—"", ""assumption"": ""EPS 3.90（归一化 TTM ×0.98）× 19.3×"", ""multiple"": ""19.3× PE"", ""price"": ""$75"", ""change"": ""+41%"", ""trigger"": ""营收同比升至 ≥8%""}]",本轮最新行情、最新公告及正常化估值未逐家确认
PNW,品尼高西方资本,公用事业,观察,观察：TTM PE 17.9×（板块中位 19.3×），基准 +9% ÷ 悲观 −45% ≈ 0.20:1（数据稳定性存疑，见劣势）；最新季营收 +7.1%,价格 2026-09-29 收盘；财务截至 2026-06-30（单季，2026/Q2）；TTM = 最近四个单季稀释 EPS 之和（GAAP，已按拆股折算）；程序化情景规则见「研究标准」页，不是目标价。,93.4,51.0,102.0,0.20283,旧模型算术<2，非最新结论,,,保留旧结论；仅完成模型审计，未逐家公告复核,,,"[{""name"": ""悲观"", ""prob"": ""—"", ""assumption"": ""EPS 4.44（归一化 TTM 5.22 ×0.85）× 11.6×"", ""multiple"": ""11.6× PE"", ""price"": ""$51"", ""change"": ""-45%"", ""trigger"": ""最新季营收同比 <2%""}, {""name"": ""基准"", ""prob"": ""—"", ""assumption"": ""2027E EPS 5.48（归一化 TTM ×1.05，增速取最新季营收同比的 0.7 倍并限 −5%~+20%）× 18.6×"", ""multiple"": ""18.6× PE"", ""price"": ""$102"", ""change"": ""+9%"", ""trigger"": ""营收同比维持 ≥5%""}, {""name"": ""乐观"", ""prob"": ""—"", ""assumption"": ""EPS 6.16（归一化 TTM ×1.18）× 21.4×"", ""multiple"": ""21.4× PE"", ""price"": ""$132"", ""change"": ""+41%"", ""trigger"": ""营收同比升至 ≥9%""}]",本轮最新行情、最新公告及正常化估值未逐家确认
PPG,PPG工业,材料,观察,观察：TTM PE 15.2×（板块中位 24.3×），基准 +31% ÷ 悲观 −33% ≈ 0.95:1；最新季营收 +7.2%、毛利率 40.2%,价格 2026-09-29 收盘；财务截至 2026-06-30（单季，2026/Q2）；TTM = 最近四个单季稀释 EPS 之和（GAAP，已按拆股折算）；程序化情景规则见「研究标准」页，不是目标价。,106.02,71.0,139.0,0.941748,旧模型算术<2，非最新结论,,,保留旧结论；仅完成模型审计，未逐家公告复核,,,"[{""name"": ""悲观"", ""prob"": ""—"", ""assumption"": ""EPS 4.89（归一化 TTM 6.98 ×0.70）× 14.6×"", ""multiple"": ""14.6× PE"", ""price"": ""$71"", ""change"": ""-33%"", ""trigger"": ""最新季营收同比 <2% 或毛利率跌破 37%""}, {""name"": ""基准"", ""prob"": ""—"", ""assumption"": ""2027E EPS 7.33（归一化 TTM ×1.05，增速取最新季营收同比的 0.7 倍并限 −5%~+20%）× 19.0×"", ""multiple"": ""19.0× PE"", ""price"": ""$139"", ""change"": ""+31%"", ""trigger"": ""营收同比维持 ≥5%""}, {""name"": ""乐观"", ""prob"": ""—"", ""assumption"": ""EPS 8.24（归一化 TTM ×1.18）× 21.8×"", ""multiple"": ""21.8× PE"", ""price"": ""$180"", ""change"": ""+70%"", ""trigger"": ""营收同比升至 ≥9%""}]",本轮最新行情、最新公告及正常化估值未逐家确认
PPL,PPL能源,公用事业,观察,观察：TTM PE 19.3×（板块中位 19.3×），基准 +3% ÷ 悲观 −49% ≈ 0.06:1；最新季营收 +4.2%、毛利率 44.6%,价格 2026-09-29 收盘；财务截至 2026-06-30（单季，2026/Q2）；TTM = 最近四个单季稀释 EPS 之和（GAAP，已按拆股折算）；程序化情景规则见「研究标准」页，不是目标价。,32.58,17.0,34.0,0.091142,旧模型算术<2，非最新结论,,,保留旧结论；仅完成模型审计，未逐家公告复核,,,"[{""name"": ""悲观"", ""prob"": ""—"", ""assumption"": ""EPS 1.44（归一化 TTM 1.69 ×0.85）× 11.6×"", ""multiple"": ""11.6× PE"", ""price"": ""$17"", ""change"": ""-49%"", ""trigger"": ""最新季营收同比 <-1% 或毛利率跌破 42%""}, {""name"": ""基准"", ""prob"": ""—"", ""assumption"": ""2027E EPS 1.74（归一化 TTM ×1.03，增速取最新季营收同比的 0.7 倍并限 −5%~+20%）× 19.3×"", ""multiple"": ""19.3× PE"", ""price"": ""$34"", ""change"": ""+3%"", ""trigger"": ""营收同比维持 ≥3%""}, {""name"": ""乐观"", ""prob"": ""—"", ""assumption"": ""EPS 1.93（归一化 TTM ×1.14）× 22.2×"", ""multiple"": ""22.2× PE"", ""price"": ""$43"", ""change"": ""+31%"", ""trigger"": ""营收同比升至 ≥8%""}]",本轮最新行情、最新公告及正常化估值未逐家确认
PSA,大众仓储,房地产,观察,观察：REIT 需 FFO 口径，本页不做估值判断；最新季营收 +2.6%,价格 2026-09-29 收盘；财务截至 2026-06-30（单季，单季报）；TTM = 最近四个单季稀释 EPS 之和（GAAP，已按拆股折算）；程序化情景规则见「研究标准」页，不是目标价。,285.58,,,,无法统一计算（缺字段/无适用情景）,,,保留旧结论；仅完成模型审计，未逐家公告复核,,,[],本轮最新行情、最新公告及正常化估值未逐家确认
PSKY,Paramount Skydance Corporation,通信服务,回避,回避：TTM 亏损，PE 不适用；最新季营收 -9.5%、毛利率 35.7%,价格 2026-09-29 收盘；财务截至 2026-06-30（单季，2026/Q2）；TTM = 最近四个单季稀释 EPS 之和（GAAP，已按拆股折算）；程序化情景规则见「研究标准」页，不是目标价。,9.99,,,,无法统一计算（缺字段/无适用情景）,,,保留旧结论；仅完成模型审计，未逐家公告复核,,,[],本轮最新行情、最新公告及正常化估值未逐家确认
PSX,Phillips 66,能源,观察,观察：TTM PE 14.4×（板块中位 16.1×），基准 +27% ÷ 悲观 −53% ≈ 0.51:1（数据稳定性存疑，见劣势）；最新季营收 +55.3%、毛利率 11.5%,价格 2026-09-29 收盘；财务截至 2026-06-30（单季，2026/Q2）；TTM = 最近四个单季稀释 EPS 之和（GAAP，已按拆股折算）；程序化情景规则见「研究标准」页，不是目标价。,252.25,119.0,321.0,0.515947,旧模型算术<2，非最新结论,,,保留旧结论；仅完成模型审计，未逐家公告复核,,,"[{""name"": ""悲观"", ""prob"": ""—"", ""assumption"": ""EPS 12.29（归一化 TTM 17.55 ×0.70）× 9.7×"", ""multiple"": ""9.7× PE"", ""price"": ""$119"", ""change"": ""-53%"", ""trigger"": ""最新季营收同比 <28% 或毛利率跌破 8%""}, {""name"": ""基准"", ""prob"": ""—"", ""assumption"": ""2027E EPS 21.06（归一化 TTM ×1.20，增速取最新季营收同比的 0.7 倍并限 −5%~+20%）× 15.2×"", ""multiple"": ""15.2× PE"", ""price"": ""$321"", ""change"": ""+27%"", ""trigger"": ""营收同比维持 ≥39%""}, {""name"": ""乐观"", ""prob"": ""—"", ""assumption"": ""EPS 25.97（归一化 TTM ×1.48）× 17.5×"", ""multiple"": ""17.5× PE"", ""price"": ""$455"", ""change"": ""+80%"", ""trigger"": ""营收同比升至 ≥72%""}]",本轮最新行情、最新公告及正常化估值未逐家确认
PWR,广达服务,工业,观察,观察：TTM PE 74.7×（板块中位 26.9×），基准 -36% ÷ 悲观 −83%，不成立（数据稳定性存疑，见劣势）；最新季营收 +41.1%、毛利率 16.2%,价格 2026-09-29 收盘；财务截至 2026-06-30（单季，2026/Q2）；TTM = 最近四个单季稀释 EPS 之和（GAAP，已按拆股折算）；程序化情景规则见「研究标准」页，不是目标价。,651.79,113.0,419.0,-0.432061,旧模型无正基准上行,,,保留旧结论；仅完成模型审计，未逐家公告复核,,,"[{""name"": ""悲观"", ""prob"": ""—"", ""assumption"": ""EPS 6.98（归一化 TTM 8.73 ×0.80）× 16.2×"", ""multiple"": ""16.2× PE"", ""price"": ""$113"", ""change"": ""-83%"", ""trigger"": ""最新季营收同比 <21% 或毛利率跌破 13%""}, {""name"": ""基准"", ""prob"": ""—"", ""assumption"": ""2027E EPS 10.48（归一化 TTM ×1.20，增速取最新季营收同比的 0.7 倍并限 −5%~+20%）× 40.0×"", ""multiple"": ""40.0× PE"", ""price"": ""$419"", ""change"": ""-36%"", ""trigger"": ""营收同比维持 ≥29%""}, {""name"": ""乐观"", ""prob"": ""—"", ""assumption"": ""EPS 12.92（归一化 TTM ×1.48）× 46.0×"", ""multiple"": ""46.0× PE"", ""price"": ""$594"", ""change"": ""-9%"", ""trigger"": ""营收同比升至 ≥53%""}]",本轮最新行情、最新公告及正常化估值未逐家确认
Q,Qnity Electronics,信息技术,观察,观察：TTM PE 44.9×（板块中位 29.1×），基准 -5% ÷ 悲观 −73%，不成立；最新季营收 +22.1%、毛利率 46.6%,价格 2026-09-29 收盘；财务截至 2026-06-30（单季，2026/Q2）；TTM = 最近四个单季稀释 EPS 之和（GAAP，已按拆股折算）；程序化情景规则见「研究标准」页，不是目标价。,125.61,34.0,120.0,-0.061238,旧模型无正基准上行,,,保留旧结论；仅完成模型审计，未逐家公告复核,,,"[{""name"": ""悲观"", ""prob"": ""—"", ""assumption"": ""EPS 1.96（归一化 TTM 2.80 ×0.70）× 17.5×"", ""multiple"": ""17.5× PE"", ""price"": ""$34"", ""change"": ""-73%"", ""trigger"": ""最新季营收同比 <11% 或毛利率跌破 44%""}, {""name"": ""基准"", ""prob"": ""—"", ""assumption"": ""2027E EPS 3.23（归一化 TTM ×1.15，增速取最新季营收同比的 0.7 倍并限 −5%~+20%）× 37.0×"", ""multiple"": ""37.0× PE"", ""price"": ""$120"", ""change"": ""-5%"", ""trigger"": ""营收同比维持 ≥15%""}, {""name"": ""乐观"", ""prob"": ""—"", ""assumption"": ""EPS 3.89（归一化 TTM ×1.39）× 42.6×"", ""multiple"": ""42.6× PE"", ""price"": ""$165"", ""change"": ""+32%"", ""trigger"": ""营收同比升至 ≥29%""}]",本轮最新行情、最新公告及正常化估值未逐家确认
RDDT,Reddit,通信服务,观察,观察：TTM PE 33.8×（板块中位 17.1×），基准 -10% ÷ 悲观 −76%，不成立（数据稳定性存疑，见劣势）；最新季营收 +61.1%、毛利率 91.3%,价格 2026-09-29 收盘；财务截至 2026-06-30（单季，2026/Q2）；TTM = 最近四个单季稀释 EPS 之和（GAAP，已按拆股折算）；程序化情景规则见「研究标准」页，不是目标价。,145.36,35.0,131.0,-0.13012,旧模型无正基准上行,,,保留旧结论；仅完成模型审计，未逐家公告复核,,,"[{""name"": ""悲观"", ""prob"": ""—"", ""assumption"": ""EPS 3.44（归一化 TTM 4.30 ×0.80）× 10.3×"", ""multiple"": ""10.3× PE"", ""price"": ""$35"", ""change"": ""-76%"", ""trigger"": ""最新季营收同比 <31% 或毛利率跌破 88%""}, {""name"": ""基准"", ""prob"": ""—"", ""assumption"": ""2027E EPS 5.17（归一化 TTM ×1.20，增速取最新季营收同比的 0.7 倍并限 −5%~+20%）× 25.4×"", ""multiple"": ""25.4× PE"", ""price"": ""$131"", ""change"": ""-10%"", ""trigger"": ""营收同比维持 ≥43%""}, {""name"": ""乐观"", ""prob"": ""—"", ""assumption"": ""EPS 6.37（归一化 TTM ×1.48）× 29.2×"", ""multiple"": ""29.2× PE"", ""price"": ""$186"", ""change"": ""+28%"", ""trigger"": ""营收同比升至 ≥79%""}]",本轮最新行情、最新公告及正常化估值未逐家确认
REG,Regency Centers,房地产,观察,观察：REIT 需 FFO 口径，本页不做估值判断；最新季营收 +8.6%,价格 2026-09-29 收盘；财务截至 2026-06-30（单季，单季报）；TTM = 最近四个单季稀释 EPS 之和（GAAP，已按拆股折算）；程序化情景规则见「研究标准」页，不是目标价。,72.66,,,,无法统一计算（缺字段/无适用情景）,,,保留旧结论；仅完成模型审计，未逐家公告复核,,,[],本轮最新行情、最新公告及正常化估值未逐家确认
RJF,瑞杰金融,金融,观察,观察：TTM PE 13.9×（板块中位 14.8×），基准 +15% ÷ 悲观 −49% ≈ 0.30:1；最新季营收 +15.6%,价格 2026-09-29 收盘；财务截至 2026-06-30（单季，单季报）；TTM = 最近四个单季稀释 EPS 之和（GAAP，已按拆股折算）；程序化情景规则见「研究标准」页，不是目标价。,159.85,82.0,183.0,0.297367,旧模型算术<2，非最新结论,,,保留旧结论；仅完成模型审计，未逐家公告复核,,,"[{""name"": ""悲观"", ""prob"": ""—"", ""assumption"": ""EPS 9.18（归一化 TTM 11.47 ×0.80）× 8.9×"", ""multiple"": ""8.9× PE"", ""price"": ""$82"", ""change"": ""-49%"", ""trigger"": ""最新季营收同比 <8%""}, {""name"": ""基准"", ""prob"": ""—"", ""assumption"": ""2027E EPS 12.72（归一化 TTM ×1.11，增速取最新季营收同比的 0.7 倍并限 −5%~+20%）× 14.4×"", ""multiple"": ""14.4× PE"", ""price"": ""$183"", ""change"": ""+15%"", ""trigger"": ""营收同比维持 ≥11%""}, {""name"": ""乐观"", ""prob"": ""—"", ""assumption"": ""EPS 14.89（归一化 TTM ×1.30）× 16.5×"", ""multiple"": ""16.5× PE"", ""price"": ""$246"", ""change"": ""+54%"", ""trigger"": ""营收同比升至 ≥20%""}]",本轮最新行情、最新公告及正常化估值未逐家确认
ROK,罗克韦尔自动化,工业,观察,观察：TTM PE 40.4×（板块中位 26.9×），基准 -12% ÷ 悲观 −68%，不成立；最新季营收 +7.9%、毛利率 49.5%,价格 2026-09-29 收盘；财务截至 2026-06-30（单季，2026/Q3）；TTM = 最近四个单季稀释 EPS 之和（GAAP，已按拆股折算）；程序化情景规则见「研究标准」页，不是目标价。,431.53,138.0,379.0,-0.17896,旧模型无正基准上行,,,保留旧结论；仅完成模型审计，未逐家公告复核,,,"[{""name"": ""悲观"", ""prob"": ""—"", ""assumption"": ""EPS 8.54（归一化 TTM 10.67 ×0.80）× 16.2×"", ""multiple"": ""16.2× PE"", ""price"": ""$138"", ""change"": ""-68%"", ""trigger"": ""最新季营收同比 <3% 或毛利率跌破 46%""}, {""name"": ""基准"", ""prob"": ""—"", ""assumption"": ""2027E EPS 11.26（归一化 TTM ×1.06，增速取最新季营收同比的 0.7 倍并限 −5%~+20%）× 33.7×"", ""multiple"": ""33.7× PE"", ""price"": ""$379"", ""change"": ""-12%"", ""trigger"": ""营收同比维持 ≥6%""}, {""name"": ""乐观"", ""prob"": ""—"", ""assumption"": ""EPS 12.70（归一化 TTM ×1.19）× 38.7×"", ""multiple"": ""38.7× PE"", ""price"": ""$492"", ""change"": ""+14%"", ""trigger"": ""营收同比升至 ≥10%""}]",本轮最新行情、最新公告及正常化估值未逐家确认
ROL,"Rollins, Inc.",工业,观察,观察：TTM PE 27.7×（板块中位 26.9×），基准 +4% ÷ 悲观 −53% ≈ 0.07:1；最新季营收 +7.9%、毛利率 52.8%,价格 2026-09-29 收盘；财务截至 2026-06-30（单季，2026/Q2）；TTM = 最近四个单季稀释 EPS 之和（GAAP，已按拆股折算）；程序化情景规则见「研究标准」页，不是目标价。,30.5,14.0,32.0,0.090909,旧模型算术<2，非最新结论,,,保留旧结论；仅完成模型审计，未逐家公告复核,,,"[{""name"": ""悲观"", ""prob"": ""—"", ""assumption"": ""EPS 0.88（归一化 TTM 1.10 ×0.80）× 16.2×"", ""multiple"": ""16.2× PE"", ""price"": ""$14"", ""change"": ""-53%"", ""trigger"": ""最新季营收同比 <3% 或毛利率跌破 50%""}, {""name"": ""基准"", ""prob"": ""—"", ""assumption"": ""2027E EPS 1.16（归一化 TTM ×1.06，增速取最新季营收同比的 0.7 倍并限 −5%~+20%）× 27.3×"", ""multiple"": ""27.3× PE"", ""price"": ""$32"", ""change"": ""+4%"", ""trigger"": ""营收同比维持 ≥6%""}, {""name"": ""乐观"", ""prob"": ""—"", ""assumption"": ""EPS 1.31（归一化 TTM ×1.19）× 31.4×"", ""multiple"": ""31.4× PE"", ""price"": ""$41"", ""change"": ""+35%"", ""trigger"": ""营收同比升至 ≥10%""}]",本轮最新行情、最新公告及正常化估值未逐家确认
ROP,儒博实业,信息技术,观察,观察：TTM PE 20.7×（板块中位 29.1×），基准 +27% ÷ 悲观 −33% ≈ 0.84:1；最新季营收 +8.5%、毛利率 69.7%,价格 2026-09-29 收盘；财务截至 2026-06-30（单季，2026/Q2）；TTM = 最近四个单季稀释 EPS 之和（GAAP，已按拆股折算）；程序化情景规则见「研究标准」页，不是目标价。,349.45,236.0,445.0,0.842221,旧模型算术<2，非最新结论,,,保留旧结论；仅完成模型审计，未逐家公告复核,,,"[{""name"": ""悲观"", ""prob"": ""—"", ""assumption"": ""EPS 13.51（归一化 TTM 16.88 ×0.80）× 17.5×"", ""multiple"": ""17.5× PE"", ""price"": ""$236"", ""change"": ""-33%"", ""trigger"": ""最新季营收同比 <4% 或毛利率跌破 67%""}, {""name"": ""基准"", ""prob"": ""—"", ""assumption"": ""2027E EPS 17.89（归一化 TTM ×1.06，增速取最新季营收同比的 0.7 倍并限 −5%~+20%）× 24.9×"", ""multiple"": ""24.9× PE"", ""price"": ""$445"", ""change"": ""+27%"", ""trigger"": ""营收同比维持 ≥6%""}, {""name"": ""乐观"", ""prob"": ""—"", ""assumption"": ""EPS 20.25（归一化 TTM ×1.20）× 28.6×"", ""multiple"": ""28.6× PE"", ""price"": ""$580"", ""change"": ""+66%"", ""trigger"": ""营收同比升至 ≥11%""}]",本轮最新行情、最新公告及正常化估值未逐家确认
RSG,共和废品处理,工业,观察,观察：TTM PE 30.0×（板块中位 26.9×），基准 -2% ÷ 悲观 −57%，不成立；最新季营收 +4.6%、毛利率 42.1%,价格 2026-09-29 收盘；财务截至 2026-06-30（单季，2026/Q2）；TTM = 最近四个单季稀释 EPS 之和（GAAP，已按拆股折算）；程序化情景规则见「研究标准」页，不是目标价。,211.92,91.0,207.0,-0.040688,旧模型无正基准上行,,,保留旧结论；仅完成模型审计，未逐家公告复核,,,"[{""name"": ""悲观"", ""prob"": ""—"", ""assumption"": ""EPS 5.65（归一化 TTM 7.06 ×0.80）× 16.2×"", ""multiple"": ""16.2× PE"", ""price"": ""$91"", ""change"": ""-57%"", ""trigger"": ""最新季营收同比 <0% 或毛利率跌破 39%""}, {""name"": ""基准"", ""prob"": ""—"", ""assumption"": ""2027E EPS 7.29（归一化 TTM ×1.03，增速取最新季营收同比的 0.7 倍并限 −5%~+20%）× 28.5×"", ""multiple"": ""28.5× PE"", ""price"": ""$207"", ""change"": ""-2%"", ""trigger"": ""营收同比维持 ≥3%""}, {""name"": ""乐观"", ""prob"": ""—"", ""assumption"": ""EPS 8.08（归一化 TTM ×1.14）× 32.7×"", ""multiple"": ""32.7× PE"", ""price"": ""$265"", ""change"": ""+25%"", ""trigger"": ""营收同比升至 ≥8%""}]",本轮最新行情、最新公告及正常化估值未逐家确认
RTX,雷神技术,工业,观察,观察：TTM PE 32.9×（板块中位 26.9×），基准 +0% ÷ 悲观 −61% ≈ 0.00:1；最新季营收 +14.5%、毛利率 20.8%,价格 2026-09-29 收盘；财务截至 2026-06-30（单季，2026/Q2）；TTM = 最近四个单季稀释 EPS 之和（GAAP，已按拆股折算）；程序化情景规则见「研究标准」页，不是目标价。,186.94,73.0,187.0,0.000527,旧模型算术<2，非最新结论,,,保留旧结论；仅完成模型审计，未逐家公告复核,,,"[{""name"": ""悲观"", ""prob"": ""—"", ""assumption"": ""EPS 4.54（归一化 TTM 5.68 ×0.80）× 16.2×"", ""multiple"": ""16.2× PE"", ""price"": ""$73"", ""change"": ""-61%"", ""trigger"": ""最新季营收同比 <7% 或毛利率跌破 18%""}, {""name"": ""基准"", ""prob"": ""—"", ""assumption"": ""2027E EPS 6.26（归一化 TTM ×1.10，增速取最新季营收同比的 0.7 倍并限 −5%~+20%）× 29.9×"", ""multiple"": ""29.9× PE"", ""price"": ""$187"", ""change"": ""+0%"", ""trigger"": ""营收同比维持 ≥10%""}, {""name"": ""乐观"", ""prob"": ""—"", ""assumption"": ""EPS 7.29（归一化 TTM ×1.28）× 34.4×"", ""multiple"": ""34.4× PE"", ""price"": ""$251"", ""change"": ""+34%"", ""trigger"": ""营收同比升至 ≥19%""}]",本轮最新行情、最新公告及正常化估值未逐家确认
SBAC,SBA通信-A,房地产,观察,观察：REIT 需 FFO 口径，本页不做估值判断；最新季营收 +2.3%、毛利率 75.4%,价格 2026-09-29 收盘；财务截至 2026-06-30（单季，2026/Q2）；TTM = 最近四个单季稀释 EPS 之和（GAAP，已按拆股折算）；程序化情景规则见「研究标准」页，不是目标价。,162.81,,,,无法统一计算（缺字段/无适用情景）,,,保留旧结论；仅完成模型审计，未逐家公告复核,,,[],本轮最新行情、最新公告及正常化估值未逐家确认
SCHW,嘉信理财,金融,观察,观察：TTM PE 18.0×（板块中位 14.8×），基准 +5% ÷ 悲观 −60% ≈ 0.07:1；最新季营收 +20.9%,价格 2026-09-29 收盘；财务截至 2026-06-30（单季，单季报）；TTM = 最近四个单季稀释 EPS 之和（GAAP，已按拆股折算）；程序化情景规则见「研究标准」页，不是目标价。,99.1,39.0,104.0,0.081531,旧模型算术<2，非最新结论,,,保留旧结论；仅完成模型审计，未逐家公告复核,,,"[{""name"": ""悲观"", ""prob"": ""—"", ""assumption"": ""EPS 4.40（归一化 TTM 5.50 ×0.80）× 8.9×"", ""multiple"": ""8.9× PE"", ""price"": ""$39"", ""change"": ""-60%"", ""trigger"": ""最新季营收同比 <10%""}, {""name"": ""基准"", ""prob"": ""—"", ""assumption"": ""2027E EPS 6.30（归一化 TTM ×1.15，增速取最新季营收同比的 0.7 倍并限 −5%~+20%）× 16.4×"", ""multiple"": ""16.4× PE"", ""price"": ""$104"", ""change"": ""+5%"", ""trigger"": ""营收同比维持 ≥15%""}, {""name"": ""乐观"", ""prob"": ""—"", ""assumption"": ""EPS 7.55（归一化 TTM ×1.37）× 18.9×"", ""multiple"": ""18.9× PE"", ""price"": ""$143"", ""change"": ""+44%"", ""trigger"": ""营收同比升至 ≥27%""}]",本轮最新行情、最新公告及正常化估值未逐家确认
SHW,宣伟,材料,观察,观察：TTM PE 30.5×（板块中位 24.3×），基准 -5% ÷ 悲观 −67%，不成立；最新季营收 +7.5%、毛利率 49.2%,价格 2026-09-29 收盘；财务截至 2026-06-30（单季，2026/Q2）；TTM = 最近四个单季稀释 EPS 之和（GAAP，已按拆股折算）；程序化情景规则见「研究标准」页，不是目标价。,330.44,111.0,312.0,-0.084032,旧模型无正基准上行,,,保留旧结论；仅完成模型审计，未逐家公告复核,,,"[{""name"": ""悲观"", ""prob"": ""—"", ""assumption"": ""EPS 7.59（归一化 TTM 10.85 ×0.70）× 14.6×"", ""multiple"": ""14.6× PE"", ""price"": ""$111"", ""change"": ""-67%"", ""trigger"": ""最新季营收同比 <3% 或毛利率跌破 46%""}, {""name"": ""基准"", ""prob"": ""—"", ""assumption"": ""2027E EPS 11.42（归一化 TTM ×1.05，增速取最新季营收同比的 0.7 倍并限 −5%~+20%）× 27.4×"", ""multiple"": ""27.4× PE"", ""price"": ""$312"", ""change"": ""-5%"", ""trigger"": ""营收同比维持 ≥5%""}, {""name"": ""乐观"", ""prob"": ""—"", ""assumption"": ""EPS 12.86（归一化 TTM ×1.19）× 31.5×"", ""multiple"": ""31.5× PE"", ""price"": ""$405"", ""change"": ""+22%"", ""trigger"": ""营收同比升至 ≥10%""}]",本轮最新行情、最新公告及正常化估值未逐家确认
SLB,斯伦贝谢,能源,观察,观察：TTM PE 24.1×（板块中位 16.1×），基准 -14% ÷ 悲观 −72%，不成立；最新季营收 +5.0%、毛利率 15.5%,价格 2026-09-29 收盘；财务截至 2026-06-30（单季，2026/Q2）；TTM = 最近四个单季稀释 EPS 之和（GAAP，已按拆股折算）；程序化情景规则见「研究标准」页，不是目标价。,49.87,14.0,43.0,-0.191525,旧模型无正基准上行,,,保留旧结论；仅完成模型审计，未逐家公告复核,,,"[{""name"": ""悲观"", ""prob"": ""—"", ""assumption"": ""EPS 1.45（归一化 TTM 2.07 ×0.70）× 9.7×"", ""multiple"": ""9.7× PE"", ""price"": ""$14"", ""change"": ""-72%"", ""trigger"": ""最新季营收同比 <0% 或毛利率跌破 13%""}, {""name"": ""基准"", ""prob"": ""—"", ""assumption"": ""2027E EPS 2.14（归一化 TTM ×1.03，增速取最新季营收同比的 0.7 倍并限 −5%~+20%）× 20.1×"", ""multiple"": ""20.1× PE"", ""price"": ""$43"", ""change"": ""-14%"", ""trigger"": ""营收同比维持 ≥3%""}, {""name"": ""乐观"", ""prob"": ""—"", ""assumption"": ""EPS 2.38（归一化 TTM ×1.15）× 23.1×"", ""multiple"": ""23.1× PE"", ""price"": ""$55"", ""change"": ""+10%"", ""trigger"": ""营收同比升至 ≥8%""}]",本轮最新行情、最新公告及正常化估值未逐家确认
SNA,实耐宝,工业,观察,观察：TTM PE 18.7×（板块中位 26.9×），基准 +26% ÷ 悲观 −40% ≈ 0.65:1；最新季营收 +4.7%、毛利率 51.4%,价格 2026-09-29 收盘；财务截至 2026-07-04（单季，2026/Q2）；TTM = 最近四个单季稀释 EPS 之和（GAAP，已按拆股折算）；程序化情景规则见「研究标准」页，不是目标价。,367.08,222.0,462.0,0.65426,旧模型算术<2，非最新结论,,,保留旧结论；仅完成模型审计，未逐家公告复核,,,"[{""name"": ""悲观"", ""prob"": ""—"", ""assumption"": ""EPS 13.73（归一化 TTM 19.61 ×0.70）× 16.2×"", ""multiple"": ""16.2× PE"", ""price"": ""$222"", ""change"": ""-40%"", ""trigger"": ""最新季营收同比 <0% 或毛利率跌破 48%""}, {""name"": ""基准"", ""prob"": ""—"", ""assumption"": ""2027E EPS 20.26（归一化 TTM ×1.03，增速取最新季营收同比的 0.7 倍并限 −5%~+20%）× 22.8×"", ""multiple"": ""22.8× PE"", ""price"": ""$462"", ""change"": ""+26%"", ""trigger"": ""营收同比维持 ≥3%""}, {""name"": ""乐观"", ""prob"": ""—"", ""assumption"": ""EPS 22.48（归一化 TTM ×1.15）× 26.2×"", ""multiple"": ""26.2× PE"", ""price"": ""$590"", ""change"": ""+61%"", ""trigger"": ""营收同比升至 ≥8%""}]",本轮最新行情、最新公告及正常化估值未逐家确认
SNDK,闪迪,信息技术,观察,观察：TTM PE 23.7×（板块中位 29.1×），基准 +34% ÷ 悲观 −41% ≈ 0.82:1（数据稳定性存疑，见劣势）；最新季营收 +371.6%、毛利率 84.6%,价格 2026-09-29 收盘；财务截至 2026-07-03（单季，2025/Q4）；TTM = 最近四个单季稀释 EPS 之和（GAAP，已按拆股折算）；程序化情景规则见「研究标准」页，不是目标价。,1729.76,1018.0,2311.0,0.816624,旧模型算术<2，非最新结论,,,保留旧结论；仅完成模型审计，未逐家公告复核,,,"[{""name"": ""悲观"", ""prob"": ""—"", ""assumption"": ""EPS 58.32（归一化 TTM 72.90 ×0.80）× 17.5×"", ""multiple"": ""17.5× PE"", ""price"": ""$1018"", ""change"": ""-41%"", ""trigger"": ""最新季营收同比 <186% 或毛利率跌破 82%""}, {""name"": ""基准"", ""prob"": ""—"", ""assumption"": ""2027E EPS 87.48（归一化 TTM ×1.20，增速取最新季营收同比的 0.7 倍并限 −5%~+20%）× 26.4×"", ""multiple"": ""26.4× PE"", ""price"": ""$2311"", ""change"": ""+34%"", ""trigger"": ""营收同比维持 ≥260%""}, {""name"": ""乐观"", ""prob"": ""—"", ""assumption"": ""EPS 107.89（归一化 TTM ×1.48）× 30.4×"", ""multiple"": ""30.4× PE"", ""price"": ""$3277"", ""change"": ""+89%"", ""trigger"": ""营收同比升至 ≥483%""}]",本轮最新行情、最新公告及正常化估值未逐家确认
SO,南方电力,公用事业,观察,观察：TTM PE 20.2×（板块中位 19.3×），基准 -2% ÷ 悲观 −51%，不成立；最新季营收 +0.1%、毛利率 75.7%,价格 2026-09-29 收盘；财务截至 2026-06-30（单季，2026/Q2）；TTM = 最近四个单季稀释 EPS 之和（GAAP，已按拆股折算）；程序化情景规则见「研究标准」页，不是目标价。,83.45,41.0,82.0,-0.034158,旧模型无正基准上行,,,保留旧结论；仅完成模型审计，未逐家公告复核,,,"[{""name"": ""悲观"", ""prob"": ""—"", ""assumption"": ""EPS 3.52（归一化 TTM 4.14 ×0.85）× 11.6×"", ""multiple"": ""11.6× PE"", ""price"": ""$41"", ""change"": ""-51%"", ""trigger"": ""最新季营收同比 <-5% 或毛利率跌破 73%""}, {""name"": ""基准"", ""prob"": ""—"", ""assumption"": ""2027E EPS 4.14（归一化 TTM ×1.00，增速取最新季营收同比的 0.7 倍并限 −5%~+20%）× 19.7×"", ""multiple"": ""19.7× PE"", ""price"": ""$82"", ""change"": ""-2%"", ""trigger"": ""营收同比维持 ≥0%""}, {""name"": ""乐观"", ""prob"": ""—"", ""assumption"": ""EPS 4.48（归一化 TTM ×1.08）× 22.7×"", ""multiple"": ""22.7× PE"", ""price"": ""$102"", ""change"": ""+22%"", ""trigger"": ""营收同比升至 ≥8%""}]",本轮最新行情、最新公告及正常化估值未逐家确认
SPG,西蒙地产,房地产,观察,观察：REIT 需 FFO 口径，本页不做估值判断；最新季营收 +19.5%,价格 2026-09-29 收盘；财务截至 2026-06-30（单季，单季报）；TTM = 最近四个单季稀释 EPS 之和（GAAP，已按拆股折算）；程序化情景规则见「研究标准」页，不是目标价。,204.28,,,,无法统一计算（缺字段/无适用情景）,,,保留旧结论；仅完成模型审计，未逐家公告复核,,,[],本轮最新行情、最新公告及正常化估值未逐家确认
SRE,桑普拉能源,公用事业,观察,观察：TTM PE 22.7×（板块中位 19.3×），基准 -7% ÷ 悲观 −57%，不成立；最新季营收 -0.1%、毛利率 96.4%,价格 2026-09-29 收盘；财务截至 2026-06-30（单季，2026/Q2）；TTM = 最近四个单季稀释 EPS 之和（GAAP，已按拆股折算）；程序化情景规则见「研究标准」页，不是目标价。,78.18,34.0,72.0,-0.139882,旧模型无正基准上行,,,保留旧结论；仅完成模型审计，未逐家公告复核,,,"[{""name"": ""悲观"", ""prob"": ""—"", ""assumption"": ""EPS 2.93（归一化 TTM 3.45 ×0.85）× 11.6×"", ""multiple"": ""11.6× PE"", ""price"": ""$34"", ""change"": ""-57%"", ""trigger"": ""最新季营收同比 <-5% 或毛利率跌破 93%""}, {""name"": ""基准"", ""prob"": ""—"", ""assumption"": ""2027E EPS 3.45（归一化 TTM ×1.00，增速取最新季营收同比的 0.7 倍并限 −5%~+20%）× 21.0×"", ""multiple"": ""21.0× PE"", ""price"": ""$72"", ""change"": ""-7%"", ""trigger"": ""营收同比维持 ≥0%""}, {""name"": ""乐观"", ""prob"": ""—"", ""assumption"": ""EPS 3.72（归一化 TTM ×1.08）× 24.1×"", ""multiple"": ""24.1× PE"", ""price"": ""$90"", ""change"": ""+15%"", ""trigger"": ""营收同比升至 ≥8%""}]",本轮最新行情、最新公告及正常化估值未逐家确认
STLD,Steel Dynamics,材料,观察,观察：TTM PE 20.1×（板块中位 24.3×），基准 +32% ÷ 悲观 −49% ≈ 0.66:1；最新季营收 +33.4%、毛利率 15.7%,价格 2026-09-29 收盘；财务截至 2026-06-30（单季，2026/Q2）；TTM = 最近四个单季稀释 EPS 之和（GAAP，已按拆股折算）；程序化情景规则见「研究标准」页，不是目标价。,221.9,112.0,294.0,0.656051,旧模型算术<2，非最新结论,,,保留旧结论；仅完成模型审计，未逐家公告复核,,,"[{""name"": ""悲观"", ""prob"": ""—"", ""assumption"": ""EPS 7.72（归一化 TTM 11.03 ×0.70）× 14.6×"", ""multiple"": ""14.6× PE"", ""price"": ""$112"", ""change"": ""-49%"", ""trigger"": ""最新季营收同比 <17% 或毛利率跌破 13%""}, {""name"": ""基准"", ""prob"": ""—"", ""assumption"": ""2027E EPS 13.24（归一化 TTM ×1.20，增速取最新季营收同比的 0.7 倍并限 −5%~+20%）× 22.2×"", ""multiple"": ""22.2× PE"", ""price"": ""$294"", ""change"": ""+32%"", ""trigger"": ""营收同比维持 ≥23%""}, {""name"": ""乐观"", ""prob"": ""—"", ""assumption"": ""EPS 16.32（归一化 TTM ×1.48）× 25.5×"", ""multiple"": ""25.5× PE"", ""price"": ""$417"", ""change"": ""+88%"", ""trigger"": ""营收同比升至 ≥43%""}]",本轮最新行情、最新公告及正常化估值未逐家确认
STZ,星座品牌-A,日常消费,条件关注,条件关注：TTM PE 10.8×（板块中位 20.8×），基准 +22% ÷ 悲观 −15% ≈ 1.48:1；最新季营收 -3.3%、毛利率 54.3%,价格 2026-09-29 收盘；财务截至 2026-05-31（单季，2026/Q1）；TTM = 最近四个单季稀释 EPS 之和（GAAP，已按拆股折算）；程序化情景规则见「研究标准」页，不是目标价。,112.77,96.0,138.0,1.504472,旧模型算术<2，非最新结论,,,保留旧结论；仅完成模型审计，未逐家公告复核,,,"[{""name"": ""悲观"", ""prob"": ""—"", ""assumption"": ""EPS 8.91（归一化 TTM 10.48 ×0.85）× 10.8×"", ""multiple"": ""10.8× PE"", ""price"": ""$96"", ""change"": ""-15%"", ""trigger"": ""最新季营收同比 <-8% 或毛利率跌破 51%""}, {""name"": ""基准"", ""prob"": ""—"", ""assumption"": ""2027E EPS 10.24（归一化 TTM ×0.98，增速取最新季营收同比的 0.7 倍并限 −5%~+20%）× 13.5×"", ""multiple"": ""13.5× PE"", ""price"": ""$138"", ""change"": ""+22%"", ""trigger"": ""营收同比维持 ≥0%""}, {""name"": ""乐观"", ""prob"": ""—"", ""assumption"": ""EPS 10.84（归一化 TTM ×1.03）× 15.5×"", ""multiple"": ""15.5× PE"", ""price"": ""$168"", ""change"": ""+49%"", ""trigger"": ""营收同比升至 ≥8%""}]",本轮最新行情、最新公告及正常化估值未逐家确认
SW,Smurfit Westrock,材料,观察,观察：TTM PE 47.2×（板块中位 24.3×），基准 -24% ÷ 悲观 −78%，不成立；最新季营收 +1.1%、毛利率 17.4%,价格 2026-09-29 收盘；财务截至 2026-06-30（单季，2026/Q2）；TTM = 最近四个单季稀释 EPS 之和（GAAP，已按拆股折算）；程序化情景规则见「研究标准」页，不是目标价。,44.38,10.0,34.0,-0.30192,旧模型无正基准上行,,,保留旧结论；仅完成模型审计，未逐家公告复核,,,"[{""name"": ""悲观"", ""prob"": ""—"", ""assumption"": ""EPS 0.66（归一化 TTM 0.94 ×0.70）× 14.6×"", ""multiple"": ""14.6× PE"", ""price"": ""$10"", ""change"": ""-78%"", ""trigger"": ""最新季营收同比 <-4% 或毛利率跌破 14%""}, {""name"": ""基准"", ""prob"": ""—"", ""assumption"": ""2027E EPS 0.95（归一化 TTM ×1.01，增速取最新季营收同比的 0.7 倍并限 −5%~+20%）× 35.7×"", ""multiple"": ""35.7× PE"", ""price"": ""$34"", ""change"": ""-24%"", ""trigger"": ""营收同比维持 ≥1%""}, {""name"": ""乐观"", ""prob"": ""—"", ""assumption"": ""EPS 1.03（归一化 TTM ×1.10）× 41.1×"", ""multiple"": ""41.1× PE"", ""price"": ""$42"", ""change"": ""-5%"", ""trigger"": ""营收同比升至 ≥8%""}]",本轮最新行情、最新公告及正常化估值未逐家确认
SWK,史丹利百得,工业,观察,观察：TTM PE 40.8×（板块中位 26.9×），基准 -17% ÷ 悲观 −72%，不成立；最新季营收 +0.4%、毛利率 33.0%,价格 2026-09-29 收盘；财务截至 2026-07-04（单季，2026/Q2）；TTM = 最近四个单季稀释 EPS 之和（GAAP，已按拆股折算）；程序化情景规则见「研究标准」页，不是目标价。,88.79,25.0,74.0,-0.231855,旧模型无正基准上行,,,保留旧结论；仅完成模型审计，未逐家公告复核,,,"[{""name"": ""悲观"", ""prob"": ""—"", ""assumption"": ""EPS 1.52（归一化 TTM 2.18 ×0.70）× 16.2×"", ""multiple"": ""16.2× PE"", ""price"": ""$25"", ""change"": ""-72%"", ""trigger"": ""最新季营收同比 <-5% 或毛利率跌破 30%""}, {""name"": ""基准"", ""prob"": ""—"", ""assumption"": ""2027E EPS 2.18（归一化 TTM ×1.00，增速取最新季营收同比的 0.7 倍并限 −5%~+20%）× 33.9×"", ""multiple"": ""33.9× PE"", ""price"": ""$74"", ""change"": ""-17%"", ""trigger"": ""营收同比维持 ≥0%""}, {""name"": ""乐观"", ""prob"": ""—"", ""assumption"": ""EPS 2.36（归一化 TTM ×1.09）× 38.9×"", ""multiple"": ""38.9× PE"", ""price"": ""$92"", ""change"": ""+4%"", ""trigger"": ""营收同比升至 ≥8%""}]",本轮最新行情、最新公告及正常化估值未逐家确认
SYF,Synchrony Financial,金融,条件关注,条件关注：TTM PE 7.3×（板块中位 14.8×），基准 +27% ÷ 悲观 −20% ≈ 1.35:1；最新季营收 +2.3%,价格 2026-09-29 收盘；财务截至 2026-06-30（单季，单季报）；TTM = 最近四个单季稀释 EPS 之和（GAAP，已按拆股折算）；程序化情景规则见「研究标准」页，不是目标价。,71.72,57.0,91.0,1.309783,旧模型算术<2，非最新结论,,,保留旧结论；仅完成模型审计，未逐家公告复核,,,"[{""name"": ""悲观"", ""prob"": ""—"", ""assumption"": ""EPS 7.81（归一化 TTM 9.76 ×0.80）× 7.3×"", ""multiple"": ""7.3× PE"", ""price"": ""$57"", ""change"": ""-20%"", ""trigger"": ""最新季营收同比 <-3%""}, {""name"": ""基准"", ""prob"": ""—"", ""assumption"": ""2027E EPS 9.92（归一化 TTM ×1.02，增速取最新季营收同比的 0.7 倍并限 −5%~+20%）× 9.2×"", ""multiple"": ""9.2× PE"", ""price"": ""$91"", ""change"": ""+27%"", ""trigger"": ""营收同比维持 ≥2%""}, {""name"": ""乐观"", ""prob"": ""—"", ""assumption"": ""EPS 10.85（归一化 TTM ×1.11）× 10.6×"", ""multiple"": ""10.6× PE"", ""price"": ""$115"", ""change"": ""+60%"", ""trigger"": ""营收同比升至 ≥8%""}]",本轮最新行情、最新公告及正常化估值未逐家确认
SYY,西斯科,日常消费,观察,观察：TTM PE 21.4×（板块中位 20.8×），基准 +2% ÷ 悲观 −51% ≈ 0.03:1；最新季营收 +4.7%、毛利率 18.7%,价格 2026-09-29 收盘；财务截至 2026-06-27（单季，2025/Q4）；TTM = 最近四个单季稀释 EPS 之和（GAAP，已按拆股折算）；程序化情景规则见「研究标准」页，不是目标价。,78.49,39.0,80.0,0.038238,旧模型算术<2，非最新结论,,,保留旧结论；仅完成模型审计，未逐家公告复核,,,"[{""name"": ""悲观"", ""prob"": ""—"", ""assumption"": ""EPS 3.11（归一化 TTM 3.66 ×0.85）× 12.5×"", ""multiple"": ""12.5× PE"", ""price"": ""$39"", ""change"": ""-51%"", ""trigger"": ""最新季营收同比 <0% 或毛利率跌破 16%""}, {""name"": ""基准"", ""prob"": ""—"", ""assumption"": ""2027E EPS 3.78（归一化 TTM ×1.03，增速取最新季营收同比的 0.7 倍并限 −5%~+20%）× 21.1×"", ""multiple"": ""21.1× PE"", ""price"": ""$80"", ""change"": ""+2%"", ""trigger"": ""营收同比维持 ≥3%""}, {""name"": ""乐观"", ""prob"": ""—"", ""assumption"": ""EPS 4.19（归一化 TTM ×1.15）× 24.3×"", ""multiple"": ""24.3× PE"", ""price"": ""$102"", ""change"": ""+30%"", ""trigger"": ""营收同比升至 ≥8%""}]",本轮最新行情、最新公告及正常化估值未逐家确认
T,美国电话电报(AT&T),通信服务,条件关注,条件关注：TTM PE 10.9×（板块中位 17.1×），基准 +27% ÷ 悲观 −25% ≈ 1.09:1；最新季营收 +2.3%、毛利率 61.8%,价格 2026-09-29 收盘；财务截至 2026-06-30（单季，2026/Q2）；TTM = 最近四个单季稀释 EPS 之和（GAAP，已按拆股折算）；程序化情景规则见「研究标准」页，不是目标价。,24.48,18.0,31.0,1.006173,旧模型算术<2，非最新结论,,,保留旧结论；仅完成模型审计，未逐家公告复核,,,"[{""name"": ""悲观"", ""prob"": ""—"", ""assumption"": ""EPS 1.80（归一化 TTM 2.25 ×0.80）× 10.3×"", ""multiple"": ""10.3× PE"", ""price"": ""$18"", ""change"": ""-25%"", ""trigger"": ""最新季营收同比 <-3% 或毛利率跌破 59%""}, {""name"": ""基准"", ""prob"": ""—"", ""assumption"": ""2027E EPS 2.28（归一化 TTM ×1.02，增速取最新季营收同比的 0.7 倍并限 −5%~+20%）× 13.6×"", ""multiple"": ""13.6× PE"", ""price"": ""$31"", ""change"": ""+27%"", ""trigger"": ""营收同比维持 ≥2%""}, {""name"": ""乐观"", ""prob"": ""—"", ""assumption"": ""EPS 2.50（归一化 TTM ×1.11）× 15.7×"", ""multiple"": ""15.7× PE"", ""price"": ""$39"", ""change"": ""+60%"", ""trigger"": ""营收同比升至 ≥8%""}]",本轮最新行情、最新公告及正常化估值未逐家确认
TDG,TransDigm Group,工业,观察,观察：TTM PE 33.4×（板块中位 26.9×），基准 +5% ÷ 悲观 −61% ≈ 0.07:1（数据稳定性存疑，见劣势）；最新季营收 +22.5%、毛利率 59.4%,价格 2026-09-29 收盘；财务截至 2026-06-27（单季，2026/Q3）；TTM = 最近四个单季稀释 EPS 之和（GAAP，已按拆股折算）；程序化情景规则见「研究标准」页，不是目标价。,1099.79,426.0,1150.0,0.074519,旧模型算术<2，非最新结论,,,保留旧结论；仅完成模型审计，未逐家公告复核,,,"[{""name"": ""悲观"", ""prob"": ""—"", ""assumption"": ""EPS 26.37（归一化 TTM 32.96 ×0.80）× 16.2×"", ""multiple"": ""16.2× PE"", ""price"": ""$426"", ""change"": ""-61%"", ""trigger"": ""最新季营收同比 <11% 或毛利率跌破 56%""}, {""name"": ""基准"", ""prob"": ""—"", ""assumption"": ""2027E EPS 38.16（归一化 TTM ×1.16，增速取最新季营收同比的 0.7 倍并限 −5%~+20%）× 30.1×"", ""multiple"": ""30.1× PE"", ""price"": ""$1150"", ""change"": ""+5%"", ""trigger"": ""营收同比维持 ≥16%""}, {""name"": ""乐观"", ""prob"": ""—"", ""assumption"": ""EPS 45.99（归一化 TTM ×1.40）× 34.7×"", ""multiple"": ""34.7× PE"", ""price"": ""$1594"", ""change"": ""+45%"", ""trigger"": ""营收同比升至 ≥29%""}]",本轮最新行情、最新公告及正常化估值未逐家确认
TDY,Teledyne Technologies,信息技术,观察,观察：TTM PE 29.2×（板块中位 29.1×），基准 +7% ÷ 悲观 −52% ≈ 0.13:1；最新季营收 +9.8%、毛利率 44.4%,价格 2026-09-29 收盘；财务截至 2026-06-28（单季，2026/Q2）；TTM = 最近四个单季稀释 EPS 之和（GAAP，已按拆股折算）；程序化情景规则见「研究标准」页，不是目标价。,605.59,289.0,646.0,0.127641,旧模型算术<2，非最新结论,,,保留旧结论；仅完成模型审计，未逐家公告复核,,,"[{""name"": ""悲观"", ""prob"": ""—"", ""assumption"": ""EPS 16.57（归一化 TTM 20.71 ×0.80）× 17.5×"", ""multiple"": ""17.5× PE"", ""price"": ""$289"", ""change"": ""-52%"", ""trigger"": ""最新季营收同比 <5% 或毛利率跌破 41%""}, {""name"": ""基准"", ""prob"": ""—"", ""assumption"": ""2027E EPS 22.14（归一化 TTM ×1.07，增速取最新季营收同比的 0.7 倍并限 −5%~+20%）× 29.2×"", ""multiple"": ""29.2× PE"", ""price"": ""$646"", ""change"": ""+7%"", ""trigger"": ""营收同比维持 ≥7%""}, {""name"": ""乐观"", ""prob"": ""—"", ""assumption"": ""EPS 25.22（归一化 TTM ×1.22）× 33.5×"", ""multiple"": ""33.5× PE"", ""price"": ""$846"", ""change"": ""+40%"", ""trigger"": ""营收同比升至 ≥13%""}]",本轮最新行情、最新公告及正常化估值未逐家确认
TGT,塔吉特,日常消费,观察,观察：TTM PE 16.2×（板块中位 20.8×），基准 +18% ÷ 悲观 −35% ≈ 0.52:1；最新季营收 +5.3%、毛利率 33.7%,价格 2026-09-29 收盘；财务截至 2026-08-01（单季，2026/Q2）；TTM = 最近四个单季稀释 EPS 之和（GAAP，已按拆股折算）；程序化情景规则见「研究标准」页，不是目标价。,156.43,102.0,185.0,0.524894,旧模型算术<2，非最新结论,,,保留旧结论；仅完成模型审计，未逐家公告复核,,,"[{""name"": ""悲观"", ""prob"": ""—"", ""assumption"": ""EPS 8.19（归一化 TTM 9.63 ×0.85）× 12.5×"", ""multiple"": ""12.5× PE"", ""price"": ""$102"", ""change"": ""-35%"", ""trigger"": ""最新季营收同比 <0% 或毛利率跌破 31%""}, {""name"": ""基准"", ""prob"": ""—"", ""assumption"": ""2027E EPS 9.99（归一化 TTM ×1.04，增速取最新季营收同比的 0.7 倍并限 −5%~+20%）× 18.5×"", ""multiple"": ""18.5× PE"", ""price"": ""$185"", ""change"": ""+18%"", ""trigger"": ""营收同比维持 ≥4%""}, {""name"": ""乐观"", ""prob"": ""—"", ""assumption"": ""EPS 11.11（归一化 TTM ×1.15）× 21.3×"", ""multiple"": ""21.3× PE"", ""price"": ""$237"", ""change"": ""+51%"", ""trigger"": ""营收同比升至 ≥8%""}]",本轮最新行情、最新公告及正常化估值未逐家确认
TKO,TKO Group Holdings,通信服务,观察,观察：TTM PE 55.0×（板块中位 17.1×），基准 -26% ÷ 悲观 −85%，不成立；最新季营收 +18.2%、毛利率 64.1%,价格 2026-09-29 收盘；财务截至 2026-06-30（单季，2026/Q2）；TTM = 最近四个单季稀释 EPS 之和（GAAP，已按拆股折算）；程序化情景规则见「研究标准」页，不是目标价。,177.58,26.0,131.0,-0.307296,旧模型无正基准上行,,,保留旧结论；仅完成模型审计，未逐家公告复核,,,"[{""name"": ""悲观"", ""prob"": ""—"", ""assumption"": ""EPS 2.58（归一化 TTM 3.23 ×0.80）× 10.3×"", ""multiple"": ""10.3× PE"", ""price"": ""$26"", ""change"": ""-85%"", ""trigger"": ""最新季营收同比 <9% 或毛利率跌破 61%""}, {""name"": ""基准"", ""prob"": ""—"", ""assumption"": ""2027E EPS 3.64（归一化 TTM ×1.13，增速取最新季营收同比的 0.7 倍并限 −5%~+20%）× 36.1×"", ""multiple"": ""36.1× PE"", ""price"": ""$131"", ""change"": ""-26%"", ""trigger"": ""营收同比维持 ≥13%""}, {""name"": ""乐观"", ""prob"": ""—"", ""assumption"": ""EPS 4.31（归一化 TTM ×1.34）× 41.5×"", ""multiple"": ""41.5× PE"", ""price"": ""$179"", ""change"": ""+1%"", ""trigger"": ""营收同比升至 ≥24%""}]",本轮最新行情、最新公告及正常化估值未逐家确认
TMUS,T-Mobile US,通信服务,观察,观察：TTM PE 17.1×（板块中位 17.1×），基准 +6% ÷ 悲观 −52% ≈ 0.11:1；最新季营收 +7.9%、毛利率 64.8%,价格 2026-09-29 收盘；财务截至 2026-06-30（单季，2026/Q2）；TTM = 最近四个单季稀释 EPS 之和（GAAP，已按拆股折算）；程序化情景规则见「研究标准」页，不是目标价。,162.98,78.0,172.0,0.106143,旧模型算术<2，非最新结论,,,保留旧结论；仅完成模型审计，未逐家公告复核,,,"[{""name"": ""悲观"", ""prob"": ""—"", ""assumption"": ""EPS 7.64（归一化 TTM 9.55 ×0.80）× 10.3×"", ""multiple"": ""10.3× PE"", ""price"": ""$78"", ""change"": ""-52%"", ""trigger"": ""最新季营收同比 <3% 或毛利率跌破 62%""}, {""name"": ""基准"", ""prob"": ""—"", ""assumption"": ""2027E EPS 10.07（归一化 TTM ×1.05，增速取最新季营收同比的 0.7 倍并限 −5%~+20%）× 17.1×"", ""multiple"": ""17.1× PE"", ""price"": ""$172"", ""change"": ""+6%"", ""trigger"": ""营收同比维持 ≥5%""}, {""name"": ""乐观"", ""prob"": ""—"", ""assumption"": ""EPS 11.36（归一化 TTM ×1.19）× 19.6×"", ""multiple"": ""19.6× PE"", ""price"": ""$223"", ""change"": ""+37%"", ""trigger"": ""营收同比升至 ≥10%""}]",本轮最新行情、最新公告及正常化估值未逐家确认
TPL,Texas Pacific Land Corporation,能源,观察,观察：TTM PE 41.9×（板块中位 16.1×），基准 -17% ÷ 悲观 −84%，不成立；最新季营收 +31.2%,价格 2026-09-29 收盘；财务截至 2026-06-30（单季，2026/Q2）；TTM = 最近四个单季稀释 EPS 之和（GAAP，已按拆股折算）；程序化情景规则见「研究标准」页，不是目标价。,328.7,53.0,273.0,-0.202031,旧模型无正基准上行,,,保留旧结论；仅完成模型审计，未逐家公告复核,,,"[{""name"": ""悲观"", ""prob"": ""—"", ""assumption"": ""EPS 5.49（归一化 TTM 7.85 ×0.70）× 9.7×"", ""multiple"": ""9.7× PE"", ""price"": ""$53"", ""change"": ""-84%"", ""trigger"": ""最新季营收同比 <16%""}, {""name"": ""基准"", ""prob"": ""—"", ""assumption"": ""2027E EPS 9.42（归一化 TTM ×1.20，增速取最新季营收同比的 0.7 倍并限 −5%~+20%）× 29.0×"", ""multiple"": ""29.0× PE"", ""price"": ""$273"", ""change"": ""-17%"", ""trigger"": ""营收同比维持 ≥22%""}, {""name"": ""乐观"", ""prob"": ""—"", ""assumption"": ""EPS 11.62（归一化 TTM ×1.48）× 33.3×"", ""multiple"": ""33.3× PE"", ""price"": ""$387"", ""change"": ""+18%"", ""trigger"": ""营收同比升至 ≥41%""}]",本轮最新行情、最新公告及正常化估值未逐家确认
TRGP,Targa Resources,能源,观察,观察：TTM PE 26.1×（板块中位 16.1×），基准 -17% ÷ 悲观 −74%，不成立；最新季营收 +4.2%、毛利率 92.0%,价格 2026-09-29 收盘；财务截至 2026-06-30（单季，2026/Q2）；TTM = 最近四个单季稀释 EPS 之和（GAAP，已按拆股折算）；程序化情景规则见「研究标准」页，不是目标价。,273.49,71.0,227.0,-0.229592,旧模型无正基准上行,,,保留旧结论；仅完成模型审计，未逐家公告复核,,,"[{""name"": ""悲观"", ""prob"": ""—"", ""assumption"": ""EPS 7.32（归一化 TTM 10.46 ×0.70）× 9.7×"", ""multiple"": ""9.7× PE"", ""price"": ""$71"", ""change"": ""-74%"", ""trigger"": ""最新季营收同比 <-1% 或毛利率跌破 89%""}, {""name"": ""基准"", ""prob"": ""—"", ""assumption"": ""2027E EPS 10.77（归一化 TTM ×1.03，增速取最新季营收同比的 0.7 倍并限 −5%~+20%）× 21.1×"", ""multiple"": ""21.1× PE"", ""price"": ""$227"", ""change"": ""-17%"", ""trigger"": ""营收同比维持 ≥3%""}, {""name"": ""乐观"", ""prob"": ""—"", ""assumption"": ""EPS 11.91（归一化 TTM ×1.14）× 24.3×"", ""multiple"": ""24.3× PE"", ""price"": ""$289"", ""change"": ""+6%"", ""trigger"": ""营收同比升至 ≥8%""}]",本轮最新行情、最新公告及正常化估值未逐家确认
TRMB,天宝导航,信息技术,回避,回避：TTM 亏损，PE 不适用；最新季营收 +11.0%、毛利率 69.4%,价格 2026-09-29 收盘；财务截至 2026-07-03（单季，2026/Q2）；TTM = 最近四个单季稀释 EPS 之和（GAAP，已按拆股折算）；程序化情景规则见「研究标准」页，不是目标价。,57.34,,,,无法统一计算（缺字段/无适用情景）,,,保留旧结论；仅完成模型审计，未逐家公告复核,,,[],本轮最新行情、最新公告及正常化估值未逐家确认
TT,特灵科技,工业,观察,观察：TTM PE 34.5×（板块中位 26.9×），基准 -4% ÷ 悲观 −67%，不成立；最新季营收 +10.6%、毛利率 35.6%,价格 2026-09-29 收盘；财务截至 2026-06-30（单季，2026/Q2）；TTM = 最近四个单季稀释 EPS 之和（GAAP，已按拆股折算）；程序化情景规则见「研究标准」页，不是目标价。,455.59,149.0,435.0,-0.067158,旧模型无正基准上行,,,保留旧结论；仅完成模型审计，未逐家公告复核,,,"[{""name"": ""悲观"", ""prob"": ""—"", ""assumption"": ""EPS 9.24（归一化 TTM 13.20 ×0.70）× 16.2×"", ""multiple"": ""16.2× PE"", ""price"": ""$149"", ""change"": ""-67%"", ""trigger"": ""最新季营收同比 <5% 或毛利率跌破 33%""}, {""name"": ""基准"", ""prob"": ""—"", ""assumption"": ""2027E EPS 14.18（归一化 TTM ×1.07，增速取最新季营收同比的 0.7 倍并限 −5%~+20%）× 30.7×"", ""multiple"": ""30.7× PE"", ""price"": ""$435"", ""change"": ""-4%"", ""trigger"": ""营收同比维持 ≥7%""}, {""name"": ""乐观"", ""prob"": ""—"", ""assumption"": ""EPS 16.21（归一化 TTM ×1.23）× 35.3×"", ""multiple"": ""35.3× PE"", ""price"": ""$573"", ""change"": ""+26%"", ""trigger"": ""营收同比升至 ≥14%""}]",本轮最新行情、最新公告及正常化估值未逐家确认
TTWO,Take-Two Interactive,通信服务,回避,回避：TTM 亏损，PE 不适用；最新季营收 +2.0%、毛利率 57.5%,价格 2026-09-29 收盘；财务截至 2026-06-30（单季，2026/Q1）；TTM = 最近四个单季稀释 EPS 之和（GAAP，已按拆股折算）；程序化情景规则见「研究标准」页，不是目标价。,202.78,,,,无法统一计算（缺字段/无适用情景）,,,保留旧结论；仅完成模型审计，未逐家公告复核,,,[],本轮最新行情、最新公告及正常化估值未逐家确认
TXT,德事隆,工业,条件关注,条件关注：TTM PE 14.6×（板块中位 26.9×），基准 +28% ÷ 悲观 −20% ≈ 1.38:1；最新季营收 +3.0%、毛利率 18.1%,价格 2026-09-29 收盘；财务截至 2026-07-04（单季，2026/Q2）；TTM = 最近四个单季稀释 EPS 之和（GAAP，已按拆股折算）；程序化情景规则见「研究标准」页，不是目标价。,77.63,62.0,99.0,1.367242,旧模型算术<2，非最新结论,,,保留旧结论；仅完成模型审计，未逐家公告复核,,,"[{""name"": ""悲观"", ""prob"": ""—"", ""assumption"": ""EPS 4.25（归一化 TTM 5.31 ×0.80）× 14.6×"", ""multiple"": ""14.6× PE"", ""price"": ""$62"", ""change"": ""-20%"", ""trigger"": ""最新季营收同比 <-2% 或毛利率跌破 15%""}, {""name"": ""基准"", ""prob"": ""—"", ""assumption"": ""2027E EPS 5.42（归一化 TTM ×1.02，增速取最新季营收同比的 0.7 倍并限 −5%~+20%）× 18.3×"", ""multiple"": ""18.3× PE"", ""price"": ""$99"", ""change"": ""+28%"", ""trigger"": ""营收同比维持 ≥2%""}, {""name"": ""乐观"", ""prob"": ""—"", ""assumption"": ""EPS 5.96（归一化 TTM ×1.12）× 21.0×"", ""multiple"": ""21.0× PE"", ""price"": ""$125"", ""change"": ""+61%"", ""trigger"": ""营收同比升至 ≥8%""}]",本轮最新行情、最新公告及正常化估值未逐家确认
TYL,泰勒科技,信息技术,观察,观察：TTM PE 41.9×（板块中位 29.1×），基准 -10% ÷ 悲观 −67%，不成立；最新季营收 +8.2%、毛利率 47.6%,价格 2026-09-29 收盘；财务截至 2026-06-30（单季，2026/Q2）；TTM = 最近四个单季稀释 EPS 之和（GAAP，已按拆股折算）；程序化情景规则见「研究标准」页，不是目标价。,316.26,105.0,283.0,-0.157436,旧模型无正基准上行,,,保留旧结论；仅完成模型审计，未逐家公告复核,,,"[{""name"": ""悲观"", ""prob"": ""—"", ""assumption"": ""EPS 6.03（归一化 TTM 7.54 ×0.80）× 17.5×"", ""multiple"": ""17.5× PE"", ""price"": ""$105"", ""change"": ""-67%"", ""trigger"": ""最新季营收同比 <3% 或毛利率跌破 45%""}, {""name"": ""基准"", ""prob"": ""—"", ""assumption"": ""2027E EPS 7.97（归一化 TTM ×1.06，增速取最新季营收同比的 0.7 倍并限 −5%~+20%）× 35.5×"", ""multiple"": ""35.5× PE"", ""price"": ""$283"", ""change"": ""-10%"", ""trigger"": ""营收同比维持 ≥6%""}, {""name"": ""乐观"", ""prob"": ""—"", ""assumption"": ""EPS 9.01（归一化 TTM ×1.20）× 40.8×"", ""multiple"": ""40.8× PE"", ""price"": ""$368"", ""change"": ""+16%"", ""trigger"": ""营收同比升至 ≥11%""}]",本轮最新行情、最新公告及正常化估值未逐家确认
UAL,联合航空,工业,条件关注,条件关注：TTM PE 10.5×（板块中位 26.9×），基准 +39% ÷ 悲观 −30% ≈ 1.30:1；最新季营收 +16.0%、毛利率 73.5%,价格 2026-09-29 收盘；财务截至 2026-06-30（单季，2026/Q2）；TTM = 最近四个单季稀释 EPS 之和（GAAP，已按拆股折算）；程序化情景规则见「研究标准」页，不是目标价。,112.65,79.0,157.0,1.317979,旧模型算术<2，非最新结论,,,保留旧结论；仅完成模型审计，未逐家公告复核,,,"[{""name"": ""悲观"", ""prob"": ""—"", ""assumption"": ""EPS 7.48（归一化 TTM 10.69 ×0.70）× 10.5×"", ""multiple"": ""10.5× PE"", ""price"": ""$79"", ""change"": ""-30%"", ""trigger"": ""最新季营收同比 <8% 或毛利率跌破 70%""}, {""name"": ""基准"", ""prob"": ""—"", ""assumption"": ""2027E EPS 11.89（归一化 TTM ×1.11，增速取最新季营收同比的 0.7 倍并限 −5%~+20%）× 13.2×"", ""multiple"": ""13.2× PE"", ""price"": ""$157"", ""change"": ""+39%"", ""trigger"": ""营收同比维持 ≥11%""}, {""name"": ""乐观"", ""prob"": ""—"", ""assumption"": ""EPS 13.94（归一化 TTM ×1.30）× 15.1×"", ""multiple"": ""15.1× PE"", ""price"": ""$211"", ""change"": ""+87%"", ""trigger"": ""营收同比升至 ≥21%""}]",本轮最新行情、最新公告及正常化估值未逐家确认
UBER,优步,工业,观察,观察：TTM PE 15.2×（板块中位 26.9×），基准 +36% ÷ 悲观 −20% ≈ 1.78:1（数据稳定性存疑，见劣势）；最新季营收 +12.2%、毛利率 44.9%,价格 2026-09-29 收盘；财务截至 2026-06-30（单季，2026/Q2）；TTM = 最近四个单季稀释 EPS 之和（GAAP，已按拆股折算）；程序化情景规则见「研究标准」页，不是目标价。,69.36,55.0,94.0,1.715877,旧模型算术<2，非最新结论,,,保留旧结论；仅完成模型审计，未逐家公告复核,,,"[{""name"": ""悲观"", ""prob"": ""—"", ""assumption"": ""EPS 3.64（归一化 TTM 4.55 ×0.80）× 15.2×"", ""multiple"": ""15.2× PE"", ""price"": ""$55"", ""change"": ""-20%"", ""trigger"": ""最新季营收同比 <6% 或毛利率跌破 42%""}, {""name"": ""基准"", ""prob"": ""—"", ""assumption"": ""2027E EPS 4.94（归一化 TTM ×1.09，增速取最新季营收同比的 0.7 倍并限 −5%~+20%）× 19.1×"", ""multiple"": ""19.1× PE"", ""price"": ""$94"", ""change"": ""+36%"", ""trigger"": ""营收同比维持 ≥9%""}, {""name"": ""乐观"", ""prob"": ""—"", ""assumption"": ""EPS 5.69（归一化 TTM ×1.25）× 21.9×"", ""multiple"": ""21.9× PE"", ""price"": ""$125"", ""change"": ""+80%"", ""trigger"": ""营收同比升至 ≥16%""}]",本轮最新行情、最新公告及正常化估值未逐家确认
UDR,UDR不动产信托,房地产,观察,观察：REIT 需 FFO 口径，本页不做估值判断；最新季营收 +0.0%,价格 2026-09-29 收盘；财务截至 2026-06-30（单季，单季报）；TTM = 最近四个单季稀释 EPS 之和（GAAP，已按拆股折算）；程序化情景规则见「研究标准」页，不是目标价。,33.95,,,,无法统一计算（缺字段/无适用情景）,,,保留旧结论；仅完成模型审计，未逐家公告复核,,,[],本轮最新行情、最新公告及正常化估值未逐家确认
UHS,Universal Health Services,医疗保健,条件关注,条件关注（人工复核，原程序化评级优先关注）：基准 +32% ÷ 悲观 −15% = 2.1:1，程序化情景下赔率达标；最新季营收 +8.3%,价格 2026-09-29 收盘；财务截至 2026-06-30（单季，2026/Q2）；TTM = 最近四个单季稀释 EPS 之和（GAAP，已按拆股折算）；程序化情景规则见「研究标准」页，不是目标价。,175.73,149.0,232.0,2.105125,旧模型算术≥2，非认证,175.38,2.146323,观察（待重建）：全年盈利指引下调；旧 EPS 增长外推缺乏支持,7/27 SEC 公告：全年调整 EPS 由 22.64–24.52 下调至 22.28–23.65。旧 2027E 25.97 超出 2026 指引上限，并非单凭此否定 2027，但必须提供新增增长证据；Florida Medicaid 追溯项目及保险准备金净增税前 $72m，非经常盈利需清洗。,https://www.sec.gov/Archives/edgar/data/352915/000119312526318940/uhs-ex99_1.htm,"[{""name"": ""悲观"", ""prob"": ""—"", ""assumption"": ""EPS 20.87（归一化 TTM 24.55 ×0.85）× 7.2×"", ""multiple"": ""7.2× PE"", ""price"": ""$149"", ""change"": ""-15%"", ""trigger"": ""最新季营收同比 <3%""}, {""name"": ""基准"", ""prob"": ""—"", ""assumption"": ""2027E EPS 25.97（归一化 TTM ×1.06，增速取最新季营收同比的 0.7 倍并限 −5%~+20%）× 8.9×"", ""multiple"": ""8.9× PE"", ""price"": ""$232"", ""change"": ""+32%"", ""trigger"": ""营收同比维持 ≥6%""}, {""name"": ""乐观"", ""prob"": ""—"", ""assumption"": ""EPS 29.36（归一化 TTM ×1.20）× 10.3×"", ""multiple"": ""10.3× PE"", ""price"": ""$302"", ""change"": ""+72%"", ""trigger"": ""营收同比升至 ≥11%""}]",本轮重点模型未认证
UNH,联合健康,医疗保健,观察,观察：TTM PE 24.1×（板块中位 17.5×），基准 -14% ÷ 悲观 −63%，不成立；最新季营收 +0.4%、毛利率 8.1%,价格 2026-09-29 收盘；财务截至 2026-06-30（单季，2026/Q2）；TTM = 最近四个单季稀释 EPS 之和（GAAP，已按拆股折算）；程序化情景规则见「研究标准」页，不是目标价。,374.94,138.0,324.0,-0.214991,旧模型无正基准上行,,,保留旧结论；仅完成模型审计，未逐家公告复核,,,"[{""name"": ""悲观"", ""prob"": ""—"", ""assumption"": ""EPS 13.21（归一化 TTM 15.54 ×0.85）× 10.5×"", ""multiple"": ""10.5× PE"", ""price"": ""$138"", ""change"": ""-63%"", ""trigger"": ""最新季营收同比 <-5% 或毛利率跌破 5%""}, {""name"": ""基准"", ""prob"": ""—"", ""assumption"": ""2027E EPS 15.58（归一化 TTM ×1.00，增速取最新季营收同比的 0.7 倍并限 −5%~+20%）× 20.8×"", ""multiple"": ""20.8× PE"", ""price"": ""$324"", ""change"": ""-14%"", ""trigger"": ""营收同比维持 ≥0%""}, {""name"": ""乐观"", ""prob"": ""—"", ""assumption"": ""EPS 16.86（归一化 TTM ×1.09）× 23.9×"", ""multiple"": ""23.9× PE"", ""price"": ""$403"", ""change"": ""+8%"", ""trigger"": ""营收同比升至 ≥8%""}]",本轮最新行情、最新公告及正常化估值未逐家确认
UNP,联合太平洋,工业,观察,观察：TTM PE 22.2×（板块中位 26.9×），基准 +20% ÷ 悲观 −42% ≈ 0.47:1；最新季营收 +11.5%、毛利率 76.0%,价格 2026-09-29 收盘；财务截至 2026-06-30（单季，2026/Q2）；TTM = 最近四个单季稀释 EPS 之和（GAAP，已按拆股折算）；程序化情景规则见「研究标准」页，不是目标价。,274.15,160.0,328.0,0.471748,旧模型算术<2，非最新结论,,,保留旧结论；仅完成模型审计，未逐家公告复核,,,"[{""name"": ""悲观"", ""prob"": ""—"", ""assumption"": ""EPS 9.88（归一化 TTM 12.35 ×0.80）× 16.2×"", ""multiple"": ""16.2× PE"", ""price"": ""$160"", ""change"": ""-42%"", ""trigger"": ""最新季营收同比 <6% 或毛利率跌破 73%""}, {""name"": ""基准"", ""prob"": ""—"", ""assumption"": ""2027E EPS 13.35（归一化 TTM ×1.08，增速取最新季营收同比的 0.7 倍并限 −5%~+20%）× 24.6×"", ""multiple"": ""24.6× PE"", ""price"": ""$328"", ""change"": ""+20%"", ""trigger"": ""营收同比维持 ≥8%""}, {""name"": ""乐观"", ""prob"": ""—"", ""assumption"": ""EPS 15.33（归一化 TTM ×1.24）× 28.2×"", ""multiple"": ""28.2× PE"", ""price"": ""$433"", ""change"": ""+58%"", ""trigger"": ""营收同比升至 ≥15%""}]",本轮最新行情、最新公告及正常化估值未逐家确认
UPS,联合包裹服务,工业,条件关注,条件关注：TTM PE 17.5×（板块中位 26.9×），基准 +32% ÷ 悲观 −26% ≈ 1.22:1；最新季营收 +7.6%、毛利率 96.5%,价格 2026-09-29 收盘；财务截至 2026-06-30（单季，2026/Q2）；TTM = 最近四个单季稀释 EPS 之和（GAAP，已按拆股折算）；程序化情景规则见「研究标准」页，不是目标价。,93.93,70.0,124.0,1.256582,旧模型算术<2，非最新结论,,,保留旧结论；仅完成模型审计，未逐家公告复核,,,"[{""name"": ""悲观"", ""prob"": ""—"", ""assumption"": ""EPS 4.30（归一化 TTM 5.38 ×0.80）× 16.2×"", ""multiple"": ""16.2× PE"", ""price"": ""$70"", ""change"": ""-26%"", ""trigger"": ""最新季营收同比 <3% 或毛利率跌破 94%""}, {""name"": ""基准"", ""prob"": ""—"", ""assumption"": ""2027E EPS 5.67（归一化 TTM ×1.05，增速取最新季营收同比的 0.7 倍并限 −5%~+20%）× 21.8×"", ""multiple"": ""21.8× PE"", ""price"": ""$124"", ""change"": ""+32%"", ""trigger"": ""营收同比维持 ≥5%""}, {""name"": ""乐观"", ""prob"": ""—"", ""assumption"": ""EPS 6.38（归一化 TTM ×1.19）× 25.1×"", ""multiple"": ""25.1× PE"", ""price"": ""$160"", ""change"": ""+71%"", ""trigger"": ""营收同比升至 ≥10%""}]",本轮最新行情、最新公告及正常化估值未逐家确认
URI,联合租赁,工业,观察,观察：TTM PE 24.4×（板块中位 26.9×），基准 +14% ÷ 悲观 −47% ≈ 0.30:1；最新季营收 +11.8%、毛利率 39.3%,价格 2026-09-29 收盘；财务截至 2026-06-30（单季，2026/Q2）；TTM = 最近四个单季稀释 EPS 之和（GAAP，已按拆股折算）；程序化情景规则见「研究标准」页，不是目标价。,1014.54,538.0,1156.0,0.296848,旧模型算术<2，非最新结论,,,保留旧结论；仅完成模型审计，未逐家公告复核,,,"[{""name"": ""悲观"", ""prob"": ""—"", ""assumption"": ""EPS 33.31（归一化 TTM 41.64 ×0.80）× 16.2×"", ""multiple"": ""16.2× PE"", ""price"": ""$538"", ""change"": ""-47%"", ""trigger"": ""最新季营收同比 <6% 或毛利率跌破 36%""}, {""name"": ""基准"", ""prob"": ""—"", ""assumption"": ""2027E EPS 45.09（归一化 TTM ×1.08，增速取最新季营收同比的 0.7 倍并限 −5%~+20%）× 25.6×"", ""multiple"": ""25.6× PE"", ""price"": ""$1156"", ""change"": ""+14%"", ""trigger"": ""营收同比维持 ≥8%""}, {""name"": ""乐观"", ""prob"": ""—"", ""assumption"": ""EPS 51.88（归一化 TTM ×1.25）× 29.5×"", ""multiple"": ""29.5× PE"", ""price"": ""$1530"", ""change"": ""+51%"", ""trigger"": ""营收同比升至 ≥15%""}]",本轮最新行情、最新公告及正常化估值未逐家确认
VICI,Vici Properties,房地产,观察,观察：REIT 需 FFO 口径，本页不做估值判断；最新季营收 +5.7%、毛利率 99.3%,价格 2026-09-29 收盘；财务截至 2026-06-30（单季，2026/Q2）；TTM = 最近四个单季稀释 EPS 之和（GAAP，已按拆股折算）；程序化情景规则见「研究标准」页，不是目标价。,23.2,,,,无法统一计算（缺字段/无适用情景）,,,保留旧结论；仅完成模型审计，未逐家公告复核,,,[],本轮最新行情、最新公告及正常化估值未逐家确认
VLO,瓦莱罗能源,能源,观察,观察：TTM PE 16.1×（板块中位 16.1×），基准 +20% ÷ 悲观 −58% ≈ 0.34:1（数据稳定性存疑，见劣势）；最新季营收 +48.8%、毛利率 12.3%,价格 2026-09-29 收盘；财务截至 2026-06-30（单季，2026/Q2）；TTM = 最近四个单季稀释 EPS 之和（GAAP，已按拆股折算）；程序化情景规则见「研究标准」页，不是目标价。,387.72,163.0,465.0,0.343895,旧模型算术<2，非最新结论,,,保留旧结论；仅完成模型审计，未逐家公告复核,,,"[{""name"": ""悲观"", ""prob"": ""—"", ""assumption"": ""EPS 16.87（归一化 TTM 24.10 ×0.70）× 9.7×"", ""multiple"": ""9.7× PE"", ""price"": ""$163"", ""change"": ""-58%"", ""trigger"": ""最新季营收同比 <24% 或毛利率跌破 9%""}, {""name"": ""基准"", ""prob"": ""—"", ""assumption"": ""2027E EPS 28.92（归一化 TTM ×1.20，增速取最新季营收同比的 0.7 倍并限 −5%~+20%）× 16.1×"", ""multiple"": ""16.1× PE"", ""price"": ""$465"", ""change"": ""+20%"", ""trigger"": ""营收同比维持 ≥34%""}, {""name"": ""乐观"", ""prob"": ""—"", ""assumption"": ""EPS 35.67（归一化 TTM ×1.48）× 18.5×"", ""multiple"": ""18.5× PE"", ""price"": ""$660"", ""change"": ""+70%"", ""trigger"": ""营收同比升至 ≥63%""}]",本轮最新行情、最新公告及正常化估值未逐家确认
VLTO,Veralto,工业,观察,观察：TTM PE 24.4×（板块中位 26.9×），基准 +11% ÷ 悲观 −47% ≈ 0.23:1；最新季营收 +7.5%、毛利率 61.2%,价格 2026-09-29 收盘；财务截至 2026-07-03（单季，2026/Q2）；TTM = 最近四个单季稀释 EPS 之和（GAAP，已按拆股折算）；程序化情景规则见「研究标准」页，不是目标价。,96.65,51.0,107.0,0.226725,旧模型算术<2，非最新结论,,,保留旧结论；仅完成模型审计，未逐家公告复核,,,"[{""name"": ""悲观"", ""prob"": ""—"", ""assumption"": ""EPS 3.17（归一化 TTM 3.96 ×0.80）× 16.2×"", ""multiple"": ""16.2× PE"", ""price"": ""$51"", ""change"": ""-47%"", ""trigger"": ""最新季营收同比 <3% 或毛利率跌破 58%""}, {""name"": ""基准"", ""prob"": ""—"", ""assumption"": ""2027E EPS 4.17（归一化 TTM ×1.05，增速取最新季营收同比的 0.7 倍并限 −5%~+20%）× 25.7×"", ""multiple"": ""25.7× PE"", ""price"": ""$107"", ""change"": ""+11%"", ""trigger"": ""营收同比维持 ≥5%""}, {""name"": ""乐观"", ""prob"": ""—"", ""assumption"": ""EPS 4.69（归一化 TTM ×1.19）× 29.5×"", ""multiple"": ""29.5× PE"", ""price"": ""$139"", ""change"": ""+43%"", ""trigger"": ""营收同比升至 ≥10%""}]",本轮最新行情、最新公告及正常化估值未逐家确认
VMC,火神材料,材料,观察,观察：TTM PE 28.7×（板块中位 24.3×），基准 -6% ÷ 悲观 −64%，不成立；最新季营收 +2.5%、毛利率 29.0%,价格 2026-09-29 收盘；财务截至 2026-06-30（单季，2026/Q2）；TTM = 最近四个单季稀释 EPS 之和（GAAP，已按拆股折算）；程序化情景规则见「研究标准」页，不是目标价。,242.75,86.0,228.0,-0.094099,旧模型无正基准上行,,,保留旧结论；仅完成模型审计，未逐家公告复核,,,"[{""name"": ""悲观"", ""prob"": ""—"", ""assumption"": ""EPS 5.93（归一化 TTM 8.47 ×0.70）× 14.6×"", ""multiple"": ""14.6× PE"", ""price"": ""$86"", ""change"": ""-64%"", ""trigger"": ""最新季营收同比 <-2% 或毛利率跌破 26%""}, {""name"": ""基准"", ""prob"": ""—"", ""assumption"": ""2027E EPS 8.62（归一化 TTM ×1.02，增速取最新季营收同比的 0.7 倍并限 −5%~+20%）× 26.5×"", ""multiple"": ""26.5× PE"", ""price"": ""$228"", ""change"": ""-6%"", ""trigger"": ""营收同比维持 ≥2%""}, {""name"": ""乐观"", ""prob"": ""—"", ""assumption"": ""EPS 9.45（归一化 TTM ×1.12）× 30.4×"", ""multiple"": ""30.4× PE"", ""price"": ""$288"", ""change"": ""+18%"", ""trigger"": ""营收同比升至 ≥8%""}]",本轮最新行情、最新公告及正常化估值未逐家确认
VMRK,Vivmark Residential,房地产,观察,观察：REIT 需 FFO 口径，本页不做估值判断；最新季营收 +2.1%,价格 2026-09-29 收盘；财务截至 2026-06-30（单季，单季报）；TTM = 最近四个单季稀释 EPS 之和（GAAP，已按拆股折算）；程序化情景规则见「研究标准」页，不是目标价。,61.35,,,,无法统一计算（缺字段/无适用情景）,,,保留旧结论；仅完成模型审计，未逐家公告复核,,,[],本轮最新行情、最新公告及正常化估值未逐家确认
VRSK,Verisk分析,工业,观察,观察：TTM PE 25.5×（板块中位 26.9×），基准 +6% ÷ 悲观 −49% ≈ 0.12:1；最新季营收 +4.4%、毛利率 71.1%,价格 2026-09-29 收盘；财务截至 2026-06-30（单季，2026/Q2）；TTM = 最近四个单季稀释 EPS 之和（GAAP，已按拆股折算）；程序化情景规则见「研究标准」页，不是目标价。,165.94,84.0,176.0,0.122773,旧模型算术<2，非最新结论,,,保留旧结论；仅完成模型审计，未逐家公告复核,,,"[{""name"": ""悲观"", ""prob"": ""—"", ""assumption"": ""EPS 5.21（归一化 TTM 6.51 ×0.80）× 16.2×"", ""multiple"": ""16.2× PE"", ""price"": ""$84"", ""change"": ""-49%"", ""trigger"": ""最新季营收同比 <-1% 或毛利率跌破 68%""}, {""name"": ""基准"", ""prob"": ""—"", ""assumption"": ""2027E EPS 6.71（归一化 TTM ×1.03，增速取最新季营收同比的 0.7 倍并限 −5%~+20%）× 26.2×"", ""multiple"": ""26.2× PE"", ""price"": ""$176"", ""change"": ""+6%"", ""trigger"": ""营收同比维持 ≥3%""}, {""name"": ""乐观"", ""prob"": ""—"", ""assumption"": ""EPS 7.43（归一化 TTM ×1.14）× 30.1×"", ""multiple"": ""30.1× PE"", ""price"": ""$224"", ""change"": ""+35%"", ""trigger"": ""营收同比升至 ≥8%""}]",本轮最新行情、最新公告及正常化估值未逐家确认
VRSN,威瑞信,信息技术,观察,观察：TTM PE 30.4×（板块中位 29.1×），基准 +2% ÷ 悲观 −54% ≈ 0.04:1；最新季营收 +6.0%、毛利率 88.5%,价格 2026-09-29 收盘；财务截至 2026-06-30（单季，2026/Q2）；TTM = 最近四个单季稀释 EPS 之和（GAAP，已按拆股折算）；程序化情景规则见「研究标准」页，不是目标价。,279.84,129.0,286.0,0.040838,旧模型算术<2，非最新结论,,,保留旧结论；仅完成模型审计，未逐家公告复核,,,"[{""name"": ""悲观"", ""prob"": ""—"", ""assumption"": ""EPS 7.38（归一化 TTM 9.22 ×0.80）× 17.5×"", ""multiple"": ""17.5× PE"", ""price"": ""$129"", ""change"": ""-54%"", ""trigger"": ""最新季营收同比 <1% 或毛利率跌破 85%""}, {""name"": ""基准"", ""prob"": ""—"", ""assumption"": ""2027E EPS 9.61（归一化 TTM ×1.04，增速取最新季营收同比的 0.7 倍并限 −5%~+20%）× 29.7×"", ""multiple"": ""29.7× PE"", ""price"": ""$286"", ""change"": ""+2%"", ""trigger"": ""营收同比维持 ≥4%""}, {""name"": ""乐观"", ""prob"": ""—"", ""assumption"": ""EPS 10.74（归一化 TTM ×1.16）× 34.2×"", ""multiple"": ""34.2× PE"", ""price"": ""$367"", ""change"": ""+31%"", ""trigger"": ""营收同比升至 ≥8%""}]",本轮最新行情、最新公告及正常化估值未逐家确认
VRT,Vertiv,工业,观察,观察：TTM PE 56.2×（板块中位 26.9×），基准 -17% ÷ 悲观 −77%，不成立；最新季营收 +24.1%、毛利率 37.7%,价格 2026-09-29 收盘；财务截至 2026-06-30（单季，2026/Q2）；TTM = 最近四个单季稀释 EPS 之和（GAAP，已按拆股折算）；程序化情景规则见「研究标准」页，不是目标价。,248.34,57.0,207.0,-0.216055,旧模型无正基准上行,,,保留旧结论；仅完成模型审计，未逐家公告复核,,,"[{""name"": ""悲观"", ""prob"": ""—"", ""assumption"": ""EPS 3.54（归一化 TTM 4.42 ×0.80）× 16.2×"", ""multiple"": ""16.2× PE"", ""price"": ""$57"", ""change"": ""-77%"", ""trigger"": ""最新季营收同比 <12% 或毛利率跌破 35%""}, {""name"": ""基准"", ""prob"": ""—"", ""assumption"": ""2027E EPS 5.17（归一化 TTM ×1.17，增速取最新季营收同比的 0.7 倍并限 −5%~+20%）× 40.0×"", ""multiple"": ""40.0× PE"", ""price"": ""$207"", ""change"": ""-17%"", ""trigger"": ""营收同比维持 ≥17%""}, {""name"": ""乐观"", ""prob"": ""—"", ""assumption"": ""EPS 6.27（归一化 TTM ×1.42）× 46.0×"", ""multiple"": ""46.0× PE"", ""price"": ""$288"", ""change"": ""+16%"", ""trigger"": ""营收同比升至 ≥31%""}]",本轮最新行情、最新公告及正常化估值未逐家确认
VST,Vistra Corp.,公用事业,观察,观察：TTM PE 23.3×（板块中位 19.3×），基准 -12% ÷ 悲观 −58%，不成立（数据稳定性存疑，见劣势）；最新季营收 -5.5%、毛利率 34.6%,价格 2026-09-29 收盘；财务截至 2026-06-30（单季，2026/Q2）；TTM = 最近四个单季稀释 EPS 之和（GAAP，已按拆股折算）；程序化情景规则见「研究标准」页，不是目标价。,140.83,60.0,124.0,-0.208215,旧模型无正基准上行,,,保留旧结论；仅完成模型审计，未逐家公告复核,,,"[{""name"": ""悲观"", ""prob"": ""—"", ""assumption"": ""EPS 5.15（归一化 TTM 6.05 ×0.85）× 11.6×"", ""multiple"": ""11.6× PE"", ""price"": ""$60"", ""change"": ""-58%"", ""trigger"": ""最新季营收同比 <-10% 或毛利率跌破 32%""}, {""name"": ""基准"", ""prob"": ""—"", ""assumption"": ""2027E EPS 5.82（归一化 TTM ×0.96，增速取最新季营收同比的 0.7 倍并限 −5%~+20%）× 21.3×"", ""multiple"": ""21.3× PE"", ""price"": ""$124"", ""change"": ""-12%"", ""trigger"": ""营收同比维持 ≥0%""}, {""name"": ""乐观"", ""prob"": ""—"", ""assumption"": ""EPS 6.07（归一化 TTM ×1.00）× 24.5×"", ""multiple"": ""24.5× PE"", ""price"": ""$149"", ""change"": ""+6%"", ""trigger"": ""营收同比升至 ≥8%""}]",本轮最新行情、最新公告及正常化估值未逐家确认
VTR,芬塔公司,房地产,观察,观察：REIT 需 FFO 口径，本页不做估值判断；最新季营收 +21.7%,价格 2026-09-29 收盘；财务截至 2026-06-30（单季，单季报）；TTM = 最近四个单季稀释 EPS 之和（GAAP，已按拆股折算）；程序化情景规则见「研究标准」页，不是目标价。,86.91,,,,无法统一计算（缺字段/无适用情景）,,,保留旧结论；仅完成模型审计，未逐家公告复核,,,[],本轮最新行情、最新公告及正常化估值未逐家确认
VZ,威瑞森通讯(Verizon),通信服务,观察,观察：TTM PE 12.0×（板块中位 17.1×），基准 +21% ÷ 悲观 −31% ≈ 0.66:1；最新季营收 -0.7%、毛利率 61.8%,价格 2026-09-29 收盘；财务截至 2026-06-30（单季，2026/Q2）；TTM = 最近四个单季稀释 EPS 之和（GAAP，已按拆股折算）；程序化情景规则见「研究标准」页，不是目标价。,45.98,32.0,56.0,0.716738,旧模型算术<2，非最新结论,,,保留旧结论；仅完成模型审计，未逐家公告复核,,,"[{""name"": ""悲观"", ""prob"": ""—"", ""assumption"": ""EPS 3.07（归一化 TTM 3.84 ×0.80）× 10.3×"", ""multiple"": ""10.3× PE"", ""price"": ""$32"", ""change"": ""-31%"", ""trigger"": ""最新季营收同比 <-6% 或毛利率跌破 59%""}, {""name"": ""基准"", ""prob"": ""—"", ""assumption"": ""2027E EPS 3.82（归一化 TTM ×0.99，增速取最新季营收同比的 0.7 倍并限 −5%~+20%）× 14.5×"", ""multiple"": ""14.5× PE"", ""price"": ""$56"", ""change"": ""+21%"", ""trigger"": ""营收同比维持 ≥0%""}, {""name"": ""乐观"", ""prob"": ""—"", ""assumption"": ""EPS 4.11（归一化 TTM ×1.07）× 16.7×"", ""multiple"": ""16.7× PE"", ""price"": ""$69"", ""change"": ""+49%"", ""trigger"": ""营收同比升至 ≥8%""}]",本轮最新行情、最新公告及正常化估值未逐家确认
WAB,美国西屋制动,工业,观察,观察：TTM PE 39.1×（板块中位 26.9×），基准 -5% ÷ 悲观 −71%，不成立；最新季营收 +17.5%、毛利率 36.5%,价格 2026-09-29 收盘；财务截至 2026-06-30（单季，2026/Q2）；TTM = 最近四个单季稀释 EPS 之和（GAAP，已按拆股折算）；程序化情景规则见「研究标准」页，不是目标价。,291.23,84.0,276.0,-0.073493,旧模型无正基准上行,,,保留旧结论；仅完成模型审计，未逐家公告复核,,,"[{""name"": ""悲观"", ""prob"": ""—"", ""assumption"": ""EPS 5.21（归一化 TTM 7.44 ×0.70）× 16.2×"", ""multiple"": ""16.2× PE"", ""price"": ""$84"", ""change"": ""-71%"", ""trigger"": ""最新季营收同比 <9% 或毛利率跌破 34%""}, {""name"": ""基准"", ""prob"": ""—"", ""assumption"": ""2027E EPS 8.35（归一化 TTM ×1.12，增速取最新季营收同比的 0.7 倍并限 −5%~+20%）× 33.0×"", ""multiple"": ""33.0× PE"", ""price"": ""$276"", ""change"": ""-5%"", ""trigger"": ""营收同比维持 ≥12%""}, {""name"": ""乐观"", ""prob"": ""—"", ""assumption"": ""EPS 9.86（归一化 TTM ×1.32）× 38.0×"", ""multiple"": ""38.0× PE"", ""price"": ""$374"", ""change"": ""+29%"", ""trigger"": ""营收同比升至 ≥23%""}]",本轮最新行情、最新公告及正常化估值未逐家确认
WBD,华纳兄弟探索,通信服务,回避,回避：TTM 亏损，PE 不适用；最新季营收 -11.2%、毛利率 47.0%,价格 2026-09-29 收盘；财务截至 2026-06-30（单季，2026/Q2）；TTM = 最近四个单季稀释 EPS 之和（GAAP，已按拆股折算）；程序化情景规则见「研究标准」页，不是目标价。,30.85,,,,无法统一计算（缺字段/无适用情景）,,,保留旧结论；仅完成模型审计，未逐家公告复核,,,[],本轮最新行情、最新公告及正常化估值未逐家确认
WEC,WEC能源,公用事业,观察,观察：TTM PE 19.9×（板块中位 19.3×），基准 +0% ÷ 悲观 −50% ≈ 0.01:1；最新季营收 +2.6%、毛利率 73.1%,价格 2026-09-29 收盘；财务截至 2026-06-30（单季，2026/Q2）；TTM = 最近四个单季稀释 EPS 之和（GAAP，已按拆股折算）；程序化情景规则见「研究标准」页，不是目标价。,102.58,51.0,103.0,0.008143,旧模型算术<2，非最新结论,,,保留旧结论；仅完成模型审计，未逐家公告复核,,,"[{""name"": ""悲观"", ""prob"": ""—"", ""assumption"": ""EPS 4.39（归一化 TTM 5.16 ×0.85）× 11.6×"", ""multiple"": ""11.6× PE"", ""price"": ""$51"", ""change"": ""-50%"", ""trigger"": ""最新季营收同比 <-2% 或毛利率跌破 70%""}, {""name"": ""基准"", ""prob"": ""—"", ""assumption"": ""2027E EPS 5.25（归一化 TTM ×1.02，增速取最新季营收同比的 0.7 倍并限 −5%~+20%）× 19.6×"", ""multiple"": ""19.6× PE"", ""price"": ""$103"", ""change"": ""+0%"", ""trigger"": ""营收同比维持 ≥2%""}, {""name"": ""乐观"", ""prob"": ""—"", ""assumption"": ""EPS 5.76（归一化 TTM ×1.12）× 22.5×"", ""multiple"": ""22.5× PE"", ""price"": ""$130"", ""change"": ""+27%"", ""trigger"": ""营收同比升至 ≥8%""}]",本轮最新行情、最新公告及正常化估值未逐家确认
WELL,Welltower,房地产,观察,观察：REIT 需 FFO 口径，本页不做估值判断；最新季营收 +39.1%,价格 2026-09-29 收盘；财务截至 2026-06-30（单季，单季报）；TTM = 最近四个单季稀释 EPS 之和（GAAP，已按拆股折算）；程序化情景规则见「研究标准」页，不是目标价。,232.9,,,,无法统一计算（缺字段/无适用情景）,,,保留旧结论；仅完成模型审计，未逐家公告复核,,,[],本轮最新行情、最新公告及正常化估值未逐家确认
WM,美国废物管理,工业,观察,观察：TTM PE 29.3×（板块中位 26.9×），基准 -1% ÷ 悲观 −56%，不成立；最新季营收 +4.0%、毛利率 40.8%,价格 2026-09-29 收盘；财务截至 2026-06-30（单季，2026/Q2）；TTM = 最近四个单季稀释 EPS 之和（GAAP，已按拆股折算）；程序化情景规则见「研究标准」页，不是目标价。,207.09,91.0,204.0,-0.026617,旧模型无正基准上行,,,保留旧结论；仅完成模型审计，未逐家公告复核,,,"[{""name"": ""悲观"", ""prob"": ""—"", ""assumption"": ""EPS 5.65（归一化 TTM 7.06 ×0.80）× 16.2×"", ""multiple"": ""16.2× PE"", ""price"": ""$91"", ""change"": ""-56%"", ""trigger"": ""最新季营收同比 <-1% 或毛利率跌破 38%""}, {""name"": ""基准"", ""prob"": ""—"", ""assumption"": ""2027E EPS 7.26（归一化 TTM ×1.03，增速取最新季营收同比的 0.7 倍并限 −5%~+20%）× 28.1×"", ""multiple"": ""28.1× PE"", ""price"": ""$204"", ""change"": ""-1%"", ""trigger"": ""营收同比维持 ≥3%""}, {""name"": ""乐观"", ""prob"": ""—"", ""assumption"": ""EPS 8.02（归一化 TTM ×1.14）× 32.3×"", ""multiple"": ""32.3× PE"", ""price"": ""$259"", ""change"": ""+25%"", ""trigger"": ""营收同比升至 ≥8%""}]",本轮最新行情、最新公告及正常化估值未逐家确认
WMB,威廉姆斯,能源,观察,观察：TTM PE 27.4×（板块中位 16.1×），基准 -15% ÷ 悲观 −75%，不成立；最新季营收 +9.8%、毛利率 83.3%,价格 2026-09-29 收盘；财务截至 2026-06-30（单季，2026/Q2）；TTM = 最近四个单季稀释 EPS 之和（GAAP，已按拆股折算）；程序化情景规则见「研究标准」页，不是目标价。,68.63,17.0,58.0,-0.205888,旧模型无正基准上行,,,保留旧结论；仅完成模型审计，未逐家公告复核,,,"[{""name"": ""悲观"", ""prob"": ""—"", ""assumption"": ""EPS 1.76（归一化 TTM 2.51 ×0.70）× 9.7×"", ""multiple"": ""9.7× PE"", ""price"": ""$17"", ""change"": ""-75%"", ""trigger"": ""最新季营收同比 <5% 或毛利率跌破 80%""}, {""name"": ""基准"", ""prob"": ""—"", ""assumption"": ""2027E EPS 2.68（归一化 TTM ×1.07，增速取最新季营收同比的 0.7 倍并限 −5%~+20%）× 21.7×"", ""multiple"": ""21.7× PE"", ""price"": ""$58"", ""change"": ""-15%"", ""trigger"": ""营收同比维持 ≥7%""}, {""name"": ""乐观"", ""prob"": ""—"", ""assumption"": ""EPS 3.05（归一化 TTM ×1.22）× 25.0×"", ""multiple"": ""25.0× PE"", ""price"": ""$76"", ""change"": ""+11%"", ""trigger"": ""营收同比升至 ≥13%""}]",本轮最新行情、最新公告及正常化估值未逐家确认
WMT,沃尔玛,日常消费,观察,观察：TTM PE 38.6×（板块中位 20.8×），基准 -20% ÷ 悲观 −72%，不成立；最新季营收 +5.9%、毛利率 26.1%,价格 2026-09-29 收盘；财务截至 2026-07-31（单季，2026/Q2）；TTM = 最近四个单季稀释 EPS 之和（GAAP，已按拆股折算）；程序化情景规则见「研究标准」页，不是目标价。,106.8,29.0,86.0,-0.267352,旧模型无正基准上行,,,保留旧结论；仅完成模型审计，未逐家公告复核,,,"[{""name"": ""悲观"", ""prob"": ""—"", ""assumption"": ""EPS 2.35（归一化 TTM 2.77 ×0.85）× 12.5×"", ""multiple"": ""12.5× PE"", ""price"": ""$29"", ""change"": ""-72%"", ""trigger"": ""最新季营收同比 <1% 或毛利率跌破 23%""}, {""name"": ""基准"", ""prob"": ""—"", ""assumption"": ""2027E EPS 2.89（归一化 TTM ×1.04，增速取最新季营收同比的 0.7 倍并限 −5%~+20%）× 29.7×"", ""multiple"": ""29.7× PE"", ""price"": ""$86"", ""change"": ""-20%"", ""trigger"": ""营收同比维持 ≥4%""}, {""name"": ""乐观"", ""prob"": ""—"", ""assumption"": ""EPS 3.22（归一化 TTM ×1.16）× 34.1×"", ""multiple"": ""34.1× PE"", ""price"": ""$110"", ""change"": ""+3%"", ""trigger"": ""营收同比升至 ≥8%""}]",本轮最新行情、最新公告及正常化估值未逐家确认
WRB,WR柏克利,金融,观察,观察：TTM PE 14.0×（板块中位 14.8×），基准 +4% ÷ 悲观 −49% ≈ 0.08:1；最新季营收 +1.2%,价格 2026-09-29 收盘；财务截至 2026-06-30（单季，单季报）；TTM = 最近四个单季稀释 EPS 之和（GAAP，已按拆股折算）；程序化情景规则见「研究标准」页，不是目标价。,68.22,35.0,71.0,0.083685,旧模型算术<2，非最新结论,,,保留旧结论；仅完成模型审计，未逐家公告复核,,,"[{""name"": ""悲观"", ""prob"": ""—"", ""assumption"": ""EPS 3.90（归一化 TTM 4.87 ×0.80）× 8.9×"", ""multiple"": ""8.9× PE"", ""price"": ""$35"", ""change"": ""-49%"", ""trigger"": ""最新季营收同比 <-4%""}, {""name"": ""基准"", ""prob"": ""—"", ""assumption"": ""2027E EPS 4.91（归一化 TTM ×1.01，增速取最新季营收同比的 0.7 倍并限 −5%~+20%）× 14.4×"", ""multiple"": ""14.4× PE"", ""price"": ""$71"", ""change"": ""+4%"", ""trigger"": ""营收同比维持 ≥1%""}, {""name"": ""乐观"", ""prob"": ""—"", ""assumption"": ""EPS 5.34（归一化 TTM ×1.10）× 16.6×"", ""multiple"": ""16.6× PE"", ""price"": ""$89"", ""change"": ""+30%"", ""trigger"": ""营收同比升至 ≥8%""}]",本轮最新行情、最新公告及正常化估值未逐家确认
WTW,Willis Towers Watson,金融,观察,观察：TTM PE 17.7×（板块中位 14.8×），基准 -2% ÷ 悲观 −60%，不成立；最新季营收 +9.1%,价格 2026-09-29 收盘；财务截至 2026-06-30（单季，2026/Q2）；TTM = 最近四个单季稀释 EPS 之和（GAAP，已按拆股折算）；程序化情景规则见「研究标准」页，不是目标价。,288.57,116.0,282.0,-0.038072,旧模型无正基准上行,,,保留旧结论；仅完成模型审计，未逐家公告复核,,,"[{""name"": ""悲观"", ""prob"": ""—"", ""assumption"": ""EPS 13.01（归一化 TTM 16.26 ×0.80）× 8.9×"", ""multiple"": ""8.9× PE"", ""price"": ""$116"", ""change"": ""-60%"", ""trigger"": ""最新季营收同比 <4%""}, {""name"": ""基准"", ""prob"": ""—"", ""assumption"": ""2027E EPS 17.29（归一化 TTM ×1.06，增速取最新季营收同比的 0.7 倍并限 −5%~+20%）× 16.3×"", ""multiple"": ""16.3× PE"", ""price"": ""$282"", ""change"": ""-2%"", ""trigger"": ""营收同比维持 ≥6%""}, {""name"": ""乐观"", ""prob"": ""—"", ""assumption"": ""EPS 19.62（归一化 TTM ×1.21）× 18.7×"", ""multiple"": ""18.7× PE"", ""price"": ""$368"", ""change"": ""+27%"", ""trigger"": ""营收同比升至 ≥12%""}]",本轮最新行情、最新公告及正常化估值未逐家确认
WY,惠好,房地产,观察,观察：REIT 需 FFO 口径，本页不做估值判断；最新季营收 -0.9%、毛利率 16.7%,价格 2026-09-29 收盘；财务截至 2026-06-30（单季，2026/Q2）；TTM = 最近四个单季稀释 EPS 之和（GAAP，已按拆股折算）；程序化情景规则见「研究标准」页，不是目标价。,19.55,,,,无法统一计算（缺字段/无适用情景）,,,保留旧结论；仅完成模型审计，未逐家公告复核,,,[],本轮最新行情、最新公告及正常化估值未逐家确认
XEL,埃克西尔能源,公用事业,观察,观察：TTM PE 19.4×（板块中位 19.3×），基准 -4% ÷ 悲观 −49%，不成立；最新季营收 -5.1%、毛利率 75.2%,价格 2026-09-29 收盘；财务截至 2026-06-30（单季，2026/Q2）；TTM = 最近四个单季稀释 EPS 之和（GAAP，已按拆股折算）；程序化情景规则见「研究标准」页，不是目标价。,70.69,36.0,68.0,-0.077544,旧模型无正基准上行,,,保留旧结论；仅完成模型审计，未逐家公告复核,,,"[{""name"": ""悲观"", ""prob"": ""—"", ""assumption"": ""EPS 3.10（归一化 TTM 3.65 ×0.85）× 11.6×"", ""multiple"": ""11.6× PE"", ""price"": ""$36"", ""change"": ""-49%"", ""trigger"": ""最新季营收同比 <-10% 或毛利率跌破 72%""}, {""name"": ""基准"", ""prob"": ""—"", ""assumption"": ""2027E EPS 3.52（归一化 TTM ×0.96，增速取最新季营收同比的 0.7 倍并限 −5%~+20%）× 19.3×"", ""multiple"": ""19.3× PE"", ""price"": ""$68"", ""change"": ""-4%"", ""trigger"": ""营收同比维持 ≥0%""}, {""name"": ""乐观"", ""prob"": ""—"", ""assumption"": ""EPS 3.68（归一化 TTM ×1.01）× 22.2×"", ""multiple"": ""22.2× PE"", ""price"": ""$82"", ""change"": ""+16%"", ""trigger"": ""营收同比升至 ≥8%""}]",本轮最新行情、最新公告及正常化估值未逐家确认
XOM,埃克森美孚,能源,观察,观察：TTM PE 20.8×（板块中位 16.1×），基准 +6% ÷ 悲观 −67% ≈ 0.10:1（数据稳定性存疑，见劣势）；最新季营收 +42.3%、毛利率 41.6%,价格 2026-09-29 收盘；财务截至 2026-06-30（单季，2026/Q2）；TTM = 最近四个单季稀释 EPS 之和（GAAP，已按拆股折算）；程序化情景规则见「研究标准」页，不是目标价。,161.35,53.0,172.0,0.098293,旧模型算术<2，非最新结论,,,保留旧结论；仅完成模型审计，未逐家公告复核,,,"[{""name"": ""悲观"", ""prob"": ""—"", ""assumption"": ""EPS 5.44（归一化 TTM 7.77 ×0.70）× 9.7×"", ""multiple"": ""9.7× PE"", ""price"": ""$53"", ""change"": ""-67%"", ""trigger"": ""最新季营收同比 <21% 或毛利率跌破 39%""}, {""name"": ""基准"", ""prob"": ""—"", ""assumption"": ""2027E EPS 9.32（归一化 TTM ×1.20，增速取最新季营收同比的 0.7 倍并限 −5%~+20%）× 18.4×"", ""multiple"": ""18.4× PE"", ""price"": ""$172"", ""change"": ""+6%"", ""trigger"": ""营收同比维持 ≥30%""}, {""name"": ""乐观"", ""prob"": ""—"", ""assumption"": ""EPS 11.50（归一化 TTM ×1.48）× 21.2×"", ""multiple"": ""21.2× PE"", ""price"": ""$244"", ""change"": ""+51%"", ""trigger"": ""营收同比升至 ≥55%""}]",本轮最新行情、最新公告及正常化估值未逐家确认
XYL,赛莱默,工业,观察,观察：TTM PE 24.0×（板块中位 26.9×），基准 +7% ÷ 悲观 −53% ≈ 0.14:1；最新季营收 +1.5%、毛利率 41.2%,价格 2026-09-29 收盘；财务截至 2026-06-30（单季，2026/Q2）；TTM = 最近四个单季稀释 EPS 之和（GAAP，已按拆股折算）；程序化情景规则见「研究标准」页，不是目标价。,100.93,48.0,108.0,0.133573,旧模型算术<2，非最新结论,,,保留旧结论；仅完成模型审计，未逐家公告复核,,,"[{""name"": ""悲观"", ""prob"": ""—"", ""assumption"": ""EPS 2.94（归一化 TTM 4.20 ×0.70）× 16.2×"", ""multiple"": ""16.2× PE"", ""price"": ""$48"", ""change"": ""-53%"", ""trigger"": ""最新季营收同比 <-3% 或毛利率跌破 38%""}, {""name"": ""基准"", ""prob"": ""—"", ""assumption"": ""2027E EPS 4.25（归一化 TTM ×1.01，增速取最新季营收同比的 0.7 倍并限 −5%~+20%）× 25.5×"", ""multiple"": ""25.5× PE"", ""price"": ""$108"", ""change"": ""+7%"", ""trigger"": ""营收同比维持 ≥1%""}, {""name"": ""乐观"", ""prob"": ""—"", ""assumption"": ""EPS 4.63（归一化 TTM ×1.10）× 29.3×"", ""multiple"": ""29.3× PE"", ""price"": ""$136"", ""change"": ""+34%"", ""trigger"": ""营收同比升至 ≥8%""}]",本轮最新行情、最新公告及正常化估值未逐家确认
ZBRA,斑马技术,信息技术,观察,观察：TTM PE 34.4×（板块中位 29.1×），基准 +5% ÷ 悲观 −59% ≈ 0.09:1；最新季营收 +20.4%、毛利率 53.0%,价格 2026-09-29 收盘；财务截至 2026-07-04（单季，2026/Q2）；TTM = 最近四个单季稀释 EPS 之和（GAAP，已按拆股折算）；程序化情景规则见「研究标准」页，不是目标价。,375.97,153.0,397.0,0.094318,旧模型算术<2，非最新结论,,,保留旧结论；仅完成模型审计，未逐家公告复核,,,"[{""name"": ""悲观"", ""prob"": ""—"", ""assumption"": ""EPS 8.74（归一化 TTM 10.93 ×0.80）× 17.5×"", ""multiple"": ""17.5× PE"", ""price"": ""$153"", ""change"": ""-59%"", ""trigger"": ""最新季营收同比 <10% 或毛利率跌破 50%""}, {""name"": ""基准"", ""prob"": ""—"", ""assumption"": ""2027E EPS 12.49（归一化 TTM ×1.14，增速取最新季营收同比的 0.7 倍并限 −5%~+20%）× 31.7×"", ""multiple"": ""31.7× PE"", ""price"": ""$397"", ""change"": ""+5%"", ""trigger"": ""营收同比维持 ≥14%""}, {""name"": ""乐观"", ""prob"": ""—"", ""assumption"": ""EPS 14.93（归一化 TTM ×1.37）× 36.5×"", ""multiple"": ""36.5× PE"", ""price"": ""$545"", ""change"": ""+45%"", ""trigger"": ""营收同比升至 ≥27%""}]",本轮最新行情、最新公告及正常化估值未逐家确认
